"TOA5","CR200Series_305","CR200X","No_SN","CR200X.Std.03","Sapflux2sensors1.CR2","63887","Table2"
"TIMESTAMP","RECORD","BattV_Min","id","SDI1","SapFlwTot1","VhOut1","VhIn1","AlphaOut1","AlphaIn1","BetaOut1","BetaIn1","tMaxTout1","tMaxTin1"
"TS","RN","Volts","","","unit","unit","unit","unit","unit","unit","unit","unit","unit"
"","","Min","Smp","Smp","Smp","Smp","Smp","Smp","Smp","Smp","Smp","Smp","Smp"
"2025-04-15 10:30:00",16373,12.94247,305,1,0.09,0.6,2.07,0.05306,0.18279,0.02583,0.0193,61.596,48.993
"2025-04-15 11:00:00",16374,12.85433,305,1,0.106,0.79,2.31,0.07015,0.20481,0.03909,0.02848,60.281,48.245
"2025-04-15 11:30:00",16375,12.85517,305,1,0.101,0.75,2.2,0.06618,0.19446,0.03719,0.02196,60.028,48.668
"2025-04-15 12:00:00",16376,12.85936,305,1,0.08,0.55,1.81,0.04859,0.16042,0.02254,0,60.934,48.473
"2025-04-15 12:30:00",16377,12.86608,305,1,0.084,0.63,1.83,0.05552,0.1617,0.02689,0,60.217,47.34
"2025-04-15 13:00:00",16378,12.8686,305,1,0.099,0.71,2.21,0.06256,0.19602,0.0333,0.0198,59.23,47.862
"2025-04-15 13:30:00",16379,12.87112,305,1,0.1,0.7,2.26,0.06177,0.20043,0.02756,0.0199,58.495,48.118
"2025-04-15 14:00:00",16380,12.86944,305,1,0.074,0.56,1.61,0.04982,0.1427,0.01882,-0.01793,58.517,46.986
"2025-04-15 14:30:00",16381,12.86944,305,1,0.045,0.32,1.02,0.0286,0.09045,0.00426,-0.05201,58.125,46.175
"2025-04-15 15:00:00",16382,12.85601,305,1,0.028,0.2,0.63,0.01738,0.05547,-0.00837,-0.07463,57.974,45.761
"2025-04-15 15:30:00",16383,12.86272,305,1,0.022,0.12,0.54,0.01072,0.0475,-0.00835,-0.07679,58.478,46.099
"2025-04-15 16:00:00",16384,12.85181,305,1,0.031,0.19,0.73,0.01704,0.06484,-0.00419,-0.06039,58.956,45.062
"2025-04-15 16:30:00",16385,12.86104,305,1,0.057,0.5,1.14,0.0446,0.10133,0.0248,-0.03525,63.565,47.02
"2025-04-15 17:00:00",16386,12.85097,305,1,0.092,0.73,1.97,0.0644,0.17434,-99,0.02135,-99,49.507
"2025-04-15 17:30:00",16387,12.86776,305,1,0.091,0.68,1.98,0.06034,0.17562,0.0256,0,58.805,45.34
"2025-04-15 18:00:00",16388,12.86104,305,1,0.122,0.86,2.75,0.07642,0.24329,0.03862,0.0555,58.39,49.516
"2025-04-15 18:30:00",16389,12.86944,305,1,0.1,0.71,2.23,0.06283,0.19779,0.02923,0.01338,59.518,47.299
"2025-04-15 19:00:00",16390,12.8686,305,1,0.082,0.59,1.82,0.05218,0.1615,0.02514,-0.01123,58.677,48.811
"2025-04-15 19:30:00",16391,12.86776,305,1,0.054,0.37,1.23,0.03233,0.1087,0.00828,-0.03837,58.155,48.859
"2025-04-15 20:00:00",16392,12.85769,305,1,0.024,0.12,0.6,0.01091,0.05301,-0.01053,-0.07919,57.074,44.434
"2025-04-15 20:30:00",16393,12.86524,305,1,0.01,-0.02,0.33,-0.00223,0.02923,-0.02305,-0.09529,57.661,45.854
"2025-04-15 21:00:00",16394,12.85265,305,1,-0.006,-0.16,0,-0.01493,0,-0.02889,-0.10875,58.139,45.916
"2025-04-15 21:30:00",16395,12.86524,305,1,-0.006,-0.14,-0.05,-0.01293,-0.00529,-0.02913,-0.11351,58.39,44.651
"2025-04-15 22:00:00",16396,12.86272,305,1,-0.009,-0.16,-0.11,-0.01501,-0.01061,-0.02909,-0.11325,57.303,44.501
"2025-04-15 22:30:00",16397,12.85769,305,1,-0.011,-0.21,-0.11,-0.01939,-0.01061,-0.03533,-0.11565,59.367,44.625
"2025-04-15 23:00:00",16398,12.84929,305,1,-0.014,-0.19,-0.23,-0.01733,-0.02125,-0.03139,-0.12017,57.435,42.275
"2025-04-15 23:30:00",16399,12.85936,305,1,-0.015,-0.21,-0.23,-0.01929,-0.02121,-0.03315,-0.12233,57.579,44.519
"2025-04-16 00:00:00",16400,12.84174,305,1,-0.017,-0.26,-0.23,-0.02371,-0.02113,-0.03533,-0.12233,57.688,44.779
"2025-04-16 00:30:00",16401,12.85769,305,1,-0.019,-0.26,-0.29,-0.02387,-0.02647,-0.03975,-0.12689,58.667,44.753
"2025-04-16 01:00:00",16402,12.84761,305,1,-0.016,-0.21,-0.26,-0.01965,-0.02401,-0.03371,-0.12535,56.442,44.2
"2025-04-16 01:30:00",16403,12.84425,305,1,-0.018,-0.25,-0.26,-0.02339,-0.02381,-0.03711,-0.12017,58.834,46.017
"2025-04-16 02:00:00",16404,12.83586,305,1,-0.015,-0.21,-0.23,-0.01945,-0.02113,-0.03135,-0.12233,57.342,45.935
"2025-04-16 02:30:00",16405,12.84593,305,1,-0.018,-0.23,-0.29,-0.02157,-0.02647,-0.03337,-0.12713,56.979,44.314
"2025-04-16 03:00:00",16406,12.83334,305,1,-0.017,-0.24,-0.26,-0.02173,-0.02393,-0.03565,-0.12295,58.218,44.148
"2025-04-16 03:30:00",16407,12.84341,305,1,-0.016,-0.21,-0.26,-0.01947,-0.02393,-0.03559,-0.12501,58.367,44.451
"2025-04-16 04:00:00",16408,12.84425,305,1,-0.018,-0.26,-0.26,-0.02371,-0.02385,-0.03533,-0.12501,58.033,44.947
"2025-04-16 04:30:00",16409,12.84593,305,1,-0.018,-0.21,-0.32,-0.01949,-0.02923,-0.03559,-0.12501,57.436,43.256
"2025-04-16 05:00:00",16410,12.83082,305,1,-0.016,-0.24,-0.23,-0.02173,-0.02125,-0.03565,-0.12045,56.991,44.745
"2025-04-16 05:30:00",16411,12.84006,305,1,-0.016,-0.21,-0.26,-0.01945,-0.02393,-0.03543,-0.12295,57.964,44.715
"2025-04-16 06:00:00",16412,12.82579,305,1,-0.021,-0.28,-0.32,-0.02579,-0.02919,-0.03943,-0.12713,57.254,44.847
"2025-04-16 06:30:00",16413,12.8325,305,1,-0.015,-0.18,-0.26,-0.01721,-0.02381,-0.03333,-0.12017,57.909,45.248
"2025-04-16 07:00:00",16414,12.82914,305,1,0.001,-0.09,0.15,-0.00851,0.01305,-0.02457,-0.10109,58.775,45.266
"2025-04-16 07:30:00",16415,12.81991,305,1,0.029,0.14,0.73,0.01253,0.06484,-0.01017,-0.06719,59.06,45.143
"2025-04-16 08:00:00",16416,12.83838,305,1,0.041,0.23,0.99,0.02074,0.08742,0,-0.05111,59.433,47.186
"2025-04-16 08:30:00",16417,12.83754,305,1,0.06,0.4,1.38,0.03498,0.12226,0.012,-0.02645,59.019,46.522
"2025-04-16 09:00:00",16418,12.82914,305,1,0.086,0.67,1.85,0.05966,0.1639,0.03697,0.00217,62.73,46.993
"2025-04-16 09:30:00",16419,12.84174,305,1,0.087,0.58,2,0.05105,0.17687,0.0278,0.01296,61.47,47.994
"2025-04-16 10:00:00",16420,12.84761,305,1,0.105,0.79,2.28,0.06998,0.2017,0.03999,0.0261,61.251,48.195
"2025-04-16 10:30:00",16421,12.8409,305,1,0.107,0.79,2.36,0.07009,0.20864,0.04495,0.03226,64.359,49.783
"2025-04-16 11:00:00",16422,12.85769,305,1,0.114,0.88,2.45,0.07792,0.21706,0.05065,0.04061,60.308,51.586
"2025-04-16 11:30:00",16423,12.85013,305,1,0.124,1.02,2.6,0.09016,0.23054,0.05368,0.04982,60.477,49.246
"2025-04-16 12:00:00",16424,12.86188,305,1,0.121,0.87,2.69,0.07662,0.23842,0.05639,0.05935,65.154,51.271
"2025-04-16 12:30:00",16425,12.86776,305,1,0.125,0.97,2.7,0.08568,0.2392,0.06984,0.06943,65.822,49.846
"2025-04-16 13:00:00",16426,12.87615,305,1,0.127,1.02,2.67,0.09055,0.23652,0.07015,0.0649,65.835,50.967
"2025-04-16 13:30:00",16427,12.87447,305,1,0.118,0.97,2.47,0.0859,0.21874,0.07076,0.07552,68.693,55.236
"2025-04-16 14:00:00",16428,12.87699,305,1,0.149,1.64,2.57,0.14553,0.22738,0.11111,0.06276,66.143,50.607
"2025-04-16 14:30:00",16429,12.87363,305,1,0.108,0.7,2.52,0.06176,0.22312,0.05649,0.0587,60.034,49.349
"2025-04-16 15:00:00",16430,12.87615,305,1,0.091,0.51,2.22,0.04554,0.1967,0.00648,0.03204,57.331,46.385
"2025-04-16 15:30:00",16431,12.88706,305,1,0.112,0.82,2.47,0.07292,0.21898,0.0403,0.03113,59.416,47.214
"2025-04-16 16:00:00",16432,12.8879,305,1,0.105,0.69,2.41,0.06072,0.21358,0.02804,0.02242,58.251,48.132
"2025-04-16 16:30:00",16433,12.89126,305,1,0.168,2.24,2.35,0.19807,0.20796,-99,0.04047,-99,52.018
"2025-04-16 17:00:00",16434,12.88706,305,1,0.095,0.74,2.05,0.06538,0.18188,0.05167,0.02966,66.598,50.78
"2025-04-16 17:30:00",16435,12.89126,305,1,0.079,0.55,1.78,0.04878,0.15794,0.0132,-0.01831,56.812,45.842
"2025-04-16 18:00:00",16436,12.88706,305,1,0.075,0.52,1.7,0.04607,0.15032,0.01092,-0.02287,57.137,46.167
"2025-04-16 18:30:00",16437,12.8879,305,1,0.07,0.5,1.55,0.04404,0.13746,0.0148,-0.02727,58.539,46.315
"2025-04-16 19:00:00",16438,12.88203,305,1,0.06,0.43,1.35,0.03781,0.11906,0.00848,-0.04325,57.169,46.349
"2025-04-16 19:30:00",16439,12.87783,305,1,0.042,0.28,0.95,0.02472,0.08413,-0.00429,-0.06395,56.45,45.209
"2025-04-16 20:00:00",16440,12.86104,305,1,0.02,0.1,0.49,0.00886,0.04344,-0.01277,-0.08721,58.036,45.381
"2025-04-16 20:30:00",16441,12.86608,305,1,0.003,-0.07,0.18,-0.00667,0.0163,-0.02769,-0.10563,56.518,44.122
"2025-04-16 21:00:00",16442,12.86776,305,1,-0.004,-0.11,0,-0.01095,0,-0.02943,-0.11265,57.018,43.519
"2025-04-16 21:30:00",16443,12.86104,305,1,-0.011,-0.21,-0.11,-0.01987,-0.01087,-0.03601,-0.11941,57.016,43.935
"2025-04-16 22:00:00",16444,12.84761,305,1,-0.013,-0.19,-0.2,-0.01755,-0.01901,-0.03379,-0.12433,56.24,44.835
"2025-04-16 22:30:00",16445,12.8409,305,1,-0.019,-0.24,-0.32,-0.02185,-0.02965,-0.03995,-0.12833,57.94,43.858
"2025-04-16 23:00:00",16446,12.84593,305,1,-0.021,-0.28,-0.32,-0.02601,-0.02965,-0.03757,-0.12833,57.429,44.078
"2025-04-16 23:30:00",16447,12.8409,305,1,-0.022,-0.28,-0.35,-0.02601,-0.03229,-0.03757,-0.13073,56.808,44.393
"2025-04-17 00:00:00",16448,12.82411,305,1,-0.021,-0.26,-0.35,-0.02413,-0.03229,-0.03803,-0.13293,57.345,43.675
"2025-04-17 00:30:00",16449,12.8325,305,1,-0.024,-0.28,-0.41,-0.02593,-0.03759,-0.03967,-0.13507,56.956,44.705
"2025-04-17 01:00:00",16450,12.81907,305,1,-0.023,-0.28,-0.38,-0.02593,-0.03487,-0.03967,-0.13049,58.073,44.141
"2025-04-17 01:30:00",16451,12.81655,305,1,-0.023,-0.28,-0.38,-0.02589,-0.03487,-0.03957,-0.13263,57.227,44.709
"2025-04-17 02:00:00",16452,12.81403,305,1,-0.025,-0.29,-0.45,-0.02631,-0.04053,-0.04005,-0.13323,56.989,44.467
"2025-04-17 02:30:00",16453,12.81907,305,1,-0.021,-0.26,-0.35,-0.02377,-0.03205,-0.03753,-0.13019,57.754,44.241
"2025-04-17 03:00:00",16454,12.80732,305,1,-0.025,-0.31,-0.41,-0.02801,-0.03749,-0.03953,-0.13263,56.993,44.731
"2025-04-17 03:30:00",16455,12.81739,305,1,-0.026,-0.31,-0.44,-0.02797,-0.04021,-0.03743,-0.13507,58.224,44.282
"2025-04-17 04:00:00",16456,12.8132,305,1,-0.026,-0.33,-0.41,-0.03029,-0.03737,-0.03967,-0.13479,56.837,44.575
"2025-04-17 04:30:00",16457,12.81068,305,1,-0.027,-0.31,-0.47,-0.02797,-0.04259,-0.03953,-0.13479,58.12,45.016
"2025-04-17 05:00:00",16458,12.80144,305,1,-0.026,-0.31,-0.44,-0.02801,-0.03999,-0.04161,-0.13479,56.796,43.85
"2025-04-17 05:30:00",16459,12.81068,305,1,-0.027,-0.33,-0.44,-0.03029,-0.03999,-0.03967,-0.13479,57.225,44.279
"2025-04-17 06:00:00",16460,12.80564,305,1,-0.026,-0.31,-0.44,-0.02797,-0.03987,-0.04153,-0.13445,57.577,45.053
"2025-04-17 06:30:00",16461,12.80396,305,1,-0.027,-0.33,-0.44,-0.03019,-0.03999,-0.03957,-0.13445,57.535,44.59
"2025-04-17 07:00:00",16462,12.79221,305,1,-0.022,-0.25,-0.41,-0.02345,-0.03711,-0.03507,-0.13171,57.28,44.174
"2025-04-17 07:30:00",16463,12.79221,305,1,-0.01,-0.18,-0.11,-0.01693,-0.01051,-0.02865,-0.11297,58.298,45.463
"2025-04-17 08:00:00",16464,12.78969,305,1,0,-0.11,0.15,-0.01039,0.01294,-0.02221,-0.09873,59.871,45.777
"2025-04-17 08:30:00",16465,12.79557,305,1,0.02,0.05,0.57,0.00405,0.05088,-0.00995,-0.07103,60.646,46.15
"2025-04-17 09:00:00",16466,12.79892,305,1,0.042,0.25,1,0.02242,0.08878,0.00398,-0.04405,61.136,47.21
"2025-04-17 09:30:00",16467,12.80396,305,1,0.053,0.32,1.25,0.02852,0.11036,0.00792,-0.02845,60.558,47.489
"2025-04-17 10:00:00",16468,12.81655,305,1,0.062,0.39,1.44,0.0344,0.12748,0.0138,-0.02185,61.615,48.967
"2025-04-17 10:30:00",16469,12.82747,305,1,0.074,0.52,1.65,0.04592,0.14609,0.02732,-0.00217,62.332,49.268
"2025-04-17 11:00:00",16470,12.82914,305,1,0.075,0.47,1.77,0.04178,0.1564,0.02334,0.00855,61.896,48.573
"2025-04-17 11:30:00",16471,12.83166,305,1,0.099,0.73,2.18,0.06466,0.19268,0.04136,0.02576,62.541,48.808
"2025-04-17 12:00:00",16472,12.84593,305,1,0.11,0.82,2.4,0.07262,0.21222,0.04996,0.04038,63.25,48.684
"2025-04-17 12:30:00",16473,12.84929,305,1,0.111,0.77,2.5,0.06858,0.22156,-99,0.05998,-99,52.094
"2025-04-17 13:00:00",16474,12.85181,305,1,0.119,1.07,2.35,0.09437,0.20828,0.07136,0.05016,65.062,49.942
"2025-04-17 13:30:00",16475,12.84761,305,1,0.094,0.6,2.19,0.05288,0.19414,-99,0.07764,-99,56.635
"2025-04-17 14:00:00",16476,12.86188,305,1,0.061,-0.05,2.02,-0.00489,0.1785,-0.03905,0.03936,54.6,50.898
"2025-04-17 14:30:00",16477,12.86944,305,1,-0.014,-1.85,1.98,-0.16483,0.17524,-0.13271,0.04505,52.836,50.228
"2025-04-17 15:00:00",16478,12.85769,305,1,-0.032,-2.18,1.87,-0.19417,0.16582,-0.16707,0.01714,52.184,49.159
"2025-04-17 15:30:00",16479,12.87112,305,1,0.11,0.85,2.37,0.07542,0.20948,0.03855,0.01787,60.119,47.918
"2025-04-17 16:00:00",16480,12.87447,305,1,0.094,0.63,2.14,0.05609,0.18914,0.02574,0.00674,58.244,48.116
"2025-04-17 16:30:00",16481,12.86524,305,1,0.16,2.26,2.09,0.2,0.18499,-99,0.02553,-99,51.024
"2025-04-17 17:00:00",16482,12.86776,305,1,0.065,0.1,1.94,0.00848,0.17184,-0.00413,0.01301,57.741,49.447
"2025-04-17 17:30:00",16483,12.87363,305,1,0.071,0.37,1.77,0.03316,0.15626,-0.00227,-0.02059,55.937,46.228
"2025-04-17 18:00:00",16484,12.87447,305,1,0.081,0.64,1.72,0.05624,0.15205,0.02148,-0.02055,58.574,45.679
"2025-04-17 18:30:00",16485,12.87363,305,1,0.068,0.47,1.54,0.04156,0.13636,0.0126,-0.02711,57.655,46.427
"2025-04-17 19:00:00",16486,12.8728,305,1,0.054,0.35,1.24,0.03109,0.11012,0.0021,-0.04095,56.888,45.912
"2025-04-17 19:30:00",16487,12.86776,305,1,0.023,0.08,0.61,0.00678,0.05434,-0.01945,-0.08025,58.011,46.196
"2025-04-17 20:00:00",16488,12.86272,305,1,0.006,-0.02,0.21,-0.00225,0.01896,-0.02131,-0.10101,57.35,44.54
"2025-04-17 20:30:00",16489,12.85769,305,1,-0.007,-0.17,-0.02,-0.01561,-0.00279,-0.03205,-0.11265,57.059,45.235
"2025-04-17 21:00:00",16490,12.83586,305,1,-0.01,-0.16,-0.14,-0.01541,-0.01363,-0.03179,-0.12187,57.188,44.364
"2025-04-17 21:30:00",16491,12.84761,305,1,-0.015,-0.21,-0.23,-0.01965,-0.02165,-0.03367,-0.12403,57.561,43.899
"2025-04-17 22:00:00",16492,12.84425,305,1,-0.022,-0.29,-0.36,-0.02631,-0.03239,-0.03789,-0.13073,56.565,43.638
"2025-04-17 22:30:00",16493,12.83838,305,1,-0.022,-0.28,-0.35,-0.02589,-0.03219,-0.03957,-0.13049,57.808,44.035
"2025-04-17 23:00:00",16494,12.82243,305,1,-0.025,-0.31,-0.41,-0.02833,-0.03749,-0.03995,-0.13263,57.377,44.862
"2025-04-17 23:30:00",16495,12.83082,305,1,-0.027,-0.31,-0.47,-0.02797,-0.04265,-0.03953,-0.13689,57.547,44.035
"2025-04-18 00:00:00",16496,12.82579,305,1,-0.026,-0.3,-0.47,-0.02777,-0.04247,-0.03929,-0.13445,58.081,44.159
"2025-04-18 00:30:00",16497,12.82579,305,1,-0.03,-0.35,-0.52,-0.03185,-0.04717,-0.04317,-0.13807,57.88,43.955
"2025-04-18 01:00:00",16498,12.81068,305,1,-0.031,-0.38,-0.52,-0.03431,-0.04725,-0.04345,-0.13837,57.306,45.317
"2025-04-18 01:30:00",16499,12.82327,305,1,-0.03,-0.35,-0.52,-0.03227,-0.04725,-0.04365,-0.14055,58.103,44.178
"2025-04-18 02:00:00",16500,12.82075,305,1,-0.032,-0.38,-0.53,-0.03431,-0.04753,-0.04355,-0.13871,57.47,44.54
"2025-04-18 02:30:00",16501,12.81068,305,1,-0.033,-0.38,-0.56,-0.03437,-0.05021,-0.04365,-0.13871,58.299,44.797
"2025-04-18 03:00:00",16502,12.82243,305,1,-0.032,-0.35,-0.58,-0.03205,-0.05265,-0.04133,-0.14055,57.469,45.386
"2025-04-18 03:30:00",16503,12.81068,305,1,-0.029,-0.33,-0.52,-0.02987,-0.04725,-0.04337,-0.13599,58.026,45.099
"2025-04-18 04:00:00",16504,12.82159,305,1,-0.033,-0.38,-0.56,-0.03467,-0.05021,-0.04599,-0.14119,57.046,44.379
"2025-04-18 04:30:00",16505,12.81739,305,1,-0.03,-0.35,-0.53,-0.03227,-0.04777,-0.04365,-0.13659,57.944,44.016
"2025-04-18 05:00:00",16506,12.80396,305,1,-0.029,-0.35,-0.5,-0.03217,-0.04511,-0.04355,-0.13659,56.896,43.65
"2025-04-18 05:30:00",16507,12.81403,305,1,-0.029,-0.33,-0.5,-0.03007,-0.04511,-0.03953,-0.13659,57.99,44.064
"2025-04-18 06:00:00",16508,12.81403,305,1,-0.031,-0.37,-0.53,-0.03401,-0.04741,-0.04529,-0.13599,58.895,45.372
"2025-04-18 06:30:00",16509,12.81068,305,1,-0.029,-0.32,-0.52,-0.02963,-0.04717,-0.04103,-0.13565,57.927,44.671
"2025-04-18 07:00:00",16510,12.809,305,1,-0.015,-0.2,-0.23,-0.01887,-0.02083,-0.03055,-0.11939,57.958,44.864
"2025-04-18 07:30:00",16511,12.80984,305,1,-0.003,-0.15,0.06,-0.01423,0.0051,-0.02383,-0.10021,59.355,44.851
"2025-04-18 08:00:00",16512,12.81571,305,1,0.015,0.02,0.45,0.00199,0.04016,-0.01181,-0.07267,60.422,48.439
"2025-04-18 08:30:00",16513,12.80564,305,1,0.043,0.25,1.04,0.02219,0.0924,0.00395,-0.03943,61.642,48.16
"2025-04-18 09:00:00",16514,12.80984,305,1,0.071,0.53,1.54,0.04648,0.13655,0.0256,-0.00871,60.108,48.719
"2025-04-18 09:30:00",16515,12.82243,305,1,0.08,0.57,1.79,0.05074,0.15834,0.02571,0.0043,59.883,50.327
"2025-04-18 10:00:00",16516,12.81739,305,1,0.084,0.57,1.93,0.05055,0.17098,0.02962,0.0151,62.143,49.346
"2025-04-18 10:30:00",16517,12.83502,305,1,0.094,0.67,2.1,0.05888,0.1855,0.0336,0.02373,60.722,49.183
"2025-04-18 11:00:00",16518,12.82998,305,1,0.096,0.66,2.19,0.05805,0.19352,0.03329,0.03214,61.915,50.7
"2025-04-18 11:30:00",16519,12.84425,305,1,0.107,0.8,2.33,0.07065,0.2066,0.04721,0.03862,62.039,50.831
"2025-04-18 12:00:00",16520,12.84929,305,1,0.109,0.84,2.34,0.07464,0.20698,0.05068,0.04443,63.487,51.702
"2025-04-18 12:30:00",16521,12.85433,305,1,0.099,0.7,2.23,0.06172,0.19754,0.04806,0.03992,68.372,48.928
"2025-04-18 13:00:00",16522,12.85769,305,1,0.106,0.83,2.26,0.07328,0.1997,0.0449,0.04047,61.277,49.915
"2025-04-18 13:30:00",16523,12.85013,305,1,0.11,0.93,2.26,0.08253,0.20044,0.06698,0.05586,67.764,53.325
"2025-04-18 14:00:00",16524,12.85097,305,1,0.07,0.05,2.16,0.00422,0.19106,-0.01853,0.03586,59.12,50.678
"2025-04-18 14:30:00",16525,12.85433,305,1,0.085,0.3,2.3,0.02667,0.20396,0.01188,0.04836,58.708,49.278
"2025-04-18 15:00:00",16526,12.86272,305,1,0.12,0.98,2.52,0.08712,0.22312,0.06663,0.06476,65.945,52.243
"2025-04-18 15:30:00",16527,12.85349,305,1,0.104,0.58,2.54,0.0516,0.22486,0.02083,0.04384,60.364,48.588
"2025-04-18 16:00:00",16528,12.86776,305,1,0.103,0.75,2.27,0.06643,0.20122,0.03276,0.02014,57.42,47.725
"2025-04-18 16:30:00",16529,12.86608,305,1,0.116,1.07,2.28,0.09495,0.20192,0.07494,0.03258,66.738,48.288
"2025-04-18 17:00:00",16530,12.86776,305,1,0.085,0.54,2,0.04762,0.17719,0.01678,0.0132,61.274,47.15
"2025-04-18 17:30:00",16531,12.86944,305,1,0.077,0.49,1.81,0.04354,0.16034,0.00872,-0.00455,57.561,46.621
"2025-04-18 18:00:00",16532,12.85601,305,1,0.076,0.5,1.75,0.04404,0.15458,0.01486,-0.01585,60.36,45.658
"2025-04-18 18:30:00",16533,12.86272,305,1,0.063,0.42,1.44,0.03704,0.12712,0.0084,-0.03167,58.819,46.043
"2025-04-18 19:00:00",16534,12.86104,305,1,0.046,0.27,1.11,0.02399,0.09809,0,-0.04751,58.688,46.075
"2025-04-18 19:30:00",16535,12.84929,305,1,0.023,0.1,0.6,0.00867,0.05301,-0.01259,-0.07497,57.655,46.445
"2025-04-18 20:00:00",16536,12.8409,305,1,0.003,-0.06,0.18,-0.00651,0.01584,-0.02093,-0.09771,59.464,45.583
"2025-04-18 20:30:00",16537,12.84593,305,1,-0.009,-0.19,-0.05,-0.01733,-0.00529,-0.03139,-0.10919,59.36,44.23
"2025-04-18 21:00:00",16538,12.83754,305,1,-0.014,-0.23,-0.17,-0.02159,-0.01583,-0.03543,-0.11565,58.492,45.871
"2025-04-18 21:30:00",16539,12.84929,305,1,-0.017,-0.26,-0.23,-0.02371,-0.02113,-0.03543,-0.11833,57.687,44.646
"2025-04-18 22:00:00",16540,12.85013,305,1,-0.019,-0.26,-0.29,-0.02387,-0.02643,-0.03779,-0.12295,57.893,44.694
"2025-04-18 22:30:00",16541,12.83754,305,1,-0.02,-0.28,-0.29,-0.02589,-0.02635,-0.03975,-0.12713,58.294,45.828
"2025-04-18 23:00:00",16542,12.83166,305,1,-0.021,-0.28,-0.32,-0.02579,-0.02901,-0.03747,-0.12501,57.44,44.55
"2025-04-18 23:30:00",16543,12.84425,305,1,-0.024,-0.33,-0.35,-0.02971,-0.03147,-0.04127,-0.12473,59.222,46.447
"2025-04-19 00:00:00",16544,12.8283,305,1,-0.023,-0.33,-0.31,-0.02975,-0.02847,-0.04549,-0.11915,59.471,44.924
"2025-04-19 00:30:00",16545,12.84258,305,1,-0.014,-0.23,-0.17,-0.02121,-0.01561,-0.03507,-0.11057,58.597,47.386
"2025-04-19 01:00:00",16546,12.84425,305,1,-0.009,-0.18,-0.08,-0.01697,-0.00781,-0.03089,-0.11275,60.302,45.181
"2025-04-19 01:30:00",16547,12.8409,305,1,-0.006,-0.16,-0.02,-0.01481,-0.00267,-0.02877,-0.10419,58.546,46.762
"2025-04-19 02:00:00",16548,12.8367,305,1,-0.011,-0.21,-0.11,-0.01937,-0.01053,-0.03341,-0.10893,58.241,45.048
"2025-04-19 02:30:00",16549,12.83838,305,1,-0.005,-0.14,-0.02,-0.01297,-0.00265,-0.02725,-0.10683,58.347,46.824
"2025-04-19 03:00:00",16550,12.83838,305,1,-0.011,-0.23,-0.08,-0.02151,-0.00789,-0.03543,-0.11111,58.503,45.047
"2025-04-19 03:30:00",16551,12.83922,305,1,-0.009,-0.18,-0.08,-0.01713,-0.00789,-0.03119,-0.10657,58.069,45.609
"2025-04-19 04:00:00",16552,12.8367,305,1,-0.006,-0.16,-0.02,-0.01497,-0.00267,-0.03119,-0.10633,59.209,45.341
"2025-04-19 04:30:00",16553,12.82747,305,1,-0.012,-0.21,-0.14,-0.01939,-0.01319,-0.03337,-0.10893,58.454,45.676
"2025-04-19 05:00:00",16554,12.83334,305,1,-0.012,-0.21,-0.14,-0.01945,-0.01319,-0.03349,-0.10893,58.027,44.833
"2025-04-19 05:30:00",16555,12.83586,305,1,-0.012,-0.21,-0.14,-0.01957,-0.01325,-0.03367,-0.10951,58.101,46.988
"2025-04-19 06:00:00",16556,12.83754,305,1,-0.01,-0.16,-0.14,-0.01511,-0.01325,-0.03139,-0.11619,58.562,45.519
"2025-04-19 06:30:00",16557,12.83418,305,1,-0.011,-0.23,-0.08,-0.02159,-0.00793,-0.03551,-0.11161,58.28,45.662
"2025-04-19 07:00:00",16558,12.82075,305,1,0.012,-0.01,0.38,-0.00219,0.03396,-0.01865,-0.08149,58.219,45.603
"2025-04-19 07:30:00",16559,12.83166,305,1,0.025,0.1,0.65,0.00863,0.05758,-0.01255,-0.06777,58.428,46.07
"2025-04-19 08:00:00",16560,12.82914,305,1,0.041,0.21,1.02,0.01884,0.0906,0,-0.04935,59.786,46.756
"2025-04-19 08:30:00",16561,12.81739,305,1,0.062,0.4,1.45,0.03559,0.12836,0.01426,-0.01785,59.706,47.353
"2025-04-19 09:00:00",16562,12.8325,305,1,0.084,0.59,1.9,0.0519,0.16835,0.02831,0.01103,60.153,49.06
"2025-04-19 09:30:00",16563,12.8325,305,1,0.093,0.63,2.12,0.05562,0.18742,0.03211,0.02412,60.312,49.527
"2025-04-19 10:00:00",16564,12.82411,305,1,0.108,0.8,2.37,0.07052,0.20956,0.04238,0.03276,63.064,48.95
"2025-04-19 10:30:00",16565,12.83502,305,1,0.121,0.92,2.63,0.08164,0.23268,0.05986,0.05639,62.907,50.727
"2025-04-19 11:00:00",16566,12.83754,305,1,0.125,0.92,2.75,0.081,0.24316,0.05532,0.06466,64.171,48.673
"2025-04-19 11:30:00",16567,12.82998,305,1,0.134,1.06,2.85,0.09395,0.25258,0.06372,0.07314,63.036,50.028
"2025-04-19 12:00:00",16568,12.83586,305,1,0.138,1.01,3.06,0.08968,0.27058,0.05667,0.08122,61.621,50.438
"2025-04-19 12:30:00",16569,12.84593,305,1,0.131,0.95,2.89,0.08396,0.2555,0.07422,0.08788,70.077,48.916
"2025-04-19 13:00:00",16570,12.85097,305,1,0.134,1.07,2.85,0.0949,0.2522,0.07117,0.0868,63.666,50.109
"2025-04-19 13:30:00",16571,12.84425,305,1,0.117,0.72,2.75,0.06361,0.24352,0.04288,0.09001,64.049,51.893
"2025-04-19 14:00:00",16572,12.83922,305,1,0.085,0.14,2.51,0.01246,0.22257,-0.02345,0.05552,55.03,50.357
"2025-04-19 14:30:00",16573,12.84845,305,1,0.056,-0.61,2.6,-0.05459,0.23054,-0.05873,0.07112,55.913,51.242
"2025-04-19 15:00:00",16574,12.84593,305,1,0.128,1,2.73,0.08868,0.24198,0.06576,0.06911,63.593,50.042
"2025-04-19 15:30:00",16575,12.86104,305,1,0.106,0.82,2.29,0.07214,0.20228,0.02732,0.01146,57.499,46.175
"2025-04-19 16:00:00",16576,12.85601,305,1,0.109,0.86,2.31,0.07588,0.20412,0.03862,0.02026,59.344,47.337
"2025-04-19 16:30:00",16577,12.85936,305,1,0.12,1.02,2.47,0.09036,0.21855,0.06218,0.03981,64.806,48.342
"2025-04-19 17:00:00",16578,12.85097,305,1,0.09,0.4,2.34,0.03498,0.20746,0.0084,0.03918,59.279,48.784
"2025-04-19 17:30:00",16579,12.85769,305,1,0.086,0.59,1.95,0.05198,0.17244,0.01572,0.00226,58.55,47.792
"2025-04-19 18:00:00",16580,12.85685,305,1,0.065,0.46,1.47,0.04088,0.12991,0.0087,-0.02531,57.36,46.188
"2025-04-19 18:30:00",16581,12.84341,305,1,0.049,0.27,1.21,0.02402,0.10702,0.0021,-0.03655,59.551,47.532
"2025-04-19 19:00:00",16582,12.84258,305,1,0.05,0.28,1.23,0.02439,0.10928,0,-0.03645,58.281,46.529
"2025-04-19 19:30:00",16583,12.85097,305,1,0.032,0.18,0.79,0.0156,0.06989,-0.00649,-0.06421,58.149,45.82
"2025-04-19 20:00:00",16584,12.83922,305,1,0.013,0,0.4,0,0.03498,-0.02137,-0.08981,60.057,44.96
"2025-04-19 20:30:00",16585,12.84761,305,1,0.002,-0.12,0.21,-0.01113,0.01881,-0.02585,-0.09685,57.915,45.059
"2025-04-19 21:00:00",16586,12.84425,305,1,-0.003,-0.14,0.06,-0.01323,0.00536,-0.02769,-0.10609,57.327,46.658
"2025-04-19 21:30:00",16587,12.84425,305,1,-0.005,-0.16,0.03,-0.01537,0.00266,-0.03185,-0.10825,58.929,46.586
"2025-04-19 22:00:00",16588,12.83754,305,1,-0.005,-0.16,0.03,-0.01537,0.00266,-0.02975,-0.10391,58.327,45.158
"2025-04-19 22:30:00",16589,12.83754,305,1,-0.008,-0.21,-0.02,-0.01981,-0.00271,-0.03197,-0.11073,58.099,45.654
"2025-04-19 23:00:00",16590,12.82243,305,1,-0.007,-0.16,-0.05,-0.01539,-0.00533,-0.03405,-0.11073,57.901,46.549
"2025-04-19 23:30:00",16591,12.82243,305,1,-0.009,-0.24,0,-0.02173,0,-0.03803,-0.10343,58.27,44.574
"2025-04-20 00:00:00",16592,12.83166,305,1,-0.005,-0.14,-0.02,-0.01313,-0.00265,-0.02971,-0.10777,58.88,45.599
"2025-04-20 00:30:00",16593,12.83082,305,1,-0.003,-0.14,0.06,-0.01331,0.00532,-0.02995,-0.10365,57.661,45.469
"2025-04-20 01:00:00",16594,12.82998,305,1,-0.01,-0.22,-0.05,-0.02001,-0.00539,-0.03437,-0.11099,57.498,45.57
"2025-04-20 01:30:00",16595,12.83082,305,1,-0.009,-0.21,-0.05,-0.01981,-0.00539,-0.03627,-0.11099,57.772,45.16
"2025-04-20 02:00:00",16596,12.82327,305,1,-0.013,-0.24,-0.11,-0.02211,-0.01083,-0.03423,-0.11145,57.829,44.805
"2025-04-20 02:30:00",16597,12.81739,305,1,-0.013,-0.24,-0.11,-0.02203,-0.01077,-0.03197,-0.11343,58.799,44.786
"2025-04-20 03:00:00",16598,12.80984,305,1,-0.012,-0.21,-0.14,-0.01987,-0.01355,-0.03423,-0.11613,58.344,45.057
"2025-04-20 03:30:00",16599,12.80984,305,1,-0.012,-0.21,-0.14,-0.01965,-0.01343,-0.03179,-0.11315,57.801,45.611
"2025-04-20 04:00:00",16600,12.81907,305,1,-0.014,-0.22,-0.17,-0.02001,-0.01619,-0.03645,-0.11613,58.515,43.403
"2025-04-20 04:30:00",16601,12.81236,305,1,-0.012,-0.21,-0.14,-0.01975,-0.01341,-0.03401,-0.11563,58.082,46.044
"2025-04-20 05:00:00",16602,12.81487,305,1,-0.014,-0.22,-0.2,-0.01995,-0.01885,-0.03849,-0.12053,58.202,44.757
"2025-04-20 05:30:00",16603,12.80564,305,1,-0.014,-0.21,-0.2,-0.01979,-0.01885,-0.03405,-0.11805,58.409,44.388
"2025-04-20 06:00:00",16604,12.81571,305,1,-0.016,-0.26,-0.2,-0.02427,-0.01885,-0.04057,-0.12271,57.843,44.398
"2025-04-20 06:30:00",16605,12.79976,305,1,-0.01,-0.16,-0.14,-0.01547,-0.01349,-0.03205,-0.11145,58.291,45.266
"2025-04-20 07:00:00",16606,12.80396,305,1,0.002,-0.11,0.21,-0.01097,0.01871,-0.02553,-0.09467,58.27,45.081
"2025-04-20 07:30:00",16607,12.81068,305,1,0.012,-0.01,0.39,-0.00217,0.0345,-0.01895,-0.08501,59.683,46.231
"2025-04-20 08:00:00",16608,12.80984,305,1,0.02,0.02,0.6,0.00214,0.05301,-0.01473,-0.06887,59.925,46.633
"2025-04-20 08:30:00",16609,12.81068,305,1,0.025,0.07,0.71,0.00641,0.06318,-0.01253,-0.06163,59.29,46.836
"2025-04-20 09:00:00",16610,12.809,305,1,0.047,0.29,1.11,0.02526,0.09848,0.0041,-0.04065,60.913,47.633
"2025-04-20 09:30:00",16611,12.80648,305,1,0.06,0.38,1.41,0.0338,0.12448,0.01232,-0.01807,60.969,49.618
"2025-04-20 10:00:00",16612,12.80228,305,1,0.091,0.61,2.07,0.05416,0.1828,0.02849,0.01786,61.649,49.471
"2025-04-20 10:30:00",16613,12.80564,305,1,0.128,0.94,2.82,0.08354,0.24936,0.059,0.06608,62.737,48.896
"2025-04-20 11:00:00",16614,12.81403,305,1,0.127,0.93,2.8,0.08275,0.24777,0.04946,0.06392,61.746,49.414
"2025-04-20 11:30:00",16615,12.81655,305,1,0.127,0.93,2.79,0.08275,0.24676,0.05156,0.06422,61.337,49.579
"2025-04-20 12:00:00",16616,12.80228,305,1,0.13,1,2.81,0.08883,0.24874,0.06256,0.06381,63.862,50.44
"2025-04-20 12:30:00",16617,12.809,305,1,0.129,0.98,2.79,0.08661,0.24714,0.0555,0.06381,61.319,49.146
"2025-04-20 13:00:00",16618,12.82075,305,1,0.129,0.91,2.88,0.08096,0.25472,0.06212,0.07555,65.32,49.986
"2025-04-20 13:30:00",16619,12.82243,305,1,0.135,1.17,2.75,0.10347,0.2436,-99,0.0859,-99,51.547
"2025-04-20 14:00:00",16620,12.82243,305,1,0.109,0.48,2.82,0.04252,0.24944,0.02478,0.08174,60.378,50.712
"2025-04-20 14:30:00",16621,12.81403,305,1,0.07,-0.21,2.5,-0.01975,0.221,-0.03171,0.06782,57.358,52.011
"2025-04-20 15:00:00",16622,12.82327,305,1,0.112,0.67,2.68,0.05932,0.23718,0.02619,0.04908,58.045,50.455
"2025-04-20 15:30:00",16623,12.82495,305,1,0.123,1.16,2.36,0.10262,0.2087,0.06642,0.03113,62.905,50.474
"2025-04-20 16:00:00",16624,12.81487,305,1,0.106,0.79,2.31,0.06961,0.20488,0.03185,0.00933,57.77,46.838
"2025-04-20 16:30:00",16625,12.81739,305,1,0.1,0.71,2.25,0.06304,0.19874,0.0325,0.01836,59.797,48.45
"2025-04-20 17:00:00",16626,12.81403,305,1,0.094,0.76,1.99,0.06722,0.17617,0.03321,-0.00939,58.682,47.745
"2025-04-20 17:30:00",16627,12.82075,305,1,0.066,0.41,1.54,0.03598,0.13659,0.0068,-0.03313,56.771,46.917
"2025-04-20 18:00:00",16628,12.80396,305,1,0.062,0.45,1.38,0.03966,0.12244,0.00889,-0.04279,57.513,45.985
"2025-04-20 18:30:00",16629,12.79641,305,1,0.054,0.37,1.22,0.03245,0.10807,0.00662,-0.05229,57.385,44.494
"2025-04-20 19:00:00",16630,12.80312,305,1,0.048,0.31,1.12,0.02768,0.09934,0,-0.05693,57.202,44.985
"2025-04-20 19:30:00",16631,12.78885,305,1,0.028,0.1,0.77,0.00918,0.06802,-0.01107,-0.07379,58.061,46.415
"2025-04-20 20:00:00",16632,12.79053,305,1,0.011,0,0.35,0,0.031,-0.01755,-0.09509,57.536,44.639
"2025-04-20 20:30:00",16633,12.7771,305,1,-0.002,-0.09,0.03,-0.00911,0.00277,-0.02619,-0.10887,58.417,44.107
"2025-04-20 21:00:00",16634,12.78381,305,1,-0.011,-0.19,-0.12,-0.01791,-0.01113,-0.03029,-0.11805,57.85,44.532
"2025-04-20 21:30:00",16635,12.78214,305,1,-0.016,-0.24,-0.21,-0.02245,-0.01945,-0.03681,-0.12281,57.354,43.197
"2025-04-20 22:00:00",16636,12.76954,305,1,-0.021,-0.32,-0.27,-0.02913,-0.02495,-0.04115,-0.12501,57.304,44.664
"2025-04-20 22:30:00",16637,12.7771,305,1,-0.023,-0.29,-0.39,-0.02665,-0.03583,-0.04079,-0.13197,57.961,44.486
"2025-04-20 23:00:00",16638,12.77206,305,1,-0.025,-0.34,-0.39,-0.03107,-0.03569,-0.04505,-0.12915,58.159,45.103
"2025-04-20 23:30:00",16639,12.77038,305,1,-0.028,-0.39,-0.39,-0.03553,-0.03569,-0.04727,-0.13167,57.912,45.113
"2025-04-21 00:00:00",16640,12.77038,305,1,-0.026,-0.36,-0.39,-0.03317,-0.03563,-0.04287,-0.13133,57.59,45.787
"2025-04-21 00:30:00",16641,12.76703,305,1,-0.025,-0.34,-0.39,-0.03115,-0.03563,-0.04307,-0.13387,56.696,45.312
"2025-04-21 01:00:00",16642,12.75359,305,1,-0.028,-0.34,-0.48,-0.03107,-0.04375,-0.04287,-0.13387,56.934,44.032
"2025-04-21 01:30:00",16643,12.76451,305,1,-0.029,-0.37,-0.45,-0.03325,-0.04111,-0.04505,-0.13387,58.333,44.859
"2025-04-21 02:00:00",16644,12.75191,305,1,-0.027,-0.34,-0.45,-0.03103,-0.04093,-0.04287,-0.13355,58.653,43.917
"2025-04-21 02:30:00",16645,12.75024,305,1,-0.028,-0.36,-0.45,-0.03317,-0.04085,-0.04495,-0.13573,57.213,45.244
"2025-04-21 03:00:00",16646,12.76367,305,1,-0.03,-0.36,-0.51,-0.03317,-0.04631,-0.04495,-0.13821,57.714,45.491
"2025-04-21 03:30:00",16647,12.76199,305,1,-0.031,-0.36,-0.54,-0.03303,-0.04881,-0.04475,-0.13791,57.748,45.096
"2025-04-21 04:00:00",16648,12.75695,305,1,-0.031,-0.38,-0.51,-0.03489,-0.04595,-0.04659,-0.13543,58.357,45.45
"2025-04-21 04:30:00",16649,12.76115,305,1,-0.028,-0.34,-0.48,-0.03077,-0.04327,-0.04475,-0.13761,58.496,43.922
"2025-04-21 05:00:00",16650,12.75024,305,1,-0.031,-0.39,-0.51,-0.03511,-0.04595,-0.04675,-0.13509,57.015,44.794
"2025-04-21 05:30:00",16651,12.7494,305,1,-0.03,-0.36,-0.5,-0.03239,-0.04553,-0.04195,-0.13911,58.743,45.008
"2025-04-21 06:00:00",16652,12.74604,305,1,-0.033,-0.41,-0.54,-0.03709,-0.04829,-0.04875,-0.13695,58.368,45.055
"2025-04-21 06:30:00",16653,12.76031,305,1,-0.03,-0.36,-0.5,-0.03247,-0.04545,-0.03999,-0.13415,59.381,45.338
"2025-04-21 07:00:00",16654,12.75947,305,1,-0.01,-0.23,-0.05,-0.02159,-0.00535,-0.03349,-0.10825,59.296,46.401
"2025-04-21 07:30:00",16655,12.75527,305,1,0.002,-0.09,0.18,-0.00861,0.01582,-0.02299,-0.09399,58.371,45.588
"2025-04-21 08:00:00",16656,12.74688,305,1,0.007,-0.04,0.27,-0.00431,0.02364,-0.02077,-0.08921,60.657,45.53
"2025-04-21 08:30:00",16657,12.7494,305,1,0.028,0.12,0.74,0.01072,0.0657,-0.00835,-0.06163,60.447,47.815
"2025-04-21 09:00:00",16658,12.75191,305,1,0.038,0.17,0.97,0.01486,0.0861,-0.00211,-0.04989,60.548,46.933
"2025-04-21 09:30:00",16659,12.76283,305,1,0.051,0.34,1.16,0.0299,0.1023,0.00828,-0.04095,60.951,47.494
"2025-04-21 10:00:00",16660,12.76367,305,1,0.056,0.45,1.18,0.03992,0.1042,0.01846,-0.03393,61.996,47.029
"2025-04-21 10:30:00",16661,12.75863,305,1,0.059,0.39,1.36,0.03471,0.12054,0.0105,-0.02493,60.787,46.655
"2025-04-21 11:00:00",16662,12.77038,305,1,0.053,0.37,1.19,0.0324,0.10532,0.00836,-0.03871,59.286,46.667
"2025-04-21 11:30:00",16663,12.7687,305,1,0.053,0.36,1.21,0.03222,0.10728,0.01043,-0.03401,60.649,47.765
"2025-04-21 12:00:00",16664,12.76199,305,1,0.054,0.34,1.27,0.03015,0.11283,0.00837,-0.03179,60.366,46.912
"2025-04-21 12:30:00",16665,12.75863,305,1,0.054,0.34,1.26,0.0299,0.11193,0.0062,-0.03167,61.455,49.255
"2025-04-21 13:00:00",16666,12.75863,305,1,0.058,0.41,1.3,0.0365,0.11498,0.01253,-0.03171,60.089,48.883
"2025-04-21 13:30:00",16667,12.76031,305,1,0.058,0.38,1.33,0.03402,0.11744,0.01243,-0.02715,60.488,48.025
"2025-04-21 14:00:00",16668,12.76115,305,1,0.051,0.2,1.36,0.01738,0.12018,-0.00633,-0.02019,59.698,49.015
"2025-04-21 14:30:00",16669,12.77038,305,1,0.03,-0.51,1.63,-0.04605,0.14431,-99,0.0438,67.76,57.659
"2025-04-21 15:00:00",16670,12.77626,305,1,0.05,0.03,1.55,0.00232,0.13724,-0.01785,-0.00447,58.574,48.314
"2025-04-21 15:30:00",16671,12.76367,305,1,0.079,0.63,1.69,0.0555,0.14991,0.03226,0.00661,64.661,49.299
"2025-04-21 16:00:00",16672,12.76703,305,1,0.077,0.56,1.71,0.04922,0.15121,0.0157,-0.01153,58.323,46.136
"2025-04-21 16:30:00",16673,12.7813,305,1,0.065,0.26,1.72,0.02262,0.15254,-0.00223,-0.00681,58.498,47.971
"2025-04-21 17:00:00",16674,12.77122,305,1,0.051,0.08,1.53,0.00678,0.13561,-0.01297,-0.01583,58.314,47.366
"2025-04-21 17:30:00",16675,12.78381,305,1,0.067,0.39,1.61,0.03409,0.14291,0.00653,-0.01153,57.218,48.619
"2025-04-21 18:00:00",16676,12.78549,305,1,0.075,0.57,1.63,0.0508,0.14389,0.0199,-0.02565,58.547,46.606
"2025-04-21 18:30:00",16677,12.77038,305,1,0.047,0.31,1.09,0.02762,0.09609,-0.00225,-0.05129,58.185,47.648
"2025-04-21 19:00:00",16678,12.77626,305,1,0.029,0.15,0.71,0.01348,0.06311,-0.01087,-0.07001,58.924,44.895
"2025-04-21 19:30:00",16679,12.76115,305,1,0.009,0.02,0.25,0.00221,0.0219,-0.01733,-0.09827,58.785,44.073
"2025-04-21 20:00:00",16680,12.77206,305,1,-0.005,-0.12,-0.02,-0.01109,-0.00273,-0.02789,-0.10955,57.607,46.229
"2025-04-21 20:30:00",16681,12.76367,305,1,-0.017,-0.24,-0.24,-0.02215,-0.02173,-0.03859,-0.11637,58.494,42.942
"2025-04-21 21:00:00",16682,12.76451,305,1,-0.021,-0.26,-0.36,-0.02427,-0.03247,-0.03849,-0.12551,57.584,44.96
"2025-04-21 21:30:00",16683,12.75359,305,1,-0.028,-0.34,-0.48,-0.03115,-0.04349,-0.04307,-0.13323,58.015,43.143
"2025-04-21 22:00:00",16684,12.76535,305,1,-0.027,-0.34,-0.45,-0.03107,-0.04063,-0.04085,-0.13075,57.381,43.344
"2025-04-21 22:30:00",16685,12.76031,305,1,-0.031,-0.37,-0.51,-0.03335,-0.04615,-0.04515,-0.13573,58.084,45.454
"2025-04-21 23:00:00",16686,12.76031,305,1,-0.031,-0.39,-0.51,-0.03521,-0.04595,-0.04475,-0.13293,57.881,44.831
"2025-04-21 23:30:00",16687,12.74772,305,1,-0.033,-0.39,-0.57,-0.03557,-0.05145,-0.04515,-0.14011,57.298,45.24
"2025-04-22 00:00:00",16688,12.74688,305,1,-0.034,-0.39,-0.6,-0.03525,-0.05393,-0.04711,-0.14231,57.932,44.724
"2025-04-22 00:30:00",16689,12.74268,305,1,-0.034,-0.42,-0.57,-0.03769,-0.05145,-0.04933,-0.13543,57.999,45.624
"2025-04-22 01:00:00",16690,12.75443,305,1,-0.032,-0.37,-0.57,-0.03343,-0.05159,-0.04521,-0.13791,57.127,44.905
"2025-04-22 01:30:00",16691,12.74856,305,1,-0.035,-0.41,-0.6,-0.03727,-0.05393,-0.04891,-0.13977,59.128,44.251
"2025-04-22 02:00:00",16692,12.7452,305,1,-0.036,-0.41,-0.63,-0.03727,-0.05641,-0.04675,-0.13941,57.984,44.515
"2025-04-22 02:30:00",16693,12.74352,305,1,-0.035,-0.44,-0.57,-0.03967,-0.05103,-0.04711,-0.13941,58.08,45.708
"2025-04-22 03:00:00",16694,12.7494,305,1,-0.034,-0.41,-0.57,-0.03737,-0.05121,-0.04901,-0.13761,57.833,44.362
"2025-04-22 03:30:00",16695,12.75024,305,1,-0.034,-0.41,-0.57,-0.03727,-0.05103,-0.04685,-0.13725,58.007,45.119
"2025-04-22 04:00:00",16696,12.74688,305,1,-0.034,-0.41,-0.56,-0.03701,-0.05067,-0.04445,-0.13415,58.688,44.238
"2025-04-22 04:30:00",16697,12.75024,305,1,-0.036,-0.43,-0.59,-0.03897,-0.05319,-0.04849,-0.13665,59.212,46.43
"2025-04-22 05:00:00",16698,12.74856,305,1,-0.034,-0.43,-0.53,-0.03915,-0.04793,-0.04659,-0.13415,58.456,44.582
"2025-04-22 05:30:00",16699,12.73849,305,1,-0.032,-0.41,-0.5,-0.03709,-0.04517,-0.04459,-0.13165,59.663,45.785
"2025-04-22 06:00:00",16700,12.7494,305,1,-0.029,-0.36,-0.47,-0.03303,-0.04265,-0.04695,-0.13229,58.791,44.508
"2025-04-22 06:30:00",16701,12.75024,305,1,-0.027,-0.34,-0.44,-0.03073,-0.04005,-0.04475,-0.12983,58.137,44.837
"2025-04-22 07:00:00",16702,12.75191,305,1,-0.011,-0.21,-0.11,-0.01965,-0.01071,-0.03185,-0.10879,60.666,45.534
"2025-04-22 07:30:00",16703,12.74856,305,1,0.004,-0.09,0.24,-0.00871,0.02112,-0.02113,-0.09201,58.893,45.693
"2025-04-22 08:00:00",16704,12.75024,305,1,0.006,-0.06,0.27,-0.00663,0.02394,-0.02135,-0.08541,58.794,44.497
"2025-04-22 08:30:00",16705,12.74016,305,1,0.016,0.02,0.48,0.00214,0.04221,-0.01465,-0.07803,59.342,47.974
"2025-04-22 09:00:00",16706,12.73345,305,1,0.023,0.07,0.63,0.0065,0.05547,-0.01275,-0.06887,60.216,46.186
"2025-04-22 09:30:00",16707,12.73849,305,1,0.028,0.15,0.69,0.01301,0.06077,-0.00423,-0.06887,59.043,47.408
"2025-04-22 10:00:00",16708,12.75024,305,1,0.041,0.22,1,0.01908,0.08856,0,-0.04543,59.949,47.592
"2025-04-22 10:30:00",16709,12.74016,305,1,0.068,0.45,1.57,0.04016,0.13866,0.02064,-0.01121,61.51,48.905
"2025-04-22 11:00:00",16710,12.73597,305,1,0.099,0.7,2.22,0.06189,0.19631,0.03528,0.02884,61.441,48.838
"2025-04-22 11:30:00",16711,12.75359,305,1,0.112,0.85,2.43,0.07484,0.21508,0.04786,0.04443,62.34,50.003
"2025-04-22 12:00:00",16712,12.75275,305,1,0.119,0.88,2.63,0.07778,0.2329,0.04824,0.05538,61.039,50.368
"2025-04-22 12:30:00",16713,12.73597,305,1,0.124,0.94,2.68,0.0833,0.23718,0.0477,0.0538,59.385,49.544
"2025-04-22 13:00:00",16714,12.75275,305,1,0.052,0.32,1.22,0.02849,0.10763,0.00226,-0.03915,57.258,45.751
"2025-04-22 13:30:00",16715,12.75611,305,1,0.034,0.33,0.65,0.02884,0.05772,0.01209,-0.06619,61.194,46.766
"2025-04-22 14:00:00",16716,12.75695,305,1,0.072,0.65,1.44,0.05779,0.12716,-99,-0.01109,-99,49.098
"2025-04-22 14:30:00",16717,12.75611,305,1,0.085,0.32,2.28,0.0286,0.20138,0.01889,0.05956,65.924,52.08
"2025-04-22 15:00:00",16718,12.75695,305,1,0.12,0.79,2.78,0.0702,0.24572,0.03493,0.06466,59.864,50.185
"2025-04-22 15:30:00",16719,12.75611,305,1,0.148,1.16,3.17,0.10297,0.2808,0.06256,0.08054,59.464,50.464
"2025-04-22 16:00:00",16720,12.74856,305,1,0.122,0.9,2.7,0.07984,0.23904,0.0472,0.05404,60.401,49.057
"2025-04-22 16:30:00",16721,12.74352,305,1,0.1,0.74,2.21,0.0654,0.1959,0.03688,0.02038,58.828,47.488
"2025-04-22 17:00:00",16722,12.75779,305,1,0.081,0.6,1.78,0.05352,0.15784,0.02373,-0.00463,60.018,47.415
"2025-04-22 17:30:00",16723,12.7494,305,1,0.052,0.41,1.11,0.0364,0.0979,0.00872,-0.04659,59.274,45.831
"2025-04-22 18:00:00",16724,12.74604,305,1,0.041,0.23,0.99,0.02026,0.08744,-0.00437,-0.05129,57.66,46.303
"2025-04-22 18:30:00",16725,12.75527,305,1,0.028,0.15,0.68,0.01367,0.06024,-0.01103,-0.06787,58.498,46.31
"2025-04-22 19:00:00",16726,12.74268,305,1,0.012,0,0.37,0,0.03294,-0.01753,-0.09151,58.039,45.424
"2025-04-22 19:30:00",16727,12.75359,305,1,-0.001,-0.12,0.09,-0.01147,0.00824,-0.02857,-0.10587,57.645,45.603
"2025-04-22 20:00:00",16728,12.74016,305,1,-0.011,-0.19,-0.12,-0.01807,-0.01107,-0.03273,-0.11557,57.543,44.509
"2025-04-22 20:30:00",16729,12.74352,305,1,-0.018,-0.27,-0.24,-0.02477,-0.02205,-0.03701,-0.12501,57.11,45.07
"2025-04-22 21:00:00",16730,12.74184,305,1,-0.024,-0.35,-0.33,-0.03159,-0.03029,-0.04363,-0.12979,57.409,44.364
"2025-04-22 21:30:00",16731,12.7368,305,1,-0.028,-0.37,-0.42,-0.03371,-0.03849,-0.04561,-0.13451,58.684,45.075
"2025-04-22 22:00:00",16732,12.73849,305,1,-0.029,-0.37,-0.46,-0.03379,-0.04119,-0.04573,-0.13451,57.262,45.63
"2025-04-22 22:30:00",16733,12.73093,305,1,-0.032,-0.42,-0.49,-0.03817,-0.04383,-0.04993,-0.13451,57.349,45.146
"2025-04-22 23:00:00",16734,12.7368,305,1,-0.029,-0.34,-0.49,-0.03129,-0.04383,-0.04323,-0.13669,59.208,45.184
"2025-04-22 23:30:00",16735,12.73261,305,1,-0.03,-0.37,-0.48,-0.03343,-0.04365,-0.04535,-0.13387,58.077,45.028
"2025-04-23 00:00:00",16736,12.71918,305,1,-0.03,-0.37,-0.48,-0.03347,-0.04365,-0.04323,-0.13417,58.577,45.379
"2025-04-23 00:30:00",16737,12.72589,305,1,-0.031,-0.4,-0.48,-0.03585,-0.04365,-0.04765,-0.13387,57.452,43.997
"2025-04-23 01:00:00",16738,12.71666,305,1,-0.028,-0.34,-0.48,-0.03141,-0.04375,-0.04343,-0.13669,58.379,44.918
"2025-04-23 01:30:00",16739,12.72254,305,1,-0.03,-0.39,-0.48,-0.03575,-0.04375,-0.04545,-0.13639,57.255,44.479
"2025-04-23 02:00:00",16740,12.72505,305,1,-0.031,-0.37,-0.51,-0.03353,-0.04631,-0.04333,-0.13639,57.752,44.706
"2025-04-23 02:30:00",16741,12.72254,305,1,-0.03,-0.37,-0.48,-0.03347,-0.04365,-0.04555,-0.13197,57.919,45.449
"2025-04-23 03:00:00",16742,12.70994,305,1,-0.029,-0.37,-0.45,-0.03335,-0.04085,-0.04095,-0.12945,57.863,44.819
"2025-04-23 03:30:00",16743,12.70994,305,1,-0.031,-0.37,-0.51,-0.03343,-0.04631,-0.04535,-0.13387,57.691,44.073
"2025-04-23 04:00:00",16744,12.71666,305,1,-0.027,-0.34,-0.45,-0.03121,-0.04085,-0.04323,-0.13639,58.418,45.374
"2025-04-23 04:30:00",16745,12.72002,305,1,-0.025,-0.34,-0.39,-0.03141,-0.03537,-0.04343,-0.12693,57.449,45.239
"2025-04-23 05:00:00",16746,12.71834,305,1,-0.027,-0.32,-0.45,-0.02921,-0.04111,-0.03915,-0.13703,58.459,44.992
"2025-04-23 05:30:00",16747,12.7175,305,1,-0.024,-0.32,-0.36,-0.02933,-0.03287,-0.04145,-0.12721,58.353,44.306
"2025-04-23 06:00:00",16748,12.70407,305,1,-0.021,-0.27,-0.33,-0.02519,-0.03039,-0.03967,-0.13037,56.628,45.247
"2025-04-23 06:30:00",16749,12.71414,305,1,-0.023,-0.3,-0.36,-0.02727,-0.03317,-0.04165,-0.13037,57.431,45.212
"2025-04-23 07:00:00",16750,12.69819,305,1,-0.004,-0.14,0.03,-0.01347,0.00274,-0.03041,-0.10385,58.306,45.253
"2025-04-23 07:30:00",16751,12.7091,305,1,0.007,-0.04,0.28,-0.00439,0.02442,-0.01927,-0.09125,58.87,46.813
"2025-04-23 08:00:00",16752,12.70659,305,1,0.029,0.12,0.76,0.01092,0.06709,-0.00855,-0.06261,58.471,46.829
"2025-04-23 08:30:00",16753,12.69903,305,1,0.052,0.32,1.24,0.02804,0.10959,0.00628,-0.03237,60.248,47.351
"2025-04-23 09:00:00",16754,12.70659,305,1,0.085,0.62,1.89,0.0546,0.16769,0.02968,0.00458,61.161,47.849
"2025-04-23 09:30:00",16755,12.71162,305,1,0.114,0.8,2.55,0.07123,0.22549,0.04194,0.04088,62.075,49.034
"2025-04-23 10:00:00",16756,12.69651,305,1,0.122,0.9,2.7,0.07934,0.23904,0.04996,0.05404,61.49,49.96
"2025-04-23 10:30:00",16757,12.7091,305,1,0.127,0.92,2.81,0.08106,0.24834,0.0519,0.05828,61.028,49.09
"2025-04-23 11:00:00",16758,12.71162,305,1,0.126,0.97,2.73,0.0861,0.24182,0.05737,0.05828,62.721,50.361
"2025-04-23 11:30:00",16759,12.71666,305,1,0.128,0.93,2.84,0.08263,0.25096,0.05062,0.05881,60.621,50.088
"2025-04-23 12:00:00",16760,12.70407,305,1,0.136,1.08,2.88,0.09548,0.25524,0.0641,0.06262,63.094,48.231
"2025-04-23 12:30:00",16761,12.70575,305,1,0.129,0.96,2.82,0.08506,0.24942,-99,0.0744,-99,51.341
"2025-04-23 13:00:00",16762,12.71834,305,1,0.14,1.18,2.88,0.10444,0.25488,0.07271,0.07112,62.479,50.284
"2025-04-23 13:30:00",16763,12.71918,305,1,0.124,0.94,2.69,0.08311,0.23842,0.0538,0.07328,61.422,51.726
"2025-04-23 14:00:00",16764,12.70827,305,1,0.156,1.56,2.88,0.13804,0.25524,0.10382,0.06958,65.065,48.552
"2025-04-23 14:30:00",16765,12.72086,305,1,0.124,0.89,2.76,0.07842,0.244,0.03088,0.04842,56.866,48.838
"2025-04-23 15:00:00",16766,12.70743,305,1,0.082,-0.07,2.71,-0.00709,0.23988,-0.01787,0.06018,56.338,49.41
"2025-04-23 15:30:00",16767,12.72169,305,1,0.114,0.92,2.39,0.08114,0.21147,-99,0.03609,-99,49.19
"2025-04-23 16:00:00",16768,12.70994,305,1,0.112,0.87,2.41,0.07667,0.2137,0.03736,0.01882,56.716,47.016
"2025-04-23 16:30:00",16769,12.71918,305,1,0.085,0.53,2.01,0.04684,0.17816,0.00936,-0.00473,57.139,47.182
"2025-04-23 17:00:00",16770,12.7175,305,1,0.096,0.94,1.79,0.08288,0.15878,0.04549,-0.01167,61.36,47.073
"2025-04-23 17:30:00",16771,12.71666,305,1,0.068,0.4,1.63,0.03522,0.14452,0.00221,-0.02609,57.791,47.41
"2025-04-23 18:00:00",16772,12.7091,305,1,0.073,0.48,1.67,0.04246,0.14758,0.01125,-0.02383,57.388,46.014
"2025-04-23 18:30:00",16773,12.70491,305,1,0.059,0.42,1.31,0.03692,0.11578,0.00662,-0.04279,58.184,45.554
"2025-04-23 19:00:00",16774,12.69567,305,1,0.04,0.23,0.98,0.02062,0.08674,-0.00441,-0.06149,58.353,46.295
"2025-04-23 19:30:00",16775,12.70323,305,1,0.023,0.08,0.61,0.00697,0.05372,-0.01567,-0.08349,58.522,44.895
"2025-04-23 20:00:00",16776,12.68476,305,1,0.004,-0.04,0.19,-0.00467,0.01699,-0.02453,-0.10285,56.706,44.486
"2025-04-23 20:30:00",16777,12.69651,305,1,-0.008,-0.17,-0.05,-0.01617,-0.00571,-0.03107,-0.11749,57.975,44.903
"2025-04-23 21:00:00",16778,12.68476,305,1,-0.014,-0.22,-0.18,-0.02061,-0.01697,-0.03535,-0.12459,57.504,44.692
"2025-04-23 21:30:00",16779,12.6898,305,1,-0.019,-0.25,-0.31,-0.02277,-0.02811,-0.03737,-0.12907,58.127,44.795
"2025-04-23 22:00:00",16780,12.67637,305,1,-0.023,-0.3,-0.37,-0.02735,-0.03373,-0.03963,-0.13387,56.711,44.476
"2025-04-23 22:30:00",16781,12.6814,305,1,-0.025,-0.33,-0.4,-0.02971,-0.03657,-0.04183,-0.13641,57.928,44.021
"2025-04-23 23:00:00",16782,12.67804,305,1,-0.028,-0.35,-0.47,-0.03197,-0.04209,-0.04405,-0.13611,56.937,44.281
"2025-04-23 23:30:00",16783,12.67553,305,1,-0.026,-0.3,-0.46,-0.02715,-0.04185,-0.03935,-0.13803,57.157,44.916
"2025-04-24 00:00:00",16784,12.66797,305,1,-0.028,-0.35,-0.46,-0.03197,-0.04197,-0.04627,-0.13829,56.777,44.696
"2025-04-24 00:30:00",16785,12.66126,305,1,-0.033,-0.4,-0.56,-0.03631,-0.05017,-0.04597,-0.14057,57.306,44.389
"2025-04-24 01:00:00",16786,12.65958,305,1,-0.037,-0.48,-0.56,-0.04305,-0.05035,-0.05243,-0.14057,57.838,44.343
"2025-04-24 01:30:00",16787,12.66797,305,1,-0.033,-0.42,-0.52,-0.03827,-0.04719,-0.04561,-0.14021,57.636,43.984
"2025-04-24 02:00:00",16788,12.65454,305,1,-0.034,-0.4,-0.59,-0.03617,-0.05291,-0.04799,-0.14057,57.355,44.009
"2025-04-24 02:30:00",16789,12.64783,305,1,-0.031,-0.34,-0.58,-0.03133,-0.05261,-0.04545,-0.14243,57.173,45.086
"2025-04-24 03:00:00",16790,12.6495,305,1,-0.033,-0.4,-0.56,-0.03627,-0.05001,-0.04807,-0.14021,56.835,44.589
"2025-04-24 03:30:00",16791,12.65034,305,1,-0.033,-0.37,-0.58,-0.03353,-0.05261,-0.04545,-0.14465,57.922,44.158
"2025-04-24 04:00:00",16792,12.66126,305,1,-0.034,-0.37,-0.62,-0.03383,-0.05545,-0.04587,-0.14497,57.502,43.737
"2025-04-24 04:30:00",16793,12.65622,305,1,-0.037,-0.42,-0.64,-0.03803,-0.05793,-0.04545,-0.14685,57.194,43.691
"2025-04-24 05:00:00",16794,12.64615,305,1,-0.034,-0.37,-0.61,-0.03379,-0.05527,-0.04785,-0.14465,56.637,44.387
"2025-04-24 05:30:00",16795,12.6537,305,1,-0.036,-0.4,-0.65,-0.03599,-0.05825,-0.04349,-0.14497,57.004,44.072
"2025-04-24 06:00:00",16796,12.65118,305,1,-0.04,-0.44,-0.71,-0.03997,-0.06331,-0.04945,-0.14907,57.855,43.768
"2025-04-24 06:30:00",16797,12.63943,305,1,-0.038,-0.41,-0.7,-0.03751,-0.06299,-0.04495,-0.14871,57.636,44.81
"2025-04-24 07:00:00",16798,12.64195,305,1,-0.038,-0.41,-0.7,-0.03737,-0.06247,-0.04475,-0.14803,57.993,45.323
"2025-04-24 07:30:00",16799,12.6495,305,1,-0.036,-0.43,-0.6,-0.03897,-0.05383,-0.04849,-0.14261,57.697,44.618
"2025-04-24 08:00:00",16800,12.6495,305,1,-0.02,-0.31,-0.26,-0.02789,-0.02401,-0.03975,-0.11833,59.974,44.949
"2025-04-24 08:30:00",16801,12.65118,305,1,0.019,0.02,0.59,0.00208,0.05216,-0.01437,-0.06633,60.775,46.192
"2025-04-24 09:00:00",16802,12.64447,305,1,0.063,0.38,1.49,0.0336,0.13176,0.0123,-0.01129,61.322,49.099
"2025-04-24 09:30:00",16803,12.65622,305,1,0.092,0.58,2.14,0.05168,0.18934,0.0344,0.02457,62.978,50.494
"2025-04-24 10:00:00",16804,12.66461,305,1,0.123,0.9,2.72,0.07934,0.24096,0.05306,0.06006,62.945,50.576
"2025-04-24 10:30:00",16805,12.66881,305,1,0.128,0.93,2.84,0.08232,0.25096,0.05842,0.06839,63.005,50.382
"2025-04-24 11:00:00",16806,12.6621,305,1,0.124,0.9,2.75,0.07984,0.24339,0.06026,0.06804,64.352,50.894
"2025-04-24 11:30:00",16807,12.67553,305,1,0.139,1.07,2.99,0.09449,0.26481,0.06466,0.07718,61.845,50.744
"2025-04-24 12:00:00",16808,12.68308,305,1,0.133,0.96,2.94,0.08532,0.25994,0.0569,0.07686,63.103,51.483
"2025-04-24 12:30:00",16809,12.67637,305,1,0.123,0.86,2.77,0.07609,0.24525,-99,0.08344,-99,52.406
"2025-04-24 13:00:00",16810,12.69232,305,1,0.127,1,2.72,0.08829,0.24096,0.05858,0.06988,62.399,52.136
"2025-04-24 13:30:00",16811,12.68308,305,1,0.123,1.07,2.5,0.09449,0.22165,-99,0.0976,-99,56.812
"2025-04-24 14:00:00",16812,12.69735,305,1,0.124,1,2.6,0.08834,0.23036,0.03798,0.04106,56.817,48.118
"2025-04-24 14:30:00",16813,12.68476,305,1,0.143,1.4,2.69,0.12401,0.23788,0.10087,0.06408,66.661,51.136
"2025-04-24 15:00:00",16814,12.69651,305,1,0.048,-0.53,2.25,-0.04741,0.1991,-0.06361,0.02937,53.583,48.322
"2025-04-24 15:30:00",16815,12.69567,305,1,0.109,0.91,2.27,0.08072,0.20066,0.04782,0.02306,61.743,48.713
"2025-04-24 16:00:00",16816,12.69819,305,1,0.131,1.32,2.41,0.11668,0.21332,0.07618,0.02782,63.14,48.446
"2025-04-24 16:30:00",16817,12.68308,305,1,0.125,1.34,2.2,0.11876,0.1949,0.0842,0.01162,65.207,48.004
"2025-04-24 17:00:00",16818,12.68476,305,1,0.103,1.05,1.89,0.09314,0.16702,0.05912,-0.00941,61.447,46.736
"2025-04-24 17:30:00",16819,12.68476,305,1,0.065,0.43,1.51,0.03762,0.13353,0.009,-0.03095,58.34,45.969
"2025-04-24 18:00:00",16820,12.69232,305,1,0.059,0.42,1.33,0.03711,0.11743,0.00667,-0.04019,58.276,45.804
"2025-04-24 18:30:00",16821,12.68644,305,1,0.046,0.29,1.07,0.02552,0.09501,0.00221,-0.05213,58.204,46.249
"2025-04-24 19:00:00",16822,12.68224,305,1,0.026,0.1,0.7,0.00924,0.0616,-0.01337,-0.07833,57.995,45.203
"2025-04-24 19:30:00",16823,12.67133,305,1,0.008,-0.02,0.29,-0.00235,0.02528,-0.02007,-0.09555,57.135,45.183
"2025-04-24 20:00:00",16824,12.67553,305,1,-0.006,-0.15,-0.02,-0.01377,-0.00281,-0.02881,-0.11721,57.618,45.655
"2025-04-24 20:30:00",16825,12.67637,305,1,-0.014,-0.22,-0.18,-0.02049,-0.01685,-0.03511,-0.12397,58.074,44.176
"2025-04-24 21:00:00",16826,12.6579,305,1,-0.021,-0.27,-0.34,-0.02519,-0.03077,-0.03967,-0.12873,57.223,45.003
"2025-04-24 21:30:00",16827,12.65622,305,1,-0.025,-0.33,-0.4,-0.02971,-0.03637,-0.04405,-0.13355,57.257,43.619
"2025-04-24 22:00:00",16828,12.66797,305,1,-0.025,-0.33,-0.4,-0.02983,-0.03637,-0.04405,-0.13387,56.897,44.251
"2025-04-24 22:30:00",16829,12.65034,305,1,-0.029,-0.35,-0.49,-0.03179,-0.04461,-0.04607,-0.14057,57.618,44.294
"2025-04-24 23:00:00",16830,12.66126,305,1,-0.032,-0.4,-0.52,-0.03631,-0.04735,-0.04817,-0.14311,57.563,44.918
"2025-04-24 23:30:00",16831,12.64615,305,1,-0.031,-0.4,-0.49,-0.03627,-0.04445,-0.04597,-0.13803,58.46,43.984
"2025-04-25 00:00:00",16832,12.64447,305,1,-0.031,-0.37,-0.52,-0.03401,-0.04735,-0.04379,-0.14057,57.69,44.049
"2025-04-25 00:30:00",16833,12.65286,305,1,-0.033,-0.4,-0.55,-0.03599,-0.04989,-0.04573,-0.14021,57.722,44.49
"2025-04-25 01:00:00",16834,12.64447,305,1,-0.034,-0.4,-0.59,-0.03631,-0.05273,-0.04607,-0.14279,57.704,44.215
"2025-04-25 01:30:00",16835,12.63523,305,1,-0.031,-0.35,-0.56,-0.03171,-0.05001,-0.04597,-0.14057,57.36,44.023
"2025-04-25 02:00:00",16836,12.63355,305,1,-0.034,-0.37,-0.62,-0.03393,-0.05563,-0.04369,-0.14533,56.757,44.093
"2025-04-25 02:30:00",16837,12.62768,305,1,-0.034,-0.4,-0.59,-0.03617,-0.05273,-0.04807,-0.14021,56.512,43.859
"2025-04-25 03:00:00",16838,12.63272,305,1,-0.035,-0.42,-0.58,-0.03827,-0.05261,-0.04799,-0.14465,57.118,44.616
"2025-04-25 03:30:00",16839,12.63943,305,1,-0.037,-0.42,-0.64,-0.03809,-0.05793,-0.04991,-0.14497,57.022,44.202
"2025-04-25 04:00:00",16840,12.63859,305,1,-0.04,-0.5,-0.64,-0.04511,-0.05793,-0.05459,-0.14243,57.583,44.768
"2025-04-25 04:30:00",16841,12.6302,305,1,-0.035,-0.4,-0.61,-0.03599,-0.05513,-0.04561,-0.14465,57.6,44.258
"2025-04-25 05:00:00",16842,12.63607,305,1,-0.037,-0.42,-0.64,-0.03827,-0.05793,-0.05009,-0.14465,57.493,44.411
"2025-04-25 05:30:00",16843,12.626,305,1,-0.037,-0.42,-0.64,-0.03803,-0.05779,-0.04765,-0.14209,57.625,44.13
"2025-04-25 06:00:00",16844,12.63439,305,1,-0.037,-0.4,-0.68,-0.03607,-0.06081,-0.04587,-0.14717,57.13,44.887
"2025-04-25 06:30:00",16845,12.63104,305,1,-0.039,-0.44,-0.7,-0.04015,-0.06313,-0.04753,-0.14685,58.236,44.156
"2025-04-25 07:00:00",16846,12.62264,305,1,-0.04,-0.42,-0.76,-0.03779,-0.06847,-0.04747,-0.15163,58.423,44.507
"2025-04-25 07:30:00",16847,12.63439,305,1,-0.035,-0.39,-0.63,-0.03507,-0.05685,-0.04475,-0.14107,58.451,44.96
"2025-04-25 08:00:00",16848,12.63272,305,1,-0.012,-0.2,-0.14,-0.01901,-0.01331,-0.03107,-0.11127,60.969,45.973
"2025-04-25 08:30:00",16849,12.63355,305,1,0.015,0,0.49,0,0.04366,-0.01211,-0.06811,62.427,47.861
"2025-04-25 09:00:00",16850,12.63607,305,1,0.036,0.14,0.96,0.0127,0.08476,-0.00419,-0.04305,60.379,48.427
"2025-04-25 09:30:00",16851,12.63272,305,1,0.065,0.42,1.51,0.03754,0.13353,0.0184,-0.00905,62.051,48.751
"2025-04-25 10:00:00",16852,12.63943,305,1,0.084,0.59,1.88,0.05221,0.16636,0.03069,0.0112,62.198,48.329
"2025-04-25 10:30:00",16853,12.6495,305,1,0.091,0.65,2.03,0.05784,0.17952,0.0385,0.02447,63.552,49.262
"2025-04-25 11:00:00",16854,12.64279,305,1,0.094,0.63,2.14,0.05606,0.18926,0.03662,0.03329,63.819,49.955
"2025-04-25 11:30:00",16855,12.64363,305,1,0.108,0.84,2.33,0.07408,0.20656,0.04752,0.04238,63.128,50.103
"2025-04-25 12:00:00",16856,12.65622,305,1,0.128,1.01,2.74,0.0898,0.24276,0.06606,0.06804,64.351,50.76
"2025-04-25 12:30:00",16857,12.66293,305,1,0.119,0.83,2.69,0.07328,0.23813,0.05006,0.0723,64.446,50.191
"2025-04-25 13:00:00",16858,12.66461,305,1,0.116,0.88,2.51,0.07749,0.22202,0.05526,0.0549,62.287,51.626
"2025-04-25 13:30:00",16859,12.6579,305,1,0.116,0.89,2.52,0.07854,0.22267,0.06884,0.08518,67.738,53.227
"2025-04-25 14:00:00",16860,12.6579,305,1,0.11,0.89,2.32,0.0786,0.2052,0.02872,0.02744,58.477,47.968
"2025-04-25 14:30:00",16861,12.66461,305,1,0.146,1.6,2.52,0.14158,0.22312,0.12027,0.05112,66.481,49.87
"2025-04-25 15:00:00",16862,12.67217,305,1,0.081,0.34,2.12,0.03015,0.18731,-0.00239,0.0139,56.468,46.941
"2025-04-25 15:30:00",16863,12.67469,305,1,0.098,0.8,2.05,0.07098,0.18134,0.043,0.01156,60.075,47.735
"2025-04-25 16:00:00",16864,12.67133,305,1,0.12,1.15,2.3,0.10142,0.20362,0.07528,0.02966,66.034,48.689
"2025-04-25 16:30:00",16865,12.67217,305,1,0.136,1.6,2.21,0.14129,0.19521,-99,0.01853,-99,46.497
"2025-04-25 17:00:00",16866,12.66965,305,1,0.117,1.24,2.06,0.10941,0.18233,0.07749,0.01152,63.246,48.395
"2025-04-25 17:30:00",16867,12.66965,305,1,0.077,0.5,1.78,0.04454,0.15721,0.00702,-0.01919,56.953,46.58
"2025-04-25 18:00:00",16868,12.66797,305,1,0.07,0.46,1.6,0.04048,0.14144,0.01136,-0.02863,58.051,46.273
"2025-04-25 18:30:00",16869,12.64699,305,1,0.048,0.29,1.14,0.02564,0.10122,0,-0.04753,57.743,45.544
"2025-04-25 19:00:00",16870,12.66461,305,1,0.027,0.13,0.7,0.01164,0.06199,-0.01123,-0.07181,59.048,45.744
"2025-04-25 19:30:00",16871,12.65622,305,1,0.013,0.03,0.38,0.00232,0.03378,-0.01791,-0.08849,58.129,44.665
"2025-04-25 20:00:00",16872,12.64615,305,1,-0.002,-0.12,0.06,-0.01159,0.0056,-0.02897,-0.10763,57.456,44.67
"2025-04-25 20:30:00",16873,12.65454,305,1,-0.013,-0.22,-0.15,-0.02061,-0.01407,-0.03757,-0.11721,58.512,43.791
"2025-04-25 21:00:00",16874,12.63943,305,1,-0.017,-0.25,-0.24,-0.02271,-0.02225,-0.03727,-0.12397,58.251,45.616
"2025-04-25 21:30:00",16875,12.64027,305,1,-0.025,-0.34,-0.39,-0.03141,-0.03583,-0.04139,-0.13071,58.314,46.252
"2025-04-25 22:00:00",16876,12.64615,305,1,-0.028,-0.37,-0.42,-0.03371,-0.03849,-0.04363,-0.13291,59.371,44.814
"2025-04-25 22:30:00",16877,12.64615,305,1,-0.029,-0.35,-0.49,-0.03159,-0.04399,-0.04597,-0.13291,58.699,43.983
"2025-04-25 23:00:00",16878,12.64279,305,1,-0.029,-0.37,-0.46,-0.03379,-0.04119,-0.04587,-0.13291,56.697,44.075
"2025-04-25 23:30:00",16879,12.63104,305,1,-0.033,-0.4,-0.55,-0.03599,-0.04935,-0.04573,-0.13769,58.827,44.272
"2025-04-26 00:00:00",16880,12.62852,305,1,-0.031,-0.37,-0.52,-0.03401,-0.04683,-0.04613,-0.13803,57.652,46.274
"2025-04-26 00:30:00",16881,12.64111,305,1,-0.032,-0.37,-0.55,-0.03383,-0.04947,-0.04817,-0.13545,59.463,44.331
"2025-04-26 01:00:00",16882,12.64111,305,1,-0.034,-0.42,-0.55,-0.03803,-0.04917,-0.04561,-0.13733,58.754,44.613
"2025-04-26 01:30:00",16883,12.62768,305,1,-0.033,-0.4,-0.55,-0.03589,-0.04917,-0.04785,-0.13481,57.953,46.317
"2025-04-26 02:00:00",16884,12.63523,305,1,-0.036,-0.45,-0.58,-0.04057,-0.05201,-0.04817,-0.13769,58.544,44.4
"2025-04-26 02:30:00",16885,12.63943,305,1,-0.033,-0.4,-0.55,-0.03637,-0.04963,-0.04849,-0.14057,58.916,44.615
"2025-04-26 03:00:00",16886,12.626,305,1,-0.033,-0.4,-0.55,-0.03645,-0.04975,-0.04635,-0.13829,58.028,44.302
"2025-04-26 03:30:00",16887,12.63523,305,1,-0.034,-0.4,-0.58,-0.03637,-0.05243,-0.04849,-0.13829,57.75,44.444
"2025-04-26 04:00:00",16888,12.63355,305,1,-0.031,-0.37,-0.52,-0.03383,-0.04683,-0.04379,-0.13579,57.978,45.344
"2025-04-26 04:30:00",16889,12.63104,305,1,-0.029,-0.39,-0.45,-0.03553,-0.04093,-0.04545,-0.13257,59.541,45.656
"2025-04-26 05:00:00",16890,12.6218,305,1,-0.031,-0.37,-0.51,-0.03347,-0.04631,-0.04119,-0.13227,58.635,45.168
"2025-04-26 05:30:00",16891,12.63272,305,1,-0.026,-0.35,-0.39,-0.03149,-0.03553,-0.04363,-0.13037,58.615,45.575
"2025-04-26 06:00:00",16892,12.63188,305,1,-0.027,-0.37,-0.39,-0.03343,-0.03531,-0.04555,-0.12535,58.669,46.617
"2025-04-26 06:30:00",16893,12.63104,305,1,-0.017,-0.27,-0.2,-0.02455,-0.01901,-0.03905,-0.11805,60.117,46.661
"2025-04-26 07:00:00",16894,12.63439,305,1,-0.001,-0.14,0.12,-0.01337,0.0108,-0.02813,-0.09623,60.418,45.451
"2025-04-26 07:30:00",16895,12.6302,305,1,0.013,-0.02,0.43,-0.00225,0.03772,-0.01733,-0.07741,59.494,45.359
"2025-04-26 08:00:00",16896,12.63188,305,1,0.026,0.08,0.73,0.00668,0.06448,-0.01303,-0.06079,59.191,46.841
"2025-04-26 08:30:00",16897,12.63355,305,1,0.049,0.27,1.2,0.02352,0.10589,0.00626,-0.03475,60.69,47.927
"2025-04-26 09:00:00",16898,12.63355,305,1,0.077,0.53,1.74,0.04731,0.15373,0.02526,0,62.597,49.417
"2025-04-26 09:30:00",16899,12.63272,305,1,0.093,0.65,2.09,0.05712,0.18523,0.03204,0.01834,61.304,49.945
"2025-04-26 10:00:00",16900,12.63439,305,1,0.124,0.9,2.75,0.08002,0.24329,0.05268,0.05465,61.795,50.598
"2025-04-26 10:30:00",16901,12.63859,305,1,0.142,1.07,3.11,0.0949,0.27563,0.0681,0.08778,63.594,50.582
"2025-04-26 11:00:00",16902,12.63691,305,1,0.135,0.93,3.06,0.08218,0.27065,0.05849,0.08449,64.929,51.51
"2025-04-26 11:30:00",16903,12.62936,305,1,0.138,1.14,2.88,0.101,0.25524,0.07328,0.06989,62.346,49.755
"2025-04-26 12:00:00",16904,12.62768,305,1,0.149,1.12,3.26,0.09954,0.28841,0.07254,0.10041,63.831,49.421
"2025-04-26 12:30:00",16905,12.64111,305,1,0.137,0.98,3.06,0.0863,0.27126,0.07365,0.09595,67.215,53.399
"2025-04-26 13:00:00",16906,12.64615,305,1,0.127,1,2.71,0.0889,0.24029,0.04574,0.05908,59.256,47.922
"2025-04-26 13:30:00",16907,12.64615,305,1,0.131,1.08,2.72,0.09548,0.24112,0.06256,0.05502,60.856,49.775
"2025-04-26 14:00:00",16908,12.64615,305,1,0.107,0.9,2.21,0.08002,0.19572,0.0496,0.01625,61.017,48.583
"2025-04-26 14:30:00",16909,12.63355,305,1,0.1,0.69,2.25,0.06117,0.199,0.0284,0.02762,60.672,48.755
"2025-04-26 15:00:00",16910,12.63188,305,1,0.12,0.7,2.88,0.06157,0.25456,0.02858,0.07857,60.026,51.187
"2025-04-26 15:30:00",16911,12.63104,305,1,0.155,1.59,2.82,0.14112,0.24964,0.10905,0.068,64.25,49.592
"2025-04-26 16:00:00",16912,12.64783,305,1,0.161,1.94,2.53,0.17184,0.22433,-99,0.04361,-99,46.916
"2025-04-26 16:30:00",16913,12.64699,305,1,0.185,2.31,2.8,0.20486,0.24766,-99,0.05894,-99,51.124
"2025-04-26 17:00:00",16914,12.63188,305,1,0.099,0.68,2.25,0.06034,0.199,0.04002,0.0254,62.952,47.445
"2025-04-26 17:30:00",16915,12.64279,305,1,0.09,0.63,2.04,0.05612,0.18076,0.01856,0.00238,59.051,46.046
"2025-04-26 18:00:00",16916,12.63691,305,1,0.076,0.46,1.82,0.0404,0.16146,0.01136,-0.00945,58.054,47.542
"2025-04-26 18:30:00",16917,12.62936,305,1,0.068,0.45,1.56,0.03993,0.13764,0.00903,-0.02387,57.52,46.751
"2025-04-26 19:00:00",16918,12.63607,305,1,0.031,0.16,0.76,0.01416,0.06742,-0.01367,-0.06703,58.047,46.695
"2025-04-26 19:30:00",16919,12.62684,305,1,0.005,-0.07,0.26,-0.00711,0.02275,-0.02735,-0.09673,57.686,45.082
"2025-04-26 20:00:00",16920,12.62264,305,1,-0.004,-0.12,0,-0.01167,0,-0.02929,-0.11381,56.964,43.948
"2025-04-26 20:30:00",16921,12.62852,305,1,-0.011,-0.22,-0.09,-0.02075,-0.00849,-0.03343,-0.11581,57.214,45.699
"2025-04-26 21:00:00",16922,12.626,305,1,-0.014,-0.22,-0.18,-0.02049,-0.01675,-0.03535,-0.11469,60.06,44.689
"2025-04-26 21:30:00",16923,12.61509,305,1,-0.018,-0.28,-0.24,-0.02557,-0.02249,-0.03589,-0.12035,58.543,45.103
"2025-04-26 22:00:00",16924,12.61425,305,1,-0.017,-0.28,-0.21,-0.02589,-0.01981,-0.03847,-0.12321,56.766,45.148
"2025-04-26 22:30:00",16925,12.62096,305,1,-0.013,-0.23,-0.15,-0.02103,-0.01437,-0.03379,-0.12151,56.911,44.723
"2025-04-26 23:00:00",16926,12.60585,305,1,-0.017,-0.26,-0.22,-0.02357,-0.02011,-0.04085,-0.12437,56.039,46.08
"2025-04-26 23:30:00",16927,12.60753,305,1,-0.019,-0.29,-0.25,-0.02629,-0.02313,-0.04581,-0.12963,57.799,44.765
"2025-04-27 00:00:00",16928,12.61593,305,1,-0.01,-0.15,-0.16,-0.01445,-0.01461,-0.03219,-0.12301,57.3,45.359
"2025-04-27 00:30:00",16929,12.60921,305,1,-0.017,-0.26,-0.22,-0.02375,-0.02045,-0.03645,-0.12535,57.826,45.192
"2025-04-27 01:00:00",16930,12.60585,305,1,-0.013,-0.18,-0.22,-0.01693,-0.02043,-0.03237,-0.12761,55.302,44.75
"2025-04-27 01:30:00",16931,12.60082,305,1,-0.017,-0.23,-0.28,-0.02151,-0.02601,-0.03891,-0.13195,58.381,44.902
"2025-04-27 02:00:00",16932,12.58906,305,1,-0.021,-0.34,-0.25,-0.03057,-0.02305,-0.04527,-0.12671,57.43,43.539
"2025-04-27 02:30:00",16933,12.5941,305,1,-0.021,-0.28,-0.32,-0.02545,-0.02881,-0.04021,-0.12701,58.214,45.159
"2025-04-27 03:00:00",16934,12.58235,305,1,-0.023,-0.31,-0.35,-0.02799,-0.03157,-0.04697,-0.12671,57.499,42.765
"2025-04-27 03:30:00",16935,12.58823,305,1,-0.024,-0.34,-0.35,-0.03065,-0.03151,-0.04305,-0.13613,57.819,44.081
"2025-04-27 04:00:00",16936,12.57563,305,1,-0.021,-0.25,-0.38,-0.02323,-0.03439,-0.03575,-0.13387,57.975,42.824
"2025-04-27 04:30:00",16937,12.58151,305,1,-0.025,-0.36,-0.35,-0.03283,-0.03171,-0.04285,-0.13453,56.985,43.349
"2025-04-27 05:00:00",16938,12.56556,305,1,-0.024,-0.31,-0.38,-0.02795,-0.03439,-0.04041,-0.13613,56.798,44.57
"2025-04-27 05:30:00",16939,12.56388,305,1,-0.023,-0.3,-0.38,-0.02779,-0.03433,-0.04031,-0.13387,58.397,45.323
"2025-04-27 06:00:00",16940,12.5622,305,1,-0.027,-0.35,-0.41,-0.03219,-0.03715,-0.04439,-0.14817,59.33,43.069
"2025-04-27 06:30:00",16941,12.57479,305,1,-0.026,-0.33,-0.41,-0.02995,-0.03689,-0.04015,-0.13583,58.334,44.429
"2025-04-27 07:00:00",16942,12.57395,305,1,-0.002,-0.09,0.03,-0.00915,0.0028,-0.02653,-0.10841,57.939,46.377
"2025-04-27 07:30:00",16943,12.56892,305,1,0.01,-0.02,0.35,-0.00227,0.03076,-0.01957,-0.08643,59.377,44.789
"2025-04-27 08:00:00",16944,12.57228,305,1,0.022,0.07,0.62,0.00662,0.05508,-0.01077,-0.06887,59.297,48.053
"2025-04-27 08:30:00",16945,12.55549,305,1,0.044,0.25,1.08,0.02201,0.09558,0.00214,-0.04481,60.681,45.938
"2025-04-27 09:00:00",16946,12.5706,305,1,0.059,0.33,1.43,0.02898,0.12616,0.00648,-0.02829,60.632,48.411
"2025-04-27 09:30:00",16947,12.56892,305,1,0.074,0.5,1.69,0.04404,0.14953,0.02363,-0.00707,61.507,47.446
"2025-04-27 10:00:00",16948,12.5706,305,1,0.085,0.59,1.93,0.05207,0.17046,0.0275,0.00465,61.912,47.187
"2025-04-27 10:30:00",16949,12.55717,305,1,0.09,0.59,2.07,0.05193,0.18324,0.02738,0.01606,61.088,48.878
"2025-04-27 11:00:00",16950,12.57479,305,1,0.104,0.74,2.31,0.0655,0.20412,0.04038,0.02978,61.753,49.286
"2025-04-27 11:30:00",16951,12.56556,305,1,0.11,0.82,2.41,0.07232,0.21311,0.04984,0.03872,61.016,49.645
"2025-04-27 12:00:00",16952,12.56556,305,1,0.116,0.82,2.61,0.07271,0.2307,0.05094,0.05196,63.901,50.449
"2025-04-27 12:30:00",16953,12.56892,305,1,0.111,0.73,2.55,0.06428,0.22588,-99,0.06788,-99,49.588
"2025-04-27 13:00:00",16954,12.57731,305,1,0.125,1,2.65,0.0886,0.23468,0.06686,0.0652,64.452,49.927
"2025-04-27 13:30:00",16955,12.57395,305,1,0.138,1.39,2.55,0.12328,0.22528,-99,0.07756,-99,54.16
"2025-04-27 14:00:00",16956,12.58906,305,1,0.099,0.44,2.56,0.03918,0.2267,0.01332,0.0502,59.094,50.652
"2025-04-27 14:30:00",16957,12.59074,305,1,0.091,0.42,2.34,0.03754,0.20672,0.0108,0.0364,64.672,49.137
"2025-04-27 15:00:00",16958,12.5941,305,1,0.073,0.07,2.23,0.00579,0.19726,-0.03153,0.01893,53.585,45.98
"2025-04-27 15:30:00",16959,12.59578,305,1,0.13,1.28,2.43,0.11363,0.21536,0.08506,0.03686,65.229,49.437
"2025-04-27 16:00:00",16960,12.59494,305,1,0.137,1.52,2.35,0.13492,0.208,-99,0.02782,-99,51.522
"2025-04-27 16:30:00",16961,12.59746,305,1,0.157,1.9,2.45,0.16798,0.21706,-99,0.05954,-99,52.082
"2025-04-27 17:00:00",16962,12.59578,305,1,0.03,-0.66,1.84,-0.05899,0.16282,-0.07511,-0.00479,54.223,46.877
"2025-04-27 17:30:00",16963,12.59746,305,1,0.077,0.46,1.85,0.04036,0.16411,0.00478,-0.01701,56.079,46.956
"2025-04-27 18:00:00",16964,12.59746,305,1,0.072,0.44,1.72,0.03882,0.15239,0.00692,-0.02175,57.448,46.342
"2025-04-27 18:30:00",16965,12.59578,305,1,0.065,0.42,1.51,0.03754,0.13391,0.01128,-0.02887,58.917,46.872
"2025-04-27 19:00:00",16966,12.58403,305,1,0.047,0.29,1.1,0.0261,0.09718,0.00226,-0.05317,57.069,46.529
"2025-04-27 19:30:00",16967,12.59326,305,1,0.03,0.13,0.78,0.01182,0.06878,-0.01135,-0.07269,58.343,44.877
"2025-04-27 20:00:00",16968,12.57395,305,1,0.009,0,0.3,0,0.02619,-0.02313,-0.09791,57.427,45.363
"2025-04-27 20:30:00",16969,12.57395,305,1,-0.005,-0.15,0,-0.01443,0,-0.03215,-0.11263,56.941,44.724
"2025-04-27 21:00:00",16970,12.58235,305,1,-0.014,-0.26,-0.12,-0.02385,-0.01167,-0.03665,-0.12271,56.943,44.299
"2025-04-27 21:30:00",16971,12.57395,305,1,-0.018,-0.26,-0.25,-0.02385,-0.02331,-0.04121,-0.12993,57.166,44.519
"2025-04-27 22:00:00",16972,12.5706,305,1,-0.02,-0.25,-0.32,-0.02345,-0.02895,-0.03607,-0.13225,58.049,44.147
"2025-04-27 22:30:00",16973,12.56724,305,1,-0.023,-0.31,-0.35,-0.02809,-0.03179,-0.04057,-0.13195,57.432,44.521
"2025-04-27 23:00:00",16974,12.5622,305,1,-0.026,-0.31,-0.44,-0.02795,-0.04017,-0.04491,-0.13647,56.833,44.438
"2025-04-27 23:30:00",16975,12.55045,305,1,-0.028,-0.39,-0.41,-0.03497,-0.03721,-0.04719,-0.13417,58.185,44.119
"2025-04-28 00:00:00",16976,12.56136,305,1,-0.027,-0.35,-0.44,-0.03229,-0.03995,-0.04229,-0.13843,57.505,44.277
"2025-04-28 00:30:00",16977,12.5429,305,1,-0.026,-0.33,-0.41,-0.03017,-0.03715,-0.04249,-0.13387,57.455,44.646
"2025-04-28 01:00:00",16978,12.55045,305,1,-0.028,-0.36,-0.44,-0.03237,-0.03995,-0.04239,-0.13613,56.406,44.17
"2025-04-28 01:30:00",16979,12.54877,305,1,-0.026,-0.3,-0.47,-0.02775,-0.04259,-0.04239,-0.13583,57.216,44.294
"2025-04-28 02:00:00",16980,12.5345,305,1,-0.027,-0.3,-0.5,-0.02771,-0.04549,-0.04229,-0.13807,57.352,43.861
"2025-04-28 02:30:00",16981,12.53366,305,1,-0.031,-0.41,-0.47,-0.03689,-0.04259,-0.04675,-0.13583,57.131,44.636
"2025-04-28 03:00:00",16982,12.54625,305,1,-0.03,-0.38,-0.47,-0.03433,-0.04235,-0.04429,-0.13773,57.982,44.231
"2025-04-28 03:30:00",16983,12.54038,305,1,-0.032,-0.38,-0.53,-0.03425,-0.04785,-0.04635,-0.13773,57.749,44.251
"2025-04-28 04:00:00",16984,12.54038,305,1,-0.029,-0.35,-0.5,-0.03211,-0.04513,-0.04429,-0.13773,57.094,44.424
"2025-04-28 04:30:00",16985,12.5387,305,1,-0.032,-0.38,-0.53,-0.03447,-0.04785,-0.04223,-0.13997,57.645,44.562
"2025-04-28 05:00:00",16986,12.53534,305,1,-0.029,-0.33,-0.53,-0.02995,-0.04809,-0.04003,-0.14293,57.848,43.931
"2025-04-28 05:30:00",16987,12.52527,305,1,-0.034,-0.38,-0.6,-0.03457,-0.05361,-0.04665,-0.14261,57.125,43.63
"2025-04-28 06:00:00",16988,12.52443,305,1,-0.033,-0.38,-0.57,-0.03461,-0.05103,-0.04691,-0.14293,58.264,44.35
"2025-04-28 06:30:00",16989,12.52107,305,1,-0.03,-0.35,-0.53,-0.03197,-0.04809,-0.04203,-0.13807,57.662,44.158
"2025-04-28 07:00:00",16990,12.52191,305,1,-0.03,-0.38,-0.47,-0.03411,-0.04225,-0.04405,-0.13773,57.895,44.807
"2025-04-28 07:30:00",16991,12.5303,305,1,-0.015,-0.24,-0.18,-0.02231,-0.01665,-0.03253,-0.11721,58.807,45.724
"2025-04-28 08:00:00",16992,12.53114,305,1,0.006,-0.06,0.27,-0.00651,0.02432,-0.01909,-0.08949,60.602,46.691
"2025-04-28 08:30:00",16993,12.52862,305,1,0.059,0.31,1.47,0.02786,0.13028,0.01051,-0.01627,61.064,49.086
"2025-04-28 09:00:00",16994,12.53198,305,1,0.089,0.58,2.05,0.05094,0.18134,0.02908,0.0183,63.169,48.286
"2025-04-28 09:30:00",16995,12.51939,305,1,0.109,0.81,2.4,0.07189,0.21252,0.04764,0.03872,63.295,49.402
"2025-04-28 10:00:00",16996,12.52527,305,1,0.114,0.77,2.59,0.06792,0.22898,0.0457,0.05208,62.25,49.776
"2025-04-28 10:30:00",16997,12.5429,305,1,0.118,0.83,2.65,0.07328,0.23468,0.05336,0.05852,64.072,49.629
"2025-04-28 11:00:00",16998,12.54038,305,1,0.121,0.89,2.66,0.07866,0.23576,0.0519,0.06276,63.172,50.397
"2025-04-28 11:30:00",16999,12.55381,305,1,0.126,0.93,2.78,0.08263,0.24572,0.05508,0.0652,61.683,50.061
"2025-04-28 12:00:00",17000,12.55549,305,1,0.121,0.9,2.65,0.07923,0.23458,0.05514,0.0625,62.941,50.746
"2025-04-28 12:30:00",17001,12.55717,305,1,0.11,0.73,2.53,0.0644,0.2242,-99,0.06762,-99,52.062
"2025-04-28 13:00:00",17002,12.56136,305,1,0.125,0.95,2.71,0.08392,0.23972,0.05368,0.06482,61.488,50.553
"2025-04-28 13:30:00",17003,12.56892,305,1,0.126,1.16,2.47,0.10274,0.21894,-99,0.07484,-99,53.646
"2025-04-28 14:00:00",17004,12.56976,305,1,0.145,1.46,2.67,0.12958,0.23652,0.10987,0.05881,59.959,50.694
"2025-04-28 14:30:00",17005,12.56724,305,1,0.108,0.75,2.44,0.06594,0.21614,0.03855,0.04308,62.702,50.102
"2025-04-28 15:00:00",17006,12.57228,305,1,0.085,0.31,2.3,0.02762,0.20362,-0.02205,0.01204,53.11,46.191
"2025-04-28 15:30:00",17007,12.56892,305,1,0.1,0.57,2.42,0.05065,0.21392,0.01618,0.03036,59.134,48.355
"2025-04-28 16:00:00",17008,12.57312,305,1,0.174,2.32,2.45,0.20509,0.21646,-99,0.03488,-99,48.709
"2025-04-28 16:30:00",17009,12.5622,305,1,0.168,2.2,2.43,0.1949,0.21474,-99,0.05112,-99,51.493
"2025-04-28 17:00:00",17010,12.5706,305,1,0.033,-0.62,1.89,-0.05537,0.16748,-0.07205,0,54.745,46.719
"2025-04-28 17:30:00",17011,12.56472,305,1,0.092,0.66,2.05,0.05873,0.18176,0.0169,-0.00741,56.601,45.236
"2025-04-28 18:00:00",17012,12.56976,305,1,0.081,0.5,1.91,0.0441,0.16896,0.01169,-0.01459,58.108,46.588
"2025-04-28 18:30:00",17013,12.55549,305,1,0.071,0.5,1.59,0.04402,0.14081,0.02014,-0.02665,59.293,46.512
"2025-04-28 19:00:00",17014,12.55381,305,1,0.052,0.32,1.24,0.02842,0.1096,0.00453,-0.04853,57.667,47.131
"2025-04-28 19:30:00",17015,12.54877,305,1,0.033,0.16,0.85,0.01438,0.07538,-0.00923,-0.06817,58.361,45.892
"2025-04-28 20:00:00",17016,12.55884,305,1,0.013,0,0.4,0,0.03498,-0.02085,-0.09577,56.232,44.846
"2025-04-28 20:30:00",17017,12.55884,305,1,-0.001,-0.1,0.07,-0.00953,0.00583,-0.02975,-0.10799,57.365,44.302
"2025-04-28 21:00:00",17018,12.54961,305,1,-0.01,-0.2,-0.09,-0.01869,-0.00865,-0.03159,-0.11749,57.351,44.707
"2025-04-28 21:30:00",17019,12.53198,305,1,-0.016,-0.22,-0.25,-0.02075,-0.02297,-0.03567,-0.12701,57.965,44.478
"2025-04-28 22:00:00",17020,12.54373,305,1,-0.02,-0.25,-0.34,-0.02299,-0.03135,-0.03779,-0.13125,58.887,43.892
"2025-04-28 22:30:00",17021,12.52611,305,1,-0.023,-0.33,-0.34,-0.03005,-0.03121,-0.04015,-0.12869,57.015,45.461
"2025-04-28 23:00:00",17022,12.52359,305,1,-0.03,-0.38,-0.47,-0.03475,-0.04235,-0.04481,-0.13321,57.459,43.821
"2025-04-28 23:30:00",17023,12.53534,305,1,-0.028,-0.38,-0.43,-0.03415,-0.03909,-0.04419,-0.13257,58.158,44.83
"2025-04-29 00:00:00",17024,12.53282,305,1,-0.03,-0.42,-0.44,-0.03769,-0.03995,-0.04543,-0.13387,56.947,44.302
"2025-04-29 00:30:00",17025,12.5303,305,1,-0.028,-0.33,-0.47,-0.03021,-0.04271,-0.04265,-0.13873,57.072,44.682
"2025-04-29 01:00:00",17026,12.52862,305,1,-0.03,-0.39,-0.47,-0.03497,-0.04271,-0.04497,-0.13613,57.72,45.483
"2025-04-29 01:30:00",17027,12.51603,305,1,-0.028,-0.33,-0.47,-0.03005,-0.04259,-0.04021,-0.13873,58.117,45.049
"2025-04-29 02:00:00",17028,12.52443,305,1,-0.031,-0.36,-0.54,-0.03251,-0.04839,-0.04491,-0.13873,58.009,44.94
"2025-04-29 02:30:00",17029,12.52191,305,1,-0.027,-0.33,-0.44,-0.03005,-0.03969,-0.04015,-0.13843,57.022,45.208
"2025-04-29 03:00:00",17030,12.51939,305,1,-0.029,-0.35,-0.5,-0.03215,-0.04537,-0.04223,-0.14067,57.563,44.334
"2025-04-29 03:30:00",17031,12.50848,305,1,-0.029,-0.35,-0.5,-0.03229,-0.04549,-0.04459,-0.14103,58.24,43.911
"2025-04-29 04:00:00",17032,12.51268,305,1,-0.03,-0.33,-0.54,-0.02987,-0.04827,-0.04003,-0.14103,57.669,44.438
"2025-04-29 04:30:00",17033,12.51771,305,1,-0.029,-0.35,-0.5,-0.03229,-0.04537,-0.04239,-0.13843,58.022,45.357
"2025-04-29 05:00:00",17034,12.50008,305,1,-0.029,-0.33,-0.53,-0.02987,-0.04809,-0.04229,-0.14329,57.643,43.727
"2025-04-29 05:30:00",17035,12.49757,305,1,-0.034,-0.39,-0.6,-0.03497,-0.05395,-0.04497,-0.14363,57.703,44.885
"2025-04-29 06:00:00",17036,12.49589,305,1,-0.032,-0.38,-0.53,-0.03447,-0.04809,-0.04665,-0.14067,57.268,44.61
"2025-04-29 06:30:00",17037,12.51016,305,1,-0.027,-0.32,-0.47,-0.02941,-0.04209,-0.03953,-0.13517,57.268,45.025
"2025-04-29 07:00:00",17038,12.49589,305,1,-0.003,-0.11,0.03,-0.01103,0.00274,-0.02363,-0.10511,59.141,45.645
"2025-04-29 07:30:00",17039,12.51184,305,1,0.005,-0.04,0.22,-0.00437,0.01906,-0.01927,-0.09239,61.12,45.954
"2025-04-29 08:00:00",17040,12.51016,305,1,0.026,0.1,0.69,0.00848,0.06104,-0.00629,-0.06067,61.68,47.507
"2025-04-29 08:30:00",17041,12.51016,305,1,0.047,0.22,1.19,0.01942,0.10532,0.00422,-0.03009,61.912,48.444
"2025-04-29 09:00:00",17042,12.51435,305,1,0.072,0.48,1.66,0.0427,0.14687,0.02303,-0.00235,62.711,49.247
"2025-04-29 09:30:00",17043,12.51603,305,1,0.106,0.69,2.47,0.06138,0.21904,0.04148,0.04996,63.718,51.932
"2025-04-29 10:00:00",17044,12.51435,305,1,0.118,0.82,2.67,0.07284,0.23594,0.05117,0.06102,64.646,50.2
"2025-04-29 10:30:00",17045,12.52359,305,1,0.12,0.85,2.68,0.07518,0.23703,0.05327,0.06304,64.339,50.897
"2025-04-29 11:00:00",17046,12.51771,305,1,0.112,0.81,2.5,0.07149,0.22141,0.04648,0.05636,61.915,50.979
"2025-04-29 11:30:00",17047,12.53366,305,1,0.11,0.78,2.47,0.06881,0.21849,0.04628,0.05216,62.882,48.34
"2025-04-29 12:00:00",17048,12.52611,305,1,0.107,0.77,2.37,0.06792,0.20982,0.04368,0.04301,63.1,49.091
"2025-04-29 12:30:00",17049,12.52611,305,1,0.11,0.72,2.54,0.06414,0.2248,-99,0.0682,-99,51.274
"2025-04-29 13:00:00",17050,12.52443,305,1,0.113,0.88,2.44,0.0781,0.21566,0.053,0.05184,62.781,49.774
"2025-04-29 13:30:00",17051,12.54206,305,1,0.129,1.25,2.45,0.11034,0.21666,-99,0.06956,-99,53.514
"2025-04-29 14:00:00",17052,12.5345,305,1,0.061,-0.3,2.34,-0.02777,0.20724,-0.04317,0.04106,55.864,48.84
"2025-04-29 14:30:00",17053,12.53534,305,1,0.084,0.23,2.37,0.02004,0.20994,0.00217,0.04952,59.501,52.322
"2025-04-29 15:00:00",17054,12.54625,305,1,0.108,0.71,2.49,0.06274,0.22,0.02142,0.03069,57.612,48.355
"2025-04-29 15:30:00",17055,12.55129,305,1,0.115,0.87,2.51,0.07694,0.22194,0.0461,0.03956,61.693,49.521
"2025-04-29 16:00:00",17056,12.54541,305,1,0.137,1.51,2.35,0.13353,0.20836,0.1006,0.03052,64.819,47.235
"2025-04-29 16:30:00",17057,12.54625,305,1,0.12,1.1,2.36,0.09692,0.20874,0.0672,0.03464,63.301,48.474
"2025-04-29 17:00:00",17058,12.53618,305,1,0.072,0.16,2.07,0.0144,0.18333,-0.01157,0.01187,57.624,48.617
"2025-04-29 17:30:00",17059,12.5345,305,1,0.09,0.58,2.08,0.05136,0.18389,0.0187,0.00482,58.58,46.807
"2025-04-29 18:00:00",17060,12.54457,305,1,0.08,0.54,1.82,0.04798,0.16126,0.01608,-0.01453,56.957,45.347
"2025-04-29 18:30:00",17061,12.54038,305,1,0.068,0.43,1.59,0.03808,0.14081,0.00914,-0.02423,56.897,47.619
"2025-04-29 19:00:00",17062,12.54206,305,1,0.049,0.32,1.14,0.02849,0.10048,0.00226,-0.05093,58.764,47.146
"2025-04-29 19:30:00",17063,12.52695,305,1,0.023,0.11,0.58,0.00945,0.0514,-0.01369,-0.07795,57.973,44.261
"2025-04-29 20:00:00",17064,12.53366,305,1,0,-0.1,0.13,-0.00941,0.01146,-0.02493,-0.10231,58.583,46.644
"2025-04-29 20:30:00",17065,12.51435,305,1,-0.007,-0.18,-0.02,-0.01649,-0.00287,-0.03179,-0.11489,58.473,44.178
"2025-04-29 21:00:00",17066,12.52946,305,1,-0.019,-0.28,-0.25,-0.02565,-0.02277,-0.03827,-0.12183,57.713,46.082
"2025-04-29 21:30:00",17067,12.51519,305,1,-0.019,-0.25,-0.31,-0.02315,-0.02839,-0.03589,-0.12903,58.506,44.894
"2025-04-29 22:00:00",17068,12.52527,305,1,-0.024,-0.33,-0.37,-0.03021,-0.03393,-0.04051,-0.12903,57.427,44.797
"2025-04-29 22:30:00",17069,12.50848,305,1,-0.028,-0.36,-0.44,-0.03273,-0.03969,-0.04299,-0.12903,57.706,43.823
"2025-04-29 23:00:00",17070,12.50764,305,1,-0.024,-0.32,-0.37,-0.02949,-0.03373,-0.04203,-0.13095,59.106,45.379
"2025-04-29 23:30:00",17071,12.51687,305,1,-0.024,-0.3,-0.4,-0.02743,-0.03637,-0.03997,-0.12839,59.454,44.324
"2025-04-30 00:00:00",17072,12.5068,305,1,-0.022,-0.3,-0.34,-0.02747,-0.03073,-0.04003,-0.12805,59.012,46.39
"2025-04-30 00:30:00",17073,12.51519,305,1,-0.025,-0.35,-0.37,-0.03219,-0.03337,-0.04465,-0.12775,58.699,45.247
"2025-04-30 01:00:00",17074,12.50512,305,1,-0.022,-0.3,-0.34,-0.02787,-0.03077,-0.04051,-0.12577,57.917,44.047
"2025-04-30 01:30:00",17075,12.50344,305,1,-0.023,-0.33,-0.34,-0.03005,-0.03077,-0.04259,-0.12611,58.614,46.408
"2025-04-30 02:00:00",17076,12.50344,305,1,-0.022,-0.3,-0.34,-0.02771,-0.03097,-0.04031,-0.12379,58.676,44.957
"2025-04-30 02:30:00",17077,12.51352,305,1,-0.024,-0.31,-0.37,-0.02799,-0.03373,-0.04065,-0.12869,57.309,44.527
"2025-04-30 03:00:00",17078,12.51184,305,1,-0.024,-0.33,-0.37,-0.03005,-0.03373,-0.04249,-0.13095,59.021,45.305
"2025-04-30 03:30:00",17079,12.50176,305,1,-0.02,-0.28,-0.31,-0.02545,-0.02817,-0.04051,-0.12641,57.941,45.895
"2025-04-30 04:00:00",17080,12.49589,305,1,-0.021,-0.3,-0.31,-0.02771,-0.02811,-0.03803,-0.12379,58.276,45.907
"2025-04-30 04:30:00",17081,12.51016,305,1,-0.024,-0.33,-0.37,-0.02995,-0.03373,-0.04021,-0.12869,58.175,46.38
"2025-04-30 05:00:00",17082,12.49673,305,1,-0.022,-0.28,-0.37,-0.02543,-0.03373,-0.03809,-0.12869,57.955,45.328
"2025-04-30 05:30:00",17083,12.50848,305,1,-0.024,-0.33,-0.37,-0.03017,-0.03373,-0.04265,-0.12869,57.953,43.815
"2025-04-30 06:00:00",17084,12.49673,305,1,-0.026,-0.36,-0.37,-0.03269,-0.03383,-0.04517,-0.12641,57.9,44.44
"2025-04-30 06:30:00",17085,12.49169,305,1,-0.009,-0.23,-0.02,-0.02085,-0.00281,-0.03141,-0.10951,58.739,45.434
"2025-04-30 07:00:00",17086,12.49169,305,1,0.006,-0.09,0.32,-0.00909,0.02792,-0.02657,-0.08933,59.928,46.311
"2025-04-30 07:30:00",17087,12.49505,305,1,0.022,0.08,0.59,0.00668,0.05252,-0.01097,-0.06951,59.467,46.996
"2025-04-30 08:00:00",17088,12.49169,305,1,0.033,0.15,0.84,0.01353,0.07429,-0.00441,-0.05729,60.551,47.509
"2025-04-30 08:30:00",17089,12.50176,305,1,0.035,0.15,0.93,0.01354,0.0822,-0.00439,-0.05241,59.879,46.002
"2025-04-30 09:00:00",17090,12.50344,305,1,0.047,0.3,1.11,0.02676,0.09816,0.0065,-0.03795,60.436,48.649
"2025-04-30 09:30:00",17091,12.49001,305,1,0.065,0.43,1.5,0.03828,0.13282,0.01756,-0.01659,61.208,47.754
"2025-04-30 10:00:00",17092,12.50596,305,1,0.076,0.44,1.83,0.03884,0.16236,0.02117,0.0093,61.573,49.537
"2025-04-30 10:30:00",17093,12.50428,305,1,0.102,0.71,2.29,0.06311,0.20283,0.04262,0.03252,63.551,49.117
"2025-04-30 11:00:00",17094,12.50848,305,1,0.124,0.91,2.75,0.08016,0.2437,0.05508,0.0663,63.277,50.108
"2025-04-30 11:30:00",17095,12.50848,305,1,0.135,1.04,2.9,0.09213,0.25628,0.06644,0.0734,62.659,51.163
"2025-04-30 12:00:00",17096,12.49841,305,1,0.14,1.08,3.02,0.0957,0.26736,0.07096,0.08386,64.275,50.282
"2025-04-30 12:30:00",17097,12.51352,305,1,0.137,0.99,3.04,0.08804,0.2693,0.07117,0.09166,67.766,52.692
"2025-04-30 13:00:00",17098,12.50848,305,1,0.142,1.18,2.94,0.1045,0.26058,0.08718,0.08698,66.525,52.553
"2025-04-30 13:30:00",17099,12.51603,305,1,0.15,1.32,3.01,0.11692,0.2663,0.07642,0.0778,60.652,50.318
"2025-04-30 14:00:00",17100,12.511,305,1,0.139,1.11,2.96,0.09828,0.26238,0.05516,0.0734,59.262,50.846
"2025-04-30 14:30:00",17101,12.52023,305,1,0.186,2.11,3.11,0.1871,0.27488,-99,0.08836,-99,51.037
"2025-04-30 15:00:00",17102,12.50344,305,1,0.126,0.96,2.74,0.08518,0.24254,0.03654,0.0497,58.094,49.267
"2025-04-30 15:30:00",17103,12.52191,305,1,0.158,1.64,2.85,0.14487,0.25263,-99,0.07928,-99,51.111
"2025-04-30 16:00:00",17104,12.51771,305,1,0.114,0.9,2.43,0.07984,0.21528,0.06114,0.04428,67.808,49.424
"2025-04-30 16:30:00",17105,12.51184,305,1,0.135,1.2,2.71,0.10649,0.23952,-99,0.07408,-99,52.06
"2025-04-30 17:00:00",17106,12.51184,305,1,0.095,0.49,2.37,0.04318,0.20996,0.00724,0.02852,56.662,48.654
"2025-04-30 17:30:00",17107,12.51519,305,1,0.092,0.67,2.04,0.05924,0.18022,0.02598,-0.00491,58.631,47.701
"2025-04-30 18:00:00",17108,12.52359,305,1,0.088,0.63,1.97,0.05612,0.17434,0.02105,-0.00243,59.288,47.115
"2025-04-30 18:30:00",17109,12.50932,305,1,0.078,0.52,1.8,0.046,0.15952,0.0163,-0.01223,58.591,47.093
"2025-04-30 19:00:00",17110,12.51855,305,1,0.057,0.38,1.32,0.03387,0.11674,0.00465,-0.03695,58.356,45.762
"2025-04-30 19:30:00",17111,12.51855,305,1,0.028,0.06,0.8,0.00499,0.07059,-0.01665,-0.06933,57.416,44.816
"2025-04-30 20:00:00",17112,12.51352,305,1,0.01,-0.05,0.37,-0.00491,0.0325,-0.02585,-0.09459,57.018,44.569
"2025-04-30 20:30:00",17113,12.50932,305,1,-0.002,-0.18,0.13,-0.01685,0.01169,-0.03237,-0.10405,58.22,45.458
"2025-04-30 21:00:00",17114,12.50848,305,1,-0.011,-0.23,-0.06,-0.02151,-0.00585,-0.03683,-0.11661,57.007,44.392
"2025-04-30 21:30:00",17115,12.49924,305,1,-0.014,-0.23,-0.16,-0.02157,-0.01461,-0.03475,-0.12425,57.808,44.93
"2025-04-30 22:00:00",17116,12.47994,305,1,-0.021,-0.34,-0.25,-0.03113,-0.02339,-0.04397,-0.12425,58.253,44.531
"2025-04-30 22:30:00",17117,12.49505,305,1,-0.021,-0.29,-0.32,-0.02621,-0.02909,-0.04141,-0.12659,57.748,44.701
"2025-04-30 23:00:00",17118,12.49505,305,1,-0.024,-0.34,-0.35,-0.03087,-0.03199,-0.04367,-0.13153,56.861,44.806
"2025-04-30 23:30:00",17119,12.49001,305,1,-0.025,-0.34,-0.38,-0.03087,-0.03475,-0.04367,-0.13123,57.945,44.747
"2025-05-01 00:00:00",17120,12.47658,305,1,-0.026,-0.36,-0.38,-0.03313,-0.03475,-0.04819,-0.13123,57.227,45.697
"2025-05-01 00:30:00",17121,12.4707,305,1,-0.026,-0.34,-0.41,-0.03077,-0.03753,-0.04355,-0.13123,57.22,44.59
"2025-05-01 01:00:00",17122,12.47742,305,1,-0.027,-0.36,-0.41,-0.03305,-0.03753,-0.04569,-0.13123,58.018,44.553
"2025-05-01 01:30:00",17123,12.48162,305,1,-0.029,-0.39,-0.42,-0.03569,-0.03769,-0.04833,-0.13655,57.888,44.586
"2025-05-01 02:00:00",17124,12.46819,305,1,-0.028,-0.37,-0.42,-0.03341,-0.03769,-0.04613,-0.12885,57.865,44.974
"2025-05-01 02:30:00",17125,12.4791,305,1,-0.029,-0.39,-0.45,-0.03541,-0.04035,-0.04803,-0.13123,58.658,44.776
"2025-05-01 03:00:00",17126,12.46567,305,1,-0.031,-0.42,-0.45,-0.03785,-0.04035,-0.04581,-0.13619,57.625,43.999
"2025-05-01 03:30:00",17127,12.46147,305,1,-0.031,-0.39,-0.51,-0.03531,-0.04601,-0.04559,-0.13619,57.813,44.768
"2025-05-01 04:00:00",17128,12.46231,305,1,-0.033,-0.42,-0.51,-0.03819,-0.04613,-0.04847,-0.13851,58.272,44.236
"2025-05-01 04:30:00",17129,12.46147,305,1,-0.031,-0.39,-0.51,-0.03521,-0.04585,-0.04549,-0.13851,58.449,45.136
"2025-05-01 05:00:00",17130,12.47154,305,1,-0.032,-0.41,-0.51,-0.03751,-0.04601,-0.04549,-0.13851,57.847,44.216
"2025-05-01 05:30:00",17131,12.46819,305,1,-0.032,-0.39,-0.54,-0.03535,-0.04881,-0.04569,-0.14083,58.258,45.621
"2025-05-01 06:00:00",17132,12.46986,305,1,-0.034,-0.39,-0.61,-0.03521,-0.05459,-0.04783,-0.14351,57.748,45.123
"2025-05-01 06:30:00",17133,12.45559,305,1,-0.031,-0.36,-0.54,-0.03299,-0.04869,-0.04559,-0.14083,57.517,45.456
"2025-05-01 07:00:00",17134,12.46567,305,1,-0.023,-0.32,-0.34,-0.02963,-0.03087,-0.03779,-0.12701,58.27,44.391
"2025-05-01 07:30:00",17135,12.46986,305,1,-0.02,-0.33,-0.24,-0.03005,-0.02249,-0.04265,-0.11721,58.814,44.785
"2025-05-01 08:00:00",17136,12.46819,305,1,-0.015,-0.25,-0.18,-0.02305,-0.01695,-0.03589,-0.11263,59.839,46.217
"2025-05-01 08:30:00",17137,12.45475,305,1,0.007,-0.04,0.28,-0.00455,0.0248,-0.01547,-0.08449,60.319,47.124
"2025-05-01 09:00:00",17138,12.46986,305,1,0.013,-0.04,0.47,-0.00467,0.04148,-0.02025,-0.07465,59.01,47.237
"2025-05-01 09:30:00",17139,12.45559,305,1,0.031,0.13,0.81,0.01146,0.07184,-0.00669,-0.05775,59.801,47.605
"2025-05-01 10:00:00",17140,12.46902,305,1,0.056,0.37,1.29,0.03306,0.11455,0.01508,-0.02387,62.917,47.652
"2025-05-01 10:30:00",17141,12.47322,305,1,0.042,0.21,1.05,0.01834,0.09322,0,-0.04065,60.835,47.393
"2025-05-01 11:00:00",17142,12.46986,305,1,0.046,0.31,1.06,0.02714,0.09399,0.00661,-0.03849,60.916,47.729
"2025-05-01 11:30:00",17143,12.46315,305,1,0.079,0.5,1.85,0.04425,0.16392,0.02908,0.01397,65.288,49.611
"2025-05-01 12:00:00",17144,12.47658,305,1,0.082,0.56,1.85,0.04934,0.16336,0.02275,0.00708,58.866,49.182
"2025-05-01 12:30:00",17145,12.46399,305,1,0.071,0.45,1.65,0.03966,0.14607,0.01353,-0.00953,59.923,47.321
"2025-05-01 13:00:00",17146,12.47574,305,1,0.097,0.57,2.32,0.0505,0.20498,-99,0.05428,-99,52.432
"2025-05-01 13:30:00",17147,12.46231,305,1,0.11,1,2.17,0.0889,0.19168,0.05092,0.02816,59.7,48.932
"2025-05-01 14:00:00",17148,12.47826,305,1,0.115,0.65,2.81,0.05736,0.24868,0.03109,0.07748,59.588,51.586
"2025-05-01 14:30:00",17149,12.46735,305,1,0.157,1.68,2.77,0.14907,0.24525,-99,0.06482,-99,50.492
"2025-05-01 15:00:00",17150,12.47154,305,1,0.122,0.99,2.56,0.08742,0.22622,0.0467,0.04495,58.76,47.846
"2025-05-01 15:30:00",17151,12.48581,305,1,0.124,0.94,2.68,0.08288,0.23764,0.06476,0.06072,65.831,49.759
"2025-05-01 16:00:00",17152,12.47742,305,1,0.12,0.99,2.49,0.08805,0.22063,0.0497,0.04048,61.379,50.2
"2025-05-01 16:30:00",17153,12.47406,305,1,0.135,1.19,2.72,0.10572,0.24054,-99,0.06866,-99,51.593
"2025-05-01 17:00:00",17154,12.48749,305,1,0.086,0.48,2.1,0.04246,0.18599,0.0144,0.0097,58.326,48.494
"2025-05-01 17:30:00",17155,12.47742,305,1,0.107,0.79,2.34,0.0695,0.20682,0.03548,0.02196,57.623,45.607
"2025-05-01 18:00:00",17156,12.4749,305,1,0.089,0.59,2.04,0.05252,0.18071,0.01904,-0.00245,58.953,45.68
"2025-05-01 18:30:00",17157,12.47826,305,1,0.07,0.47,1.6,0.0413,0.14142,0.01164,-0.02483,59.218,46.622
"2025-05-01 19:00:00",17158,12.48497,305,1,0.046,0.3,1.05,0.02634,0.09334,-0.00235,-0.05197,58.61,45.022
"2025-05-01 19:30:00",17159,12.47994,305,1,0.023,0.08,0.62,0.00716,0.05514,-0.01387,-0.07409,58.764,45.736
"2025-05-01 20:00:00",17160,12.46231,305,1,0.006,-0.07,0.29,-0.00713,0.026,-0.02075,-0.09157,59.334,44.223
"2025-05-01 20:30:00",17161,12.4749,305,1,-0.005,-0.15,0,-0.01431,0,-0.03229,-0.10877,56.688,45.745
"2025-05-01 21:00:00",17162,12.46986,305,1,-0.014,-0.26,-0.12,-0.02385,-0.01163,-0.03925,-0.11661,57.824,45.621
"2025-05-01 21:30:00",17163,12.47154,305,1,-0.021,-0.34,-0.25,-0.03073,-0.02301,-0.04135,-0.12361,59.728,45.705
"2025-05-01 22:00:00",17164,12.46567,305,1,-0.023,-0.37,-0.28,-0.03331,-0.02595,-0.04601,-0.12361,57.857,43.157
"2025-05-01 22:30:00",17165,12.45811,305,1,-0.022,-0.31,-0.32,-0.02871,-0.02881,-0.04161,-0.12395,57.391,44.93
"2025-05-01 23:00:00",17166,12.45895,305,1,-0.025,-0.39,-0.32,-0.03563,-0.02881,-0.04601,-0.12885,58.228,45.763
"2025-05-01 23:30:00",17167,12.46315,305,1,-0.026,-0.37,-0.38,-0.03331,-0.03463,-0.04601,-0.12885,57.057,45.851
"2025-05-02 00:00:00",17168,12.44972,305,1,-0.023,-0.31,-0.35,-0.02863,-0.03185,-0.04383,-0.12919,57.918,46.135
"2025-05-02 00:30:00",17169,12.45979,305,1,-0.022,-0.34,-0.28,-0.03077,-0.02601,-0.04141,-0.12659,58.79,44.505
"2025-05-02 01:00:00",17170,12.44636,305,1,-0.021,-0.31,-0.28,-0.02863,-0.02601,-0.04151,-0.12425,58.806,45.509
"2025-05-02 01:30:00",17171,12.44216,305,1,-0.02,-0.28,-0.28,-0.02609,-0.02601,-0.03683,-0.11897,57.671,45.882
"2025-05-02 02:00:00",17172,12.45811,305,1,-0.023,-0.37,-0.28,-0.03341,-0.02595,-0.04859,-0.12395,58.036,45.413
"2025-05-02 02:30:00",17173,12.45308,305,1,-0.022,-0.31,-0.32,-0.02845,-0.02881,-0.03905,-0.12163,59.221,45.507
"2025-05-02 03:00:00",17174,12.45224,305,1,-0.02,-0.31,-0.25,-0.02813,-0.02297,-0.03871,-0.11869,59.898,45.6
"2025-05-02 03:30:00",17175,12.43796,305,1,-0.022,-0.34,-0.28,-0.03077,-0.02595,-0.04367,-0.11897,58.994,43.864
"2025-05-02 04:00:00",17176,12.44132,305,1,-0.019,-0.26,-0.28,-0.02371,-0.02587,-0.03669,-0.11869,59.979,44.852
"2025-05-02 04:30:00",17177,12.43713,305,1,-0.023,-0.34,-0.31,-0.03095,-0.02871,-0.04151,-0.12361,57.311,46.095
"2025-05-02 05:00:00",17178,12.45056,305,1,-0.016,-0.23,-0.22,-0.02137,-0.02011,-0.03683,-0.11869,57.8,46.175
"2025-05-02 05:30:00",17179,12.43964,305,1,-0.025,-0.37,-0.32,-0.03331,-0.02877,-0.04601,-0.12885,58.342,45.463
"2025-05-02 06:00:00",17180,12.4472,305,1,-0.023,-0.31,-0.35,-0.02849,-0.03171,-0.04151,-0.12885,58.569,45.372
"2025-05-02 06:30:00",17181,12.443,305,1,-0.003,-0.18,0.1,-0.01663,0.0086,-0.02995,-0.10123,59.138,45.84
"2025-05-02 07:00:00",17182,12.44384,305,1,0.012,-0.02,0.42,-0.00233,0.0371,-0.01819,-0.08125,59.798,45.772
"2025-05-02 07:30:00",17183,12.44216,305,1,0.028,0.1,0.77,0.00924,0.06782,-0.00903,-0.05859,59.686,45.4
"2025-05-02 08:00:00",17184,12.44132,305,1,0.043,0.21,1.08,0.01848,0.09558,-0.00227,-0.03899,60.462,44.926
"2025-05-02 08:30:00",17185,12.42957,305,1,0.066,0.41,1.54,0.03664,0.1361,0.01116,-0.01447,61.816,47.791
"2025-05-02 09:00:00",17186,12.43796,305,1,0.071,0.47,1.64,0.04136,0.14508,0.02014,-0.00725,60.773,48.574
"2025-05-02 09:30:00",17187,12.44636,305,1,0.096,0.65,2.2,0.0579,0.1949,0.03704,0.02849,62.141,49.116
"2025-05-02 10:00:00",17188,12.44216,305,1,0.112,0.81,2.47,0.07206,0.21884,0.04392,0.04252,62.169,50.243
"2025-05-02 10:30:00",17189,12.443,305,1,0.124,0.88,2.76,0.07754,0.24446,0.05207,0.06588,64.7,48.926
"2025-05-02 11:00:00",17190,12.44384,305,1,0.133,0.99,2.92,0.08796,0.25883,0.06243,0.07458,63.778,51.342
"2025-05-02 11:30:00",17191,12.44132,305,1,0.132,0.95,2.93,0.08422,0.25952,0.05764,0.07232,62.823,51.221
"2025-05-02 12:00:00",17192,12.43881,305,1,0.141,1.03,3.13,0.09154,0.27688,0.06839,0.09022,64.493,50.508
"2025-05-02 12:30:00",17193,12.45308,305,1,0.133,1.02,2.86,0.09048,0.25324,-99,0.07984,-99,52
"2025-05-02 13:00:00",17194,12.45056,305,1,0.136,1.06,2.91,0.09414,0.25782,0.07872,0.08639,70.003,52.292
