"TOA5","CR200Series_304","CR2xx","","v05","Sapflux2sensor.","63887","Table1"
"TIMESTAMP","RECORD","BattV_Min","id","SDI0","SapFlwTot0","VhOuter0","VhInner0","AlphaOut0","AlphaIn0","BetaOut0","BetaIn0","tMaxTout0","tMaxTin0"
"TS","RN","Volts","","","literPerHo","heatVeloci","heatVeloci","logTRatio","logTRatio","logTRatio","logTRatio","second","second"
"","","Min","Smp","Smp","Smp","Smp","Smp","Smp","Smp","Smp","Smp","Smp","Smp"
"2025-04-15 10:30:00",17380,13.01802,304,0,-0.03,-0.48,-0.35,-0.04339,-0.03149,-0.05877,-0.10745,55.388,40.413
"2025-04-15 11:00:00",17381,12.98024,304,0,-0.024,-0.33,-0.37,-0.03003,-0.03405,-0.04805,-0.10899,55.522,39.718
"2025-04-15 11:30:00",17382,12.97772,304,0,-0.022,-0.32,-0.31,-0.02957,-0.02831,-0.04567,-0.10719,55.145,39.352
"2025-04-15 12:00:00",17383,12.98024,304,0,-0.024,-0.37,-0.31,-0.03331,-0.02817,-0.04915,-0.10867,55.526,40.438
"2025-04-15 12:30:00",17384,12.9836,304,0,-0.026,-0.42,-0.31,-0.03801,-0.02839,-0.05373,-0.10733,54.59,39.608
"2025-04-15 13:00:00",17385,12.98612,304,0,-0.029,-0.46,-0.33,-0.04159,-0.03009,-0.05717,-0.10719,55.87,39.555
"2025-04-15 13:30:00",17386,12.97521,304,0,-0.036,-0.59,-0.38,-0.05343,-0.03437,-0.06849,-0.11081,54.852,39.05
"2025-04-15 14:00:00",17387,12.97521,304,0,-0.029,-0.41,-0.41,-0.03721,-0.03697,-0.05519,-0.11499,53.677,39.667
"2025-04-15 14:30:00",17388,12.96597,304,0,-0.033,-0.53,-0.39,-0.04777,-0.03507,-0.06313,-0.11349,53.542,39.937
"2025-04-15 15:00:00",17389,12.96429,304,0,-0.032,-0.5,-0.38,-0.04523,-0.03479,-0.06267,-0.11315,53.577,39.308
"2025-04-15 15:30:00",17390,12.96261,304,0,-0.031,-0.47,-0.38,-0.04265,-0.03461,-0.06019,-0.11283,54.445,38.953
"2025-04-15 16:00:00",17391,12.96597,304,0,-0.026,-0.41,-0.31,-0.03691,-0.02831,-0.05067,-0.10881,56.467,39.751
"2025-04-15 16:30:00",17392,12.96094,304,0,-0.013,-0.16,-0.24,-0.01503,-0.02233,-0.03107,-0.10195,58.527,40.58
"2025-04-15 17:00:00",17393,12.93156,304,0,-0.023,-0.3,-0.35,-0.02787,-0.03199,-0.04601,-0.10867,55.982,40.078
"2025-04-15 17:30:00",17394,12.96429,304,0,-0.026,-0.35,-0.38,-0.03229,-0.03437,-0.05021,-0.10949,55.134,39.342
"2025-04-15 18:00:00",17395,12.95842,304,0,-0.037,-0.64,-0.37,-0.05743,-0.03405,-0.07065,-0.11045,54.734,39.247
"2025-04-15 18:30:00",17396,12.96849,304,0,-0.034,-0.5,-0.46,-0.04485,-0.04127,-0.06635,-0.11707,52.379,39.036
"2025-04-15 19:00:00",17397,12.96849,304,0,-0.033,-0.51,-0.39,-0.04635,-0.03533,-0.06389,-0.11555,53.193,39.427
"2025-04-15 19:30:00",17398,12.96094,304,0,-0.033,-0.51,-0.41,-0.04569,-0.03727,-0.06113,-0.11555,54.466,38.659
"2025-04-15 20:00:00",17399,12.95506,304,0,-0.033,-0.48,-0.43,-0.04311,-0.03885,-0.05863,-0.11499,54.302,38.908
"2025-04-15 20:30:00",17400,12.9198,304,0,-0.033,-0.48,-0.43,-0.04327,-0.03893,-0.05685,-0.11349,54.215,39.532
"2025-04-15 21:00:00",17401,12.94834,304,0,-0.03,-0.43,-0.41,-0.03869,-0.03683,-0.05625,-0.11169,53.596,38.914
"2025-04-15 21:30:00",17402,12.93995,304,0,-0.03,-0.43,-0.41,-0.03861,-0.03679,-0.05625,-0.11315,54.614,39.369
"2025-04-15 22:00:00",17403,12.90973,304,0,-0.03,-0.45,-0.38,-0.04057,-0.03487,-0.05625,-0.11333,53.634,38.962
"2025-04-15 22:30:00",17404,12.93659,304,0,-0.029,-0.43,-0.38,-0.03861,-0.03479,-0.05619,-0.11315,53.398,39.634
"2025-04-15 23:00:00",17405,12.93072,304,0,-0.03,-0.45,-0.4,-0.04085,-0.03667,-0.05651,-0.11315,53.646,40.04
"2025-04-15 23:30:00",17406,12.92652,304,0,-0.03,-0.45,-0.4,-0.04095,-0.03667,-0.05851,-0.11315,53.544,39.682
"2025-04-16 00:00:00",17407,12.92232,304,0,-0.03,-0.42,-0.42,-0.03819,-0.03835,-0.05775,-0.11283,55.125,39.322
"2025-04-16 00:30:00",17408,12.9198,304,0,-0.03,-0.42,-0.42,-0.03837,-0.03849,-0.05593,-0.11297,54.207,39.116
"2025-04-16 01:00:00",17409,12.92484,304,0,-0.031,-0.45,-0.41,-0.04077,-0.03679,-0.05641,-0.11315,54.043,39.364
"2025-04-16 01:30:00",17410,12.91645,304,0,-0.031,-0.45,-0.43,-0.04053,-0.03867,-0.05807,-0.11333,54.31,39.733
"2025-04-16 02:00:00",17411,12.91728,304,0,-0.029,-0.42,-0.38,-0.03837,-0.03461,-0.05409,-0.11297,55.956,39.636
"2025-04-16 02:30:00",17412,12.91225,304,0,-0.028,-0.4,-0.4,-0.03627,-0.03653,-0.05203,-0.11297,54.378,39.54
"2025-04-16 03:00:00",17413,12.90637,304,0,-0.031,-0.45,-0.43,-0.04071,-0.03871,-0.05625,-0.11499,53.699,39.271
"2025-04-16 03:30:00",17414,12.87447,304,0,-0.031,-0.45,-0.42,-0.04053,-0.03849,-0.05807,-0.11297,53.782,39.103
"2025-04-16 04:00:00",17415,12.87195,304,0,-0.03,-0.45,-0.4,-0.04035,-0.03657,-0.05981,-0.11003,53.957,39.682
"2025-04-16 04:30:00",17416,12.90217,304,0,-0.031,-0.45,-0.43,-0.04077,-0.03867,-0.05641,-0.11169,54.155,38.914
"2025-04-16 05:00:00",17417,12.86944,304,0,-0.031,-0.43,-0.43,-0.03861,-0.03853,-0.05619,-0.11145,53.264,39.662
"2025-04-16 05:30:00",17418,12.89546,304,0,-0.028,-0.4,-0.38,-0.03645,-0.03479,-0.05419,-0.11017,54.71,39.211
"2025-04-16 06:00:00",17419,12.89294,304,0,-0.031,-0.47,-0.38,-0.04259,-0.03479,-0.05807,-0.11333,53.741,38.908
"2025-04-16 06:30:00",17420,12.89294,304,0,-0.03,-0.42,-0.43,-0.03847,-0.03853,-0.05605,-0.11333,54.342,39.656
"2025-04-16 07:00:00",17421,12.8879,304,0,-0.025,-0.35,-0.36,-0.03153,-0.03251,-0.04747,-0.10967,55.485,39.167
"2025-04-16 07:30:00",17422,12.8879,304,0,-0.024,-0.34,-0.33,-0.03121,-0.03021,-0.04711,-0.10751,56.011,39.943
"2025-04-16 08:00:00",17423,12.88287,304,0,-0.026,-0.36,-0.37,-0.03299,-0.03373,-0.04861,-0.10849,55.744,39.681
"2025-04-16 08:30:00",17424,12.88623,304,0,-0.023,-0.36,-0.3,-0.03247,-0.02777,-0.04807,-0.10635,56.459,39.58
"2025-04-16 09:00:00",17425,12.90217,304,0,-0.021,-0.29,-0.3,-0.02645,-0.02775,-0.04227,-0.10475,55.95,39.891
"2025-04-16 09:30:00",17426,12.90469,304,0,-0.025,-0.42,-0.28,-0.03849,-0.02587,-0.05027,-0.10453,55.668,40.582
"2025-04-16 10:00:00",17427,12.91393,304,0,-0.024,-0.36,-0.31,-0.03287,-0.02795,-0.04861,-0.10489,57.193,39.345
"2025-04-16 10:30:00",17428,12.924,304,0,-0.024,-0.4,-0.26,-0.03653,-0.02413,-0.05027,-0.10617,55.542,39.901
"2025-04-16 11:00:00",17429,12.92988,304,0,-0.025,-0.41,-0.28,-0.03679,-0.02593,-0.05239,-0.10599,56.371,40.575
"2025-04-16 11:30:00",17430,12.93491,304,0,-0.032,-0.52,-0.35,-0.04721,-0.03203,-0.06251,-0.10867,53.931,39.665
"2025-04-16 12:00:00",17431,12.90217,304,0,-0.023,-0.45,-0.15,-0.04033,-0.01415,-0.04839,-0.09317,60.815,41.748
"2025-04-16 12:30:00",17432,12.94079,304,0,-0.0009999999,-0.08,0.04,-0.008309999,0.00336,-0.01313,-0.08243,64.978,42.652
"2025-04-16 13:00:00",17433,12.94079,304,0,-0.054,-0.86,-0.59,-0.07679,-0.05341,-0.08793,-0.12377,51.855,39.083
"2025-04-16 13:30:00",17434,12.9517,304,0,-0.023,-0.43,-0.19,-0.03907,-0.01745,-0.04915,-0.09575,57.912,41.875
"2025-04-16 14:00:00",17435,12.95506,304,0,0.01,0.65,-0.54,0.05751,-0.04901,0.01156,-0.12359,64.952,39.754
"2025-04-16 14:30:00",17436,12.9601,304,0,-0.1,-1.64,-1.04,-0.14617,-0.09257,-0.14207,-0.14737,47.047,37.796
"2025-04-16 15:00:00",17437,12.96177,304,0,-0.045,-0.67,-0.56,-0.06009,-0.05035,-0.08375,-0.12151,51.932,38.743
"2025-04-16 15:30:00",17438,12.95422,304,0,0.025,0.51,0.12,0.04538,0.01084,-99,-0.06635,-99,45.09
"2025-04-16 16:00:00",17439,12.92904,304,0,-0.106,-2.04,-0.7,-0.18133,-0.06245,-0.14525,-0.12359,47.415,39.546
"2025-04-16 16:30:00",17440,12.95506,304,0,-0.042,-0.54,-0.66,-0.04835,-0.05957,-0.07299,-0.13597,50.561,37.932
"2025-04-16 17:00:00",17441,12.96177,304,0,0,0.37,-0.53,0.03245,-0.04771,-0.00599,-0.12587,60.673,39.045
"2025-04-16 17:30:00",17442,12.9601,304,0,0.034,0.79,0.04,0.06996,0.00374,0.05609,-0.09003,67.519,40.422
"2025-04-16 18:00:00",17443,12.95338,304,0,-0.019,-0.2,-0.37,-0.01835,-0.03347,-0.03907,-0.11463,56.073,39.459
"2025-04-16 18:30:00",17444,12.91477,304,0,-0.032,-0.43,-0.49,-0.03851,-0.04465,-0.06309,-0.11935,52.144,38.541
"2025-04-16 19:00:00",17445,12.93911,304,0,-0.034,-0.51,-0.45,-0.04597,-0.04047,-0.06367,-0.11915,52.769,38.907
"2025-04-16 19:30:00",17446,12.93072,304,0,-0.034,-0.53,-0.42,-0.04747,-0.03819,-0.06705,-0.11873,53.236,39.069
"2025-04-16 20:00:00",17447,12.93323,304,0,-0.031,-0.47,-0.4,-0.04249,-0.03589,-0.06017,-0.11497,52.632,39.433
"2025-04-16 20:30:00",17448,12.92652,304,0,-0.034,-0.51,-0.44,-0.04605,-0.03957,-0.06353,-0.11631,52.763,38.903
"2025-04-16 21:00:00",17449,12.88706,304,0,-0.03,-0.44,-0.39,-0.03943,-0.03559,-0.06113,-0.11311,53.084,39.067
"2025-04-16 21:30:00",17450,12.91561,304,0,-0.031,-0.46,-0.39,-0.04133,-0.03533,-0.05505,-0.11257,54.45,39.466
"2025-04-16 22:00:00",17451,12.89798,304,0,-0.031,-0.46,-0.39,-0.04133,-0.03533,-0.05705,-0.11275,53.206,39.183
"2025-04-16 22:30:00",17452,12.89966,304,0,-0.03,-0.45,-0.39,-0.04103,-0.03521,-0.05863,-0.11257,54.532,39.283
"2025-04-16 23:00:00",17453,12.8879,304,0,-0.03,-0.43,-0.41,-0.03897,-0.03717,-0.05673,-0.11257,53.771,39.595
"2025-04-16 23:30:00",17454,12.8921,304,0,-0.03,-0.43,-0.41,-0.03893,-0.03709,-0.05667,-0.11403,54.525,38.872
"2025-04-17 00:00:00",17455,12.88706,304,0,-0.031,-0.45,-0.43,-0.04077,-0.03893,-0.05641,-0.11385,54.997,38.673
"2025-04-17 00:30:00",17456,12.88539,304,0,-0.031,-0.43,-0.43,-0.03893,-0.03907,-0.05863,-0.11569,54.291,39.448
"2025-04-17 01:00:00",17457,12.88539,304,0,-0.031,-0.45,-0.41,-0.04085,-0.03701,-0.05651,-0.11257,53.567,39.546
"2025-04-17 01:30:00",17458,12.87699,304,0,-0.03,-0.43,-0.41,-0.03861,-0.03697,-0.05819,-0.11385,54.463,39.614
"2025-04-17 02:00:00",17459,12.87531,304,0,-0.03,-0.41,-0.43,-0.03689,-0.03903,-0.05473,-0.11257,54.698,39.036
"2025-04-17 02:30:00",17460,12.8644,304,0,-0.032,-0.48,-0.41,-0.04307,-0.03701,-0.06055,-0.11403,53.833,39.141
"2025-04-17 03:00:00",17461,12.8686,304,0,-0.03,-0.43,-0.41,-0.03883,-0.03701,-0.05461,-0.11403,53.594,39.169
"2025-04-17 03:30:00",17462,12.85852,304,0,-0.034,-0.54,-0.39,-0.04911,-0.03507,-0.06245,-0.11403,53.052,39.031
"2025-04-17 04:00:00",17463,12.86776,304,0,-0.03,-0.45,-0.38,-0.04071,-0.03495,-0.05625,-0.11223,54.321,39.329
"2025-04-17 04:30:00",17464,12.86104,304,0,-0.03,-0.43,-0.41,-0.03851,-0.03683,-0.05619,-0.11223,54.432,39.335
"2025-04-17 05:00:00",17465,12.82495,304,0,-0.03,-0.43,-0.41,-0.03851,-0.03683,-0.05619,-0.11223,53.934,39.247
"2025-04-17 05:30:00",17466,12.85769,304,0,-0.029,-0.45,-0.36,-0.04053,-0.03287,-0.05605,-0.11205,54.637,39.134
"2025-04-17 06:00:00",17467,12.85601,304,0,-0.029,-0.45,-0.36,-0.04085,-0.03311,-0.05841,-0.11085,54.407,39.148
"2025-04-17 06:30:00",17468,12.85097,304,0,-0.032,-0.47,-0.41,-0.04277,-0.03697,-0.05825,-0.11403,54.022,39.182
"2025-04-17 07:00:00",17469,12.84761,304,0,-0.029,-0.42,-0.4,-0.03771,-0.03645,-0.05523,-0.11169,55.3,39.797
"2025-04-17 07:30:00",17470,12.84425,304,0,-0.028,-0.41,-0.38,-0.03749,-0.03425,-0.05315,-0.10985,55.721,40.216
"2025-04-17 08:00:00",17471,12.85265,304,0,-0.027,-0.39,-0.37,-0.03499,-0.03401,-0.05067,-0.10935,55.343,39.532
"2025-04-17 08:30:00",17472,12.81823,304,0,-0.025,-0.38,-0.31,-0.03433,-0.02789,-0.04807,-0.10537,56.486,40.007
"2025-04-17 09:00:00",17473,12.86188,304,0,-0.024,-0.36,-0.32,-0.03267,-0.02957,-0.04833,-0.10343,56.661,39.934
"2025-04-17 09:30:00",17474,12.86608,304,0,-0.027,-0.41,-0.35,-0.03683,-0.03157,-0.05053,-0.10671,55.589,40.093
"2025-04-17 10:00:00",17475,12.87447,304,0,-0.025,-0.38,-0.33,-0.03479,-0.02983,-0.05053,-0.10685,57.049,40.737
"2025-04-17 10:30:00",17476,12.87447,304,0,-0.025,-0.4,-0.31,-0.03657,-0.02789,-0.05037,-0.10671,56.195,40.392
"2025-04-17 11:00:00",17477,12.88371,304,0,-0.026,-0.42,-0.3,-0.03841,-0.02777,-0.05389,-0.10635,55.962,40.166
"2025-04-17 11:30:00",17478,12.89378,304,0,-0.023,-0.36,-0.28,-0.03259,-0.02593,-0.04827,-0.10343,56.996,39.714
"2025-04-17 12:00:00",17479,12.89798,304,0,-0.042,-0.86,-0.23,-0.07707,-0.02151,-0.08221,-0.09851,57.143,40.688
"2025-04-17 12:30:00",17480,12.90553,304,0,0.011,0.21,0.08,0.01901,0.00667,-99,-0.07619,-99,42.169
"2025-04-17 13:00:00",17481,12.88035,304,0,-0.044,-0.63,-0.6,-0.05677,-0.05399,-0.07599,-0.12475,51.832,39.204
"2025-04-17 13:30:00",17482,12.91645,304,0,-0.06,-1.22,-0.3,-0.10851,-0.02731,-0.10983,-0.09645,56.185,42.02
"2025-04-17 14:00:00",17483,12.924,304,0,0.017,0.77,-0.5,0.06773,-0.04527,0.01937,-0.12099,62.392,39.134
"2025-04-17 14:30:00",17484,12.92232,304,0,-0.098,-1.6,-1.01,-0.14231,-0.09007,-0.14243,-0.14263,47.053,38.363
"2025-04-17 15:00:00",17485,12.93239,304,0,0.093,2.22,-0.01,0.19618,-0.00185,-99,-0.09813,-99,41.07
"2025-04-17 15:30:00",17486,12.92064,304,0,0.043,1.04,-0.01,0.09216,-0.00167,-99,-0.08357,-99,43.262
"2025-04-17 16:00:00",17487,12.89882,304,0,-0.06,-1.13,-0.43,-0.10107,-0.03903,-0.10599,-0.10899,53.039,40.008
"2025-04-17 16:30:00",17488,12.93407,304,0,-0.046,-0.62,-0.66,-0.05555,-0.05921,-0.07509,-0.13759,50.647,38.277
"2025-04-17 17:00:00",17489,12.92484,304,0,-0.005,0.24,-0.51,0.02142,-0.04559,-0.01217,-0.12459,54.411,38.759
"2025-04-17 17:30:00",17490,12.93156,304,0,-0.002,0,-0.08,0,-0.00761,-0.01411,-0.09927,60.855,40.29
"2025-04-17 18:00:00",17491,12.92652,304,0,-0.016,-0.15,-0.34,-0.01411,-0.03133,-0.03679,-0.11159,55.052,39.151
"2025-04-17 18:30:00",17492,12.924,304,0,-0.039,-0.56,-0.52,-0.05001,-0.04685,-0.06973,-0.12161,52.083,38.64
"2025-04-17 19:00:00",17493,12.91896,304,0,-0.037,-0.57,-0.45,-0.05099,-0.04057,-0.06847,-0.11817,52.478,38.612
"2025-04-17 19:30:00",17494,12.91728,304,0,-0.035,-0.55,-0.4,-0.04933,-0.03627,-0.06677,-0.11763,52.989,38.562
"2025-04-17 20:00:00",17495,12.91057,304,0,-0.035,-0.52,-0.46,-0.04665,-0.04197,-0.06225,-0.11721,53.661,38.566
"2025-04-17 20:30:00",17496,12.8963,304,0,-0.035,-0.54,-0.42,-0.04829,-0.03771,-0.06381,-0.11497,53.568,39.546
"2025-04-17 21:00:00",17497,12.89882,304,0,-0.032,-0.49,-0.41,-0.04395,-0.03757,-0.05957,-0.11497,53.648,39.783
"2025-04-17 21:30:00",17498,12.8921,304,0,-0.033,-0.46,-0.46,-0.04153,-0.04151,-0.06123,-0.11497,53.297,39.69
"2025-04-17 22:00:00",17499,12.86104,304,0,-0.031,-0.46,-0.39,-0.04127,-0.03537,-0.05901,-0.11159,54.371,39.689
"2025-04-17 22:30:00",17500,12.88035,304,0,-0.032,-0.48,-0.41,-0.04293,-0.03717,-0.06055,-0.11463,54.083,39.649
"2025-04-17 23:00:00",17501,12.87363,304,0,-0.03,-0.45,-0.39,-0.04095,-0.03521,-0.05863,-0.11441,53.881,39.601
"2025-04-17 23:30:00",17502,12.87447,304,0,-0.03,-0.45,-0.39,-0.04053,-0.03499,-0.05819,-0.11403,53.716,39.954
"2025-04-18 00:00:00",17503,12.86104,304,0,-0.03,-0.45,-0.38,-0.04035,-0.03487,-0.05793,-0.11085,55.879,39.242
"2025-04-18 00:30:00",17504,12.86356,304,0,-0.031,-0.47,-0.38,-0.04215,-0.03475,-0.05781,-0.11223,54.785,39.795
"2025-04-18 01:00:00",17505,12.8686,304,0,-0.029,-0.42,-0.4,-0.03847,-0.03667,-0.05819,-0.11223,54.727,39.48
"2025-04-18 01:30:00",17506,12.86104,304,0,-0.03,-0.45,-0.4,-0.04053,-0.03667,-0.05619,-0.11205,55.33,39.68
"2025-04-18 02:00:00",17507,12.8644,304,0,-0.031,-0.45,-0.41,-0.04053,-0.03679,-0.05619,-0.11223,54.976,39.173
"2025-04-18 02:30:00",17508,12.8686,304,0,-0.031,-0.44,-0.43,-0.04025,-0.03867,-0.05593,-0.11371,53.862,39.586
"2025-04-18 03:00:00",17509,12.86524,304,0,-0.029,-0.42,-0.38,-0.03833,-0.03475,-0.05593,-0.10887,54.597,39.359
"2025-04-18 03:30:00",17510,12.85936,304,0,-0.03,-0.44,-0.4,-0.04025,-0.03667,-0.05793,-0.11223,54.368,39.791
"2025-04-18 04:00:00",17511,12.84929,304,0,-0.031,-0.45,-0.43,-0.04071,-0.03871,-0.05825,-0.11555,54.734,39.639
"2025-04-18 04:30:00",17512,12.84929,304,0,-0.031,-0.45,-0.43,-0.04095,-0.03885,-0.06055,-0.11427,53.606,38.924
"2025-04-18 05:00:00",17513,12.85852,304,0,-0.031,-0.43,-0.43,-0.03861,-0.03879,-0.05625,-0.11385,54.099,39.268
"2025-04-18 05:30:00",17514,12.85433,304,0,-0.029,-0.4,-0.43,-0.03663,-0.03885,-0.05641,-0.11257,54.564,39.32
"2025-04-18 06:00:00",17515,12.85265,304,0,-0.029,-0.44,-0.38,-0.04015,-0.03475,-0.05573,-0.11205,54.606,39.62
"2025-04-18 06:30:00",17516,12.85349,304,0,-0.029,-0.42,-0.4,-0.03815,-0.03653,-0.05389,-0.11205,54.847,39.748
"2025-04-18 07:00:00",17517,12.85097,304,0,-0.028,-0.39,-0.4,-0.03541,-0.03619,-0.05123,-0.10833,55.896,40.241
"2025-04-18 07:30:00",17518,12.85265,304,0,-0.028,-0.41,-0.37,-0.03691,-0.03393,-0.05259,-0.10801,56.971,40.247
"2025-04-18 08:00:00",17519,12.85601,304,0,-0.027,-0.38,-0.37,-0.03437,-0.03353,-0.04827,-0.10569,56.626,40.149
"2025-04-18 08:30:00",17520,12.8644,304,0,-0.024,-0.35,-0.34,-0.03211,-0.03123,-0.04597,-0.10507,57.497,40.474
"2025-04-18 09:00:00",17521,12.8686,304,0,-0.022,-0.33,-0.28,-0.03039,-0.02573,-0.04621,-0.10195,56.851,40.794
"2025-04-18 09:30:00",17522,12.8686,304,0,-0.027,-0.4,-0.35,-0.03667,-0.03149,-0.05239,-0.10523,56.251,40.191
"2025-04-18 10:00:00",17523,12.85013,304,0,-0.025,-0.38,-0.32,-0.03449,-0.02955,-0.05027,-0.10507,57.047,40.175
"2025-04-18 10:30:00",17524,12.88958,304,0,-0.025,-0.4,-0.3,-0.03645,-0.02771,-0.05027,-0.10489,57.443,40.165
"2025-04-18 11:00:00",17525,12.88706,304,0,-0.025,-0.41,-0.29,-0.03717,-0.02611,-0.05295,-0.10555,55.768,40.79
"2025-04-18 11:30:00",17526,12.89378,304,0,-0.024,-0.38,-0.3,-0.03449,-0.02781,-0.05027,-0.10523,57.357,39.41
"2025-04-18 12:00:00",17527,12.90385,304,0,-0.034,-0.69,-0.19,-0.06201,-0.01767,-0.06635,-0.09359,59.204,42.585
"2025-04-18 12:30:00",17528,12.91141,304,0,-0.003,-0.12,0.02,-0.01161,0.0017,-99,-0.07837,-99,41.942
"2025-04-18 13:00:00",17529,12.88203,304,0,-0.054,-0.9,-0.54,-0.08077,-0.04875,-0.09235,-0.12061,51.413,38.634
"2025-04-18 13:30:00",17530,12.924,304,0,-0.037,-0.68,-0.3,-0.06111,-0.02727,-0.07071,-0.10277,57.064,41.174
"2025-04-18 14:00:00",17531,12.91057,304,0,0.003,0.3,-0.31,0.02656,-0.02863,-0.00377,-0.11035,63.237,39.02
"2025-04-18 14:30:00",17532,12.91309,304,0,-0.086,-1.47,-0.81,-0.13107,-0.07249,-0.12575,-0.13397,47.714,39.181
"2025-04-18 15:00:00",17533,12.92652,304,0,0.069,1.64,0.02,0.14533,0.00181,-99,-0.08947,-99,41.323
"2025-04-18 15:30:00",17534,12.924,304,0,-0.033,-0.62,-0.24,-0.05619,-0.02255,-99,-0.09475,-99,41.796
"2025-04-18 16:00:00",17535,12.92064,304,0,-0.089,-1.6,-0.73,-0.14273,-0.06521,-0.13507,-0.13025,48.308,39.061
"2025-04-18 16:30:00",17536,12.91393,304,0,-0.053,-0.86,-0.56,-0.07671,-0.05001,-0.08813,-0.12499,50.406,38.61
"2025-04-18 17:00:00",17537,12.92316,304,0,-0.042,-0.58,-0.6,-0.05183,-0.05355,-0.07377,-0.12761,50.887,38.784
"2025-04-18 17:30:00",17538,12.91141,304,0,-0.013,-0.12,-0.3,-0.01157,-0.02747,-0.02817,-0.11043,58.271,38.962
"2025-04-18 18:00:00",17539,12.88706,304,0,-0.033,-0.47,-0.44,-0.04215,-0.03965,-0.05805,-0.11549,53.522,38.551
"2025-04-18 18:30:00",17540,12.91309,304,0,-0.04,-0.61,-0.49,-0.05527,-0.04421,-0.07273,-0.11777,51.727,39.622
"2025-04-18 19:00:00",17541,12.91309,304,0,-0.033,-0.5,-0.42,-0.04515,-0.03811,-0.06509,-0.11625,54.384,39.318
"2025-04-18 19:30:00",17542,12.91057,304,0,-0.033,-0.49,-0.44,-0.04419,-0.03975,-0.06001,-0.11721,55.268,39.787
"2025-04-18 20:00:00",17543,12.90805,304,0,-0.031,-0.48,-0.39,-0.04345,-0.03541,-0.05929,-0.11215,54.812,39.024
"2025-04-18 20:30:00",17544,12.90385,304,0,-0.033,-0.51,-0.39,-0.04569,-0.03537,-0.05945,-0.11367,54.322,40.064
"2025-04-18 21:00:00",17545,12.89882,304,0,-0.029,-0.43,-0.39,-0.03893,-0.03521,-0.05493,-0.11173,54.519,39.951
"2025-04-18 21:30:00",17546,12.89294,304,0,-0.031,-0.45,-0.43,-0.04095,-0.03903,-0.05685,-0.11483,55.054,40.226
"2025-04-18 22:00:00",17547,12.89042,304,0,-0.033,-0.48,-0.43,-0.04307,-0.03903,-0.05901,-0.11345,54.552,39.466
"2025-04-18 22:30:00",17548,12.87783,304,0,-0.031,-0.45,-0.41,-0.04103,-0.03709,-0.05699,-0.11345,55.032,39.394
"2025-04-18 23:00:00",17549,12.88539,304,0,-0.031,-0.43,-0.43,-0.03893,-0.03893,-0.05699,-0.11311,55.118,39.467
"2025-04-18 23:30:00",17550,12.88623,304,0,-0.03,-0.42,-0.43,-0.03847,-0.03879,-0.05451,-0.11311,55.923,39.715
"2025-04-19 00:00:00",17551,12.89126,304,0,-0.029,-0.42,-0.4,-0.03801,-0.03653,-0.05399,-0.11257,56.132,40.896
"2025-04-19 00:30:00",17552,12.88623,304,0,-0.029,-0.42,-0.4,-0.03811,-0.03645,-0.05593,-0.11085,56.381,39.358
"2025-04-19 01:00:00",17553,12.88706,304,0,-0.028,-0.4,-0.38,-0.03627,-0.03475,-0.05235,-0.10955,54.734,39.909
"2025-04-19 01:30:00",17554,12.87363,304,0,-0.029,-0.42,-0.4,-0.03847,-0.03667,-0.05451,-0.11275,54.421,39.445
"2025-04-19 02:00:00",17555,12.88623,304,0,-0.03,-0.47,-0.36,-0.04249,-0.03287,-0.05641,-0.10821,54.244,40.233
"2025-04-19 02:30:00",17556,12.88203,304,0,-0.031,-0.45,-0.43,-0.04085,-0.03879,-0.05685,-0.11141,53.954,39.132
"2025-04-19 03:00:00",17557,12.88035,304,0,-0.032,-0.47,-0.41,-0.04265,-0.03683,-0.05851,-0.11141,55.088,39.041
"2025-04-19 03:30:00",17558,12.87867,304,0,-0.034,-0.52,-0.43,-0.04695,-0.03871,-0.06267,-0.11463,54.957,39.717
"2025-04-19 04:00:00",17559,12.88203,304,0,-0.03,-0.45,-0.4,-0.04035,-0.03667,-0.05825,-0.10989,56.123,39.812
"2025-04-19 04:30:00",17560,12.88119,304,0,-0.03,-0.45,-0.39,-0.04071,-0.03499,-0.05673,-0.11173,56.017,40.374
"2025-04-19 05:00:00",17561,12.87447,304,0,-0.029,-0.4,-0.41,-0.03653,-0.03697,-0.05273,-0.11173,56.214,38.938
"2025-04-19 05:30:00",17562,12.87531,304,0,-0.033,-0.48,-0.43,-0.04317,-0.03893,-0.05911,-0.11173,55.141,39.759
"2025-04-19 06:00:00",17563,12.87447,304,0,-0.031,-0.48,-0.39,-0.04317,-0.03511,-0.06113,-0.11193,54.135,39.72
"2025-04-19 06:30:00",17564,12.87615,304,0,-0.032,-0.47,-0.41,-0.04265,-0.03697,-0.05667,-0.11173,54.345,39.374
"2025-04-19 07:00:00",17565,12.86188,304,0,-0.029,-0.44,-0.36,-0.03975,-0.03259,-0.05565,-0.10775,56.968,40.258
"2025-04-19 07:30:00",17566,12.87363,304,0,-0.033,-0.5,-0.4,-0.04475,-0.03657,-0.06055,-0.11127,53.999,39.842
"2025-04-19 08:00:00",17567,12.87363,304,0,-0.027,-0.41,-0.34,-0.03743,-0.03055,-0.05153,-0.10775,56.77,40.877
"2025-04-19 08:30:00",17568,12.87447,304,0,-0.027,-0.43,-0.31,-0.03893,-0.02831,-0.05103,-0.10703,56.391,39.787
"2025-04-19 09:00:00",17569,12.87951,304,0,-0.027,-0.43,-0.31,-0.03903,-0.02817,-0.05295,-0.10523,56.801,40.602
"2025-04-19 09:30:00",17570,12.87447,304,0,-0.027,-0.43,-0.31,-0.03925,-0.02831,-0.05143,-0.10385,57.215,41.168
"2025-04-19 10:00:00",17571,12.88287,304,0,-0.025,-0.41,-0.27,-0.03709,-0.02455,-0.05123,-0.10223,56.649,41.011
"2025-04-19 10:30:00",17572,12.85181,304,0,-0.024,-0.37,-0.29,-0.03323,-0.02635,-0.04747,-0.10685,57.471,39.942
"2025-04-19 11:00:00",17573,12.88455,304,0,-0.021,-0.34,-0.25,-0.03121,-0.02265,-0.04549,-0.10371,57.844,39.497
"2025-04-19 11:30:00",17574,12.87699,304,0,-0.022,-0.38,-0.22,-0.03409,-0.02045,-0.04817,-0.09993,57.401,41.21
"2025-04-19 12:00:00",17575,12.88958,304,0,-0.031,-0.58,-0.24,-0.05235,-0.02203,-0.06411,-0.09931,58.544,40.469
"2025-04-19 12:30:00",17576,12.88623,304,0,-0.005,-0.14,0,-0.01355,0,-0.02187,-0.08319,67.948,44.002
"2025-04-19 13:00:00",17577,12.90301,304,0,-0.038,-0.59,-0.45,-0.05317,-0.04063,-0.06871,-0.11483,53.33,39.75
"2025-04-19 13:30:00",17578,12.90637,304,0,-0.036,-0.62,-0.35,-0.05617,-0.03173,-0.06795,-0.10671,57.522,41.492
"2025-04-19 14:00:00",17579,12.90973,304,0,0.038,0.91,0,0.08016,0,-99,-0.08713,-99,41.951
"2025-04-19 14:30:00",17580,12.90973,304,0,-0.075,-1.18,-0.86,-0.10567,-0.07671,-0.11529,-0.13681,48.816,39.478
"2025-04-19 15:00:00",17581,12.90721,304,0,0.074,1.59,0.24,0.1411,0.02124,-99,-0.07537,-99,42.125
"2025-04-19 15:30:00",17582,12.91561,304,0,-0.076,-1.28,-0.74,-0.11433,-0.06605,-0.11839,-0.13377,48.279,38.526
"2025-04-19 16:00:00",17583,12.91812,304,0,-0.066,-1.09,-0.68,-0.09723,-0.06067,-0.10893,-0.12757,50.522,38.576
"2025-04-19 16:30:00",17584,12.90134,304,0,-0.03,-0.45,-0.38,-0.04105,-0.03431,-0.06149,-0.11413,53.686,40.105
"2025-04-19 17:00:00",17585,12.89798,304,0,-0.033,-0.46,-0.47,-0.04159,-0.04235,-0.06017,-0.11897,53.78,39.129
"2025-04-19 17:30:00",17586,12.91057,304,0,-0.024,-0.34,-0.35,-0.03135,-0.03189,-0.05201,-0.10847,56.906,38.835
"2025-04-19 18:00:00",17587,12.89714,304,0,-0.034,-0.54,-0.4,-0.04859,-0.03653,-0.06871,-0.11605,52.896,40.128
"2025-04-19 18:30:00",17588,12.90385,304,0,-0.031,-0.48,-0.37,-0.04381,-0.03371,-0.06197,-0.11323,54.786,39.311
"2025-04-19 19:00:00",17589,12.89126,304,0,-0.034,-0.54,-0.39,-0.04891,-0.03567,-0.06485,-0.11323,54.572,39.611
"2025-04-19 19:30:00",17590,12.88539,304,0,-0.035,-0.55,-0.4,-0.04945,-0.03615,-0.06729,-0.11529,54.632,39.666
"2025-04-19 20:00:00",17591,12.89294,304,0,-0.033,-0.51,-0.39,-0.04615,-0.03583,-0.06209,-0.11341,54.749,39.368
"2025-04-19 20:30:00",17592,12.89042,304,0,-0.032,-0.51,-0.37,-0.04635,-0.03371,-0.06237,-0.11323,54.571,39.355
"2025-04-19 21:00:00",17593,12.88539,304,0,-0.029,-0.43,-0.37,-0.03907,-0.03347,-0.05537,-0.10963,55.048,39.161
"2025-04-19 21:30:00",17594,12.87447,304,0,-0.029,-0.43,-0.37,-0.03925,-0.03343,-0.05749,-0.11113,54.966,38.92
"2025-04-19 22:00:00",17595,12.87615,304,0,-0.032,-0.48,-0.41,-0.04345,-0.03731,-0.05957,-0.11281,53.969,39.719
"2025-04-19 22:30:00",17596,12.87699,304,0,-0.029,-0.43,-0.39,-0.03929,-0.03541,-0.05563,-0.11155,55.621,39.833
"2025-04-19 23:00:00",17597,12.87028,304,0,-0.033,-0.51,-0.41,-0.04579,-0.03743,-0.05979,-0.11281,54.894,39.674
"2025-04-19 23:30:00",17598,12.86944,304,0,-0.028,-0.43,-0.34,-0.03861,-0.03129,-0.05487,-0.10773,55.24,40.686
"2025-04-20 00:00:00",17599,12.86524,304,0,-0.027,-0.4,-0.36,-0.03653,-0.03315,-0.05095,-0.11099,56.084,39.374
"2025-04-20 00:30:00",17600,12.87028,304,0,-0.031,-0.46,-0.41,-0.04147,-0.03743,-0.05765,-0.11303,54.747,39.932
"2025-04-20 01:00:00",17601,12.86524,304,0,-0.031,-0.46,-0.39,-0.04147,-0.03541,-0.05569,-0.11169,55.512,39.881
"2025-04-20 01:30:00",17602,12.86776,304,0,-0.031,-0.48,-0.37,-0.04381,-0.03363,-0.05799,-0.11169,54.804,40.145
"2025-04-20 02:00:00",17603,12.8686,304,0,-0.033,-0.53,-0.39,-0.04771,-0.03541,-0.06175,-0.11155,54.861,40.197
"2025-04-20 02:30:00",17604,12.85097,304,0,-0.033,-0.5,-0.41,-0.04549,-0.03743,-0.05957,-0.11155,54.433,40.181
"2025-04-20 03:00:00",17605,12.86188,304,0,-0.034,-0.53,-0.41,-0.04777,-0.03749,-0.06575,-0.11323,55.914,40.029
"2025-04-20 03:30:00",17606,12.82495,304,0,-0.03,-0.46,-0.37,-0.04133,-0.03347,-0.05749,-0.10983,54.291,40.294
"2025-04-20 04:00:00",17607,12.85936,304,0,-0.033,-0.51,-0.41,-0.04559,-0.03731,-0.05971,-0.11131,54.745,39.371
"2025-04-20 04:30:00",17608,12.84593,304,0,-0.029,-0.43,-0.39,-0.03925,-0.03541,-0.05563,-0.11169,54.869,39.642
"2025-04-20 05:00:00",17609,12.8409,304,0,-0.031,-0.46,-0.41,-0.04119,-0.03731,-0.05537,-0.11155,55.494,40.279
"2025-04-20 05:30:00",17610,12.85433,304,0,-0.031,-0.46,-0.41,-0.04119,-0.03743,-0.05743,-0.11155,54.789,39.417
"2025-04-20 06:00:00",17611,12.85181,304,0,-0.031,-0.46,-0.39,-0.04153,-0.03559,-0.05581,-0.11019,55.209,39.98
"2025-04-20 06:30:00",17612,12.84341,304,0,-0.029,-0.44,-0.37,-0.03953,-0.03363,-0.05581,-0.11019,55.169,39.536
"2025-04-20 07:00:00",17613,12.81487,304,0,-0.031,-0.46,-0.39,-0.04127,-0.03559,-0.05551,-0.10861,54.983,39.509
"2025-04-20 07:30:00",17614,12.84509,304,0,-0.027,-0.4,-0.36,-0.03637,-0.03315,-0.05071,-0.10791,56.154,40.12
"2025-04-20 08:00:00",17615,12.84341,304,0,-0.029,-0.45,-0.34,-0.04053,-0.03113,-0.05487,-0.10791,56.766,39.917
"2025-04-20 08:30:00",17616,12.84761,304,0,-0.027,-0.44,-0.32,-0.04025,-0.02909,-0.05451,-0.10759,55.653,40.69
"2025-04-20 09:00:00",17617,12.84006,304,0,-0.027,-0.44,-0.31,-0.03943,-0.02875,-0.05173,-0.10385,58.047,40.632
"2025-04-20 09:30:00",17618,12.8367,304,0,-0.026,-0.42,-0.31,-0.03779,-0.02875,-0.05015,-0.10385,56.724,40.689
"2025-04-20 10:00:00",17619,12.8409,304,0,-0.022,-0.36,-0.25,-0.03315,-0.02279,-0.04747,-0.10167,57.121,40.835
"2025-04-20 10:30:00",17620,12.82243,304,0,-0.026,-0.48,-0.23,-0.04343,-0.02085,-0.05565,-0.09983,57.584,41.296
"2025-04-20 11:00:00",17621,12.85517,304,0,-0.026,-0.44,-0.27,-0.04021,-0.02481,-0.05441,-0.10501,55.792,40.575
"2025-04-20 11:30:00",17622,12.85265,304,0,-0.026,-0.44,-0.27,-0.03997,-0.02493,-0.05419,-0.10385,57.003,39.903
"2025-04-20 12:00:00",17623,12.82579,304,0,-0.022,-0.41,-0.18,-0.03717,-0.01707,-0.04945,-0.10001,57.654,40.645
"2025-04-20 12:30:00",17624,12.86104,304,0,-0.017,-0.3,-0.18,-0.02735,-0.01709,-0.03999,-0.09697,57.986,41.141
"2025-04-20 13:00:00",17625,12.85433,304,0,-0.023,-0.39,-0.23,-0.03583,-0.02119,-0.05021,-0.10235,57.633,39.815
"2025-04-20 13:30:00",17626,12.86776,304,0,-0.025,-0.43,-0.27,-0.03879,-0.02445,-0.05325,-0.10137,56.231,41.021
"2025-04-20 14:00:00",17627,12.86188,304,0,0.0009999999,0.02,0,0.00178,0,-0.00709,-0.08799,62.828,41.743
"2025-04-20 14:30:00",17628,12.85936,304,0,-0.041,-0.59,-0.55,-0.05335,-0.04993,-0.07363,-0.11917,52.5,39.742
"2025-04-20 15:00:00",17629,12.86776,304,0,-0.003,-0.05,-0.07,-0.00549,-0.00745,-0.01617,-0.08991,62.369,41.03
"2025-04-20 15:30:00",17630,12.87028,304,0,-0.037,-0.63,-0.36,-0.05659,-0.03271,-0.07249,-0.10741,55.124,40.166
"2025-04-20 16:00:00",17631,12.8686,304,0,-0.074,-1.28,-0.69,-0.11393,-0.06207,-0.11777,-0.13311,49.144,39.086
"2025-04-20 16:30:00",17632,12.86608,304,0,-0.045,-0.74,-0.49,-0.06633,-0.04459,-0.08367,-0.12079,51.469,38.953
"2025-04-20 17:00:00",17633,12.85181,304,0,-0.036,-0.56,-0.42,-0.05061,-0.03811,-0.06887,-0.11719,51.977,38.801
"2025-04-20 17:30:00",17634,12.84845,304,0,-0.036,-0.57,-0.41,-0.05171,-0.03747,-0.07183,-0.11797,52.748,39.975
"2025-04-20 18:00:00",17635,12.84258,304,0,-0.016,-0.16,-0.34,-0.01479,-0.03085,-0.04239,-0.11099,56.202,39.183
"2025-04-20 18:30:00",17636,12.8283,304,0,-0.033,-0.5,-0.42,-0.04511,-0.03785,-0.06143,-0.11681,53.23,38.97
"2025-04-20 19:00:00",17637,12.82914,304,0,-0.032,-0.49,-0.39,-0.04439,-0.03533,-0.06267,-0.11467,53.137,39.695
"2025-04-20 19:30:00",17638,12.82663,304,0,-0.033,-0.53,-0.39,-0.04799,-0.03511,-0.06415,-0.11623,53.376,38.548
"2025-04-20 20:00:00",17639,12.81655,304,0,-0.031,-0.45,-0.41,-0.04079,-0.03689,-0.06125,-0.11739,54.51,39.692
"2025-04-20 20:30:00",17640,12.79221,304,0,-0.03,-0.44,-0.4,-0.04019,-0.03653,-0.05651,-0.11507,54.195,39.376
"2025-04-20 21:00:00",17641,12.79809,304,0,-0.031,-0.44,-0.42,-0.04019,-0.03847,-0.05651,-0.11507,54.78,39.395
"2025-04-20 21:30:00",17642,12.80564,304,0,-0.031,-0.47,-0.38,-0.04215,-0.03435,-0.06039,-0.11349,54.806,39.311
"2025-04-20 22:00:00",17643,12.76619,304,0,-0.032,-0.46,-0.44,-0.04195,-0.04021,-0.06225,-0.11623,55.19,39.296
"2025-04-20 22:30:00",17644,12.79892,304,0,-0.03,-0.44,-0.4,-0.03957,-0.03601,-0.05787,-0.11435,54.863,39.891
"2025-04-20 23:00:00",17645,12.79725,304,0,-0.032,-0.48,-0.42,-0.04375,-0.03789,-0.05787,-0.11263,53.955,40.205
"2025-04-20 23:30:00",17646,12.79809,304,0,-0.031,-0.46,-0.42,-0.04185,-0.03801,-0.05617,-0.11451,55.096,40.017
"2025-04-21 00:00:00",17647,12.75947,304,0,-0.034,-0.51,-0.42,-0.04599,-0.03801,-0.06001,-0.11451,54.794,39.968
"2025-04-21 00:30:00",17648,12.79221,304,0,-0.029,-0.46,-0.35,-0.04171,-0.03197,-0.05995,-0.10949,55.494,40.008
"2025-04-21 01:00:00",17649,12.78381,304,0,-0.031,-0.46,-0.4,-0.04171,-0.03589,-0.05799,-0.11435,54.697,39.612
"2025-04-21 01:30:00",17650,12.75443,304,0,-0.03,-0.44,-0.4,-0.03957,-0.03589,-0.05387,-0.10935,54.374,40.369
"2025-04-21 02:00:00",17651,12.79053,304,0,-0.031,-0.44,-0.42,-0.03953,-0.03789,-0.05595,-0.11277,54.611,39.932
"2025-04-21 02:30:00",17652,12.75359,304,0,-0.031,-0.46,-0.39,-0.04161,-0.03583,-0.05787,-0.11263,53.909,39.754
"2025-04-21 03:00:00",17653,12.78717,304,0,-0.03,-0.44,-0.39,-0.03943,-0.03575,-0.05777,-0.10917,55.601,39.552
"2025-04-21 03:30:00",17654,12.78717,304,0,-0.031,-0.46,-0.42,-0.04153,-0.03771,-0.05777,-0.11225,55.164,40.095
"2025-04-21 04:00:00",17655,12.78549,304,0,-0.029,-0.43,-0.39,-0.03883,-0.03541,-0.05519,-0.11187,54.673,40.003
"2025-04-21 04:30:00",17656,12.75191,304,0,-0.031,-0.48,-0.39,-0.04365,-0.03575,-0.05777,-0.11263,55.283,39.646
"2025-04-21 05:00:00",17657,12.78465,304,0,-0.031,-0.46,-0.42,-0.04171,-0.03779,-0.05995,-0.11103,55.192,39.143
"2025-04-21 05:30:00",17658,12.78298,304,0,-0.028,-0.38,-0.41,-0.03461,-0.03743,-0.05103,-0.11033,56.143,40.101
"2025-04-21 06:00:00",17659,12.77626,304,0,-0.031,-0.46,-0.39,-0.04119,-0.03559,-0.05537,-0.11053,54.199,41.018
"2025-04-21 06:30:00",17660,12.78214,304,0,-0.029,-0.43,-0.39,-0.03869,-0.03533,-0.05493,-0.11019,56.387,39.938
"2025-04-21 07:00:00",17661,12.78549,304,0,-0.026,-0.36,-0.37,-0.03245,-0.03331,-0.04891,-0.10847,56.178,39.88
"2025-04-21 07:30:00",17662,12.78549,304,0,-0.027,-0.4,-0.37,-0.03653,-0.03323,-0.05095,-0.10997,55.51,40.275
"2025-04-21 08:00:00",17663,12.75191,304,0,-0.029,-0.42,-0.39,-0.03819,-0.03499,-0.05255,-0.10809,55.877,39.428
"2025-04-21 08:30:00",17664,12.78549,304,0,-0.029,-0.45,-0.36,-0.04057,-0.03311,-0.05873,-0.10809,55.827,39.781
"2025-04-21 09:00:00",17665,12.78717,304,0,-0.026,-0.4,-0.34,-0.03589,-0.03085,-0.05225,-0.10623,56.06,40.165
"2025-04-21 09:30:00",17666,12.7771,304,0,-0.029,-0.43,-0.37,-0.03915,-0.03331,-0.05551,-0.11019,56.16,40.11
"2025-04-21 10:00:00",17667,12.78885,304,0,-0.026,-0.38,-0.36,-0.03447,-0.03315,-0.05095,-0.10825,57.048,40.597
"2025-04-21 10:30:00",17668,12.78214,304,0,-0.027,-0.43,-0.32,-0.03925,-0.02935,-0.05355,-0.10675,55.111,39.884
"2025-04-21 11:00:00",17669,12.77878,304,0,-0.028,-0.43,-0.34,-0.03897,-0.03133,-0.05527,-0.10825,55.251,40.438
"2025-04-21 11:30:00",17670,12.78801,304,0,-0.029,-0.45,-0.37,-0.04077,-0.03331,-0.05505,-0.11019,55.987,40.761
"2025-04-21 12:00:00",17671,12.78969,304,0,-0.029,-0.45,-0.37,-0.04103,-0.03331,-0.05731,-0.10847,55.958,40.318
"2025-04-21 12:30:00",17672,12.78633,304,0,-0.028,-0.45,-0.32,-0.04053,-0.02919,-0.05473,-0.10655,56.968,40.671
"2025-04-21 13:00:00",17673,12.78549,304,0,-0.023,-0.35,-0.3,-0.03189,-0.02707,-0.04635,-0.10773,56.888,40.697
"2025-04-21 13:30:00",17674,12.7813,304,0,-0.023,-0.35,-0.3,-0.03189,-0.02711,-0.04835,-0.10469,57.551,40.949
"2025-04-21 14:00:00",17675,12.78549,304,0,-0.021,-0.36,-0.22,-0.03283,-0.02077,-0.04515,-0.09697,58.578,40.649
"2025-04-21 14:30:00",17676,12.79809,304,0,-0.035,-0.49,-0.48,-0.04419,-0.04379,-0.06287,-0.11193,55.53,41.387
"2025-04-21 15:00:00",17677,12.79305,304,0,0.047,1.1,0.04,0.09692,0.00348,-99,-0.08047,-99,42.01
"2025-04-21 15:30:00",17678,12.80396,304,0,-0.049,-0.86,-0.44,-0.07667,-0.03995,-0.08593,-0.11043,54.617,40.885
"2025-04-21 16:00:00",17679,12.79809,304,0,-0.123,-2.15,-1.07,-0.19089,-0.09549,-0.16839,-0.14503,45.737,39.356
"2025-04-21 16:30:00",17680,12.809,304,0,-0.052,-0.81,-0.6,-0.07217,-0.05387,-0.08667,-0.12743,50.431,38.229
"2025-04-21 17:00:00",17681,12.8006,304,0,-0.037,-0.53,-0.49,-0.04819,-0.04419,-0.06871,-0.12253,52.122,40.007
"2025-04-21 17:30:00",17682,12.80144,304,0,-0.033,-0.5,-0.4,-0.04485,-0.03645,-0.06323,-0.11545,54.804,39.326
"2025-04-21 18:00:00",17683,12.76703,304,0,-0.034,-0.5,-0.46,-0.04517,-0.04127,-0.06373,-0.11623,52.373,39.861
"2025-04-21 18:30:00",17684,12.79976,304,0,-0.038,-0.6,-0.43,-0.05363,-0.03915,-0.07161,-0.11623,52.004,39.383
"2025-04-21 19:00:00",17685,12.78381,304,0,-0.035,-0.53,-0.43,-0.04747,-0.03879,-0.06367,-0.11739,53.882,39.731
"2025-04-21 19:30:00",17686,12.79557,304,0,-0.031,-0.45,-0.43,-0.04095,-0.03879,-0.06149,-0.11409,53.493,39.337
"2025-04-21 20:00:00",17687,12.79137,304,0,-0.031,-0.47,-0.38,-0.04249,-0.03447,-0.05877,-0.11395,54.056,39.491
"2025-04-21 20:30:00",17688,12.78465,304,0,-0.03,-0.44,-0.4,-0.04005,-0.03619,-0.05639,-0.11315,54.813,39.331
"2025-04-21 21:00:00",17689,12.77374,304,0,-0.03,-0.46,-0.37,-0.04185,-0.03405,-0.05821,-0.11315,54.996,39.619
"2025-04-21 21:30:00",17690,12.74856,304,0,-0.031,-0.47,-0.4,-0.04205,-0.03601,-0.05831,-0.11315,54.868,40.048
"2025-04-21 22:00:00",17691,12.78298,304,0,-0.032,-0.47,-0.42,-0.04205,-0.03811,-0.05831,-0.11315,54.308,40.307
"2025-04-21 22:30:00",17692,12.77206,304,0,-0.032,-0.47,-0.42,-0.04215,-0.03811,-0.05847,-0.11647,55.696,40.051
"2025-04-21 23:00:00",17693,12.77458,304,0,-0.029,-0.44,-0.37,-0.03953,-0.03393,-0.05595,-0.11127,55.294,40.725
"2025-04-21 23:30:00",17694,12.77458,304,0,-0.031,-0.44,-0.42,-0.03975,-0.03789,-0.05617,-0.11451,54.51,39.688
"2025-04-22 00:00:00",17695,12.76031,304,0,-0.031,-0.46,-0.42,-0.04161,-0.03783,-0.05595,-0.11277,54.344,39.937
"2025-04-22 00:30:00",17696,12.76283,304,0,-0.03,-0.46,-0.37,-0.04177,-0.03385,-0.05617,-0.10949,55.802,39.341
"2025-04-22 01:00:00",17697,12.76535,304,0,-0.032,-0.47,-0.42,-0.04215,-0.03801,-0.05847,-0.11315,54.505,39.278
"2025-04-22 01:30:00",17698,12.76703,304,0,-0.03,-0.44,-0.4,-0.03975,-0.03593,-0.05617,-0.11299,54.971,39.588
"2025-04-22 02:00:00",17699,12.72673,304,0,-0.031,-0.44,-0.42,-0.03953,-0.03789,-0.05595,-0.11141,54.931,39.547
"2025-04-22 02:30:00",17700,12.75947,304,0,-0.031,-0.46,-0.42,-0.04171,-0.03783,-0.05799,-0.11141,55.113,39.734
"2025-04-22 03:00:00",17701,12.75947,304,0,-0.029,-0.44,-0.37,-0.03953,-0.03379,-0.05595,-0.11127,55.024,40.203
"2025-04-22 03:30:00",17702,12.76367,304,0,-0.029,-0.44,-0.37,-0.03943,-0.03379,-0.05581,-0.10967,55.254,40.016
"2025-04-22 04:00:00",17703,12.74688,304,0,-0.028,-0.41,-0.37,-0.03685,-0.03347,-0.05325,-0.10893,56.453,39.335
"2025-04-22 04:30:00",17704,12.75863,304,0,-0.028,-0.41,-0.39,-0.03689,-0.03541,-0.05527,-0.11085,56.073,40.02
"2025-04-22 05:00:00",17705,12.75611,304,0,-0.029,-0.43,-0.37,-0.03907,-0.03363,-0.05551,-0.10949,55.385,39.749
"2025-04-22 05:30:00",17706,12.76115,304,0,-0.031,-0.48,-0.37,-0.04311,-0.03347,-0.06135,-0.10893,55.923,40.033
"2025-04-22 06:00:00",17707,12.75947,304,0,-0.029,-0.44,-0.37,-0.03943,-0.03363,-0.05581,-0.10935,55.737,40.66
"2025-04-22 06:30:00",17708,12.75947,304,0,-0.033,-0.48,-0.44,-0.04355,-0.03957,-0.05979,-0.11263,55.847,40.207
"2025-04-22 07:00:00",17709,12.75191,304,0,-0.03,-0.46,-0.37,-0.04119,-0.03363,-0.05563,-0.10779,56.113,40.076
"2025-04-22 07:30:00",17710,12.72589,304,0,-0.028,-0.4,-0.39,-0.03667,-0.03533,-0.05123,-0.11071,55.036,39.972
"2025-04-22 08:00:00",17711,12.76031,304,0,-0.038,-0.63,-0.39,-0.05671,-0.03559,-0.06635,-0.11085,54.662,39.994
"2025-04-22 08:30:00",17712,12.75947,304,0,-0.029,-0.42,-0.39,-0.03847,-0.03525,-0.05487,-0.11053,56.71,40.255
"2025-04-22 09:00:00",17713,12.76115,304,0,-0.028,-0.43,-0.34,-0.03879,-0.03129,-0.05325,-0.10725,55.789,40.406
"2025-04-22 09:30:00",17714,12.75947,304,0,-0.028,-0.43,-0.35,-0.03915,-0.03149,-0.05569,-0.10917,55.282,39.644
"2025-04-22 10:00:00",17715,12.75527,304,0,-0.026,-0.4,-0.34,-0.03601,-0.03089,-0.05051,-0.10655,57.608,40.598
"2025-04-22 10:30:00",17716,12.76199,304,0,-0.03,-0.49,-0.32,-0.04439,-0.02881,-0.05473,-0.10469,56.439,41.21
"2025-04-22 11:00:00",17717,12.76703,304,0,-0.023,-0.39,-0.25,-0.03575,-0.02285,-0.05015,-0.10093,56.886,41.26
"2025-04-22 11:30:00",17718,12.76031,304,0,-0.031,-0.52,-0.32,-0.04715,-0.02897,-0.06325,-0.10637,55.451,40.639
"2025-04-22 12:00:00",17719,12.76115,304,0,-0.033,-0.6,-0.27,-0.05355,-0.02513,-0.06353,-0.10165,55.594,40.375
"2025-04-22 12:30:00",17720,12.77374,304,0,-0.039,-0.7,-0.35,-0.06301,-0.03153,-0.07859,-0.10917,53.78,40.038
"2025-04-22 13:00:00",17721,12.77374,304,0,-0.027,-0.36,-0.41,-0.03259,-0.03743,-0.05853,-0.11681,51.994,39.221
"2025-04-22 13:30:00",17722,12.76535,304,0,-0.021,-0.31,-0.3,-0.02799,-0.02765,-0.04465,-0.10757,57.574,40.299
"2025-04-22 14:00:00",17723,12.73597,304,0,-0.01,-0.23,-0.03,-0.02089,-0.00371,-0.02595,-0.08497,64.296,42.127
"2025-04-22 14:30:00",17724,12.77626,304,0,-0.005,0.06,-0.27,0.0056,-0.02455,-0.01115,-0.10067,63.185,40.791
"2025-04-22 15:00:00",17725,12.73932,304,0,-0.048,-0.91,-0.34,-0.08157,-0.03067,-0.08649,-0.10601,53.753,41.395
"2025-04-22 15:30:00",17726,12.7771,304,0,-0.034,-0.55,-0.37,-0.04959,-0.03351,-0.06585,-0.10917,54.716,39.909
"2025-04-22 16:00:00",17727,12.77878,304,0,-0.038,-0.63,-0.39,-0.05631,-0.03563,-0.06601,-0.11103,54.403,40.266
"2025-04-22 16:30:00",17728,12.7687,304,0,-0.038,-0.62,-0.4,-0.05555,-0.03645,-0.07361,-0.11565,53.232,39.243
"2025-04-22 17:00:00",17729,12.76115,304,0,-0.033,-0.5,-0.42,-0.04495,-0.03837,-0.05947,-0.11235,54.179,39.928
"2025-04-22 17:30:00",17730,12.7771,304,0,-0.032,-0.49,-0.41,-0.04399,-0.03685,-0.06055,-0.11623,53.258,39.825
"2025-04-22 18:00:00",17731,12.77206,304,0,-0.032,-0.5,-0.38,-0.04505,-0.03447,-0.06149,-0.11409,54.776,39.965
"2025-04-22 18:30:00",17732,12.77038,304,0,-0.033,-0.5,-0.4,-0.04555,-0.03663,-0.06193,-0.11255,53.802,39.963
"2025-04-22 19:00:00",17733,12.75611,304,0,-0.032,-0.46,-0.43,-0.04129,-0.03879,-0.05989,-0.11603,53.716,39.978
"2025-04-22 19:30:00",17734,12.75108,304,0,-0.033,-0.5,-0.41,-0.04535,-0.03681,-0.06193,-0.11447,53.377,39.376
"2025-04-22 20:00:00",17735,12.76115,304,0,-0.03,-0.45,-0.4,-0.04079,-0.03663,-0.05947,-0.11429,54.443,40.035
"2025-04-22 20:30:00",17736,12.75191,304,0,-0.03,-0.45,-0.4,-0.04057,-0.03653,-0.05717,-0.11273,54.359,39.129
"2025-04-22 21:00:00",17737,12.75191,304,0,-0.033,-0.49,-0.42,-0.04465,-0.03847,-0.05905,-0.11409,54.614,40.199
"2025-04-22 21:30:00",17738,12.741,304,0,-0.029,-0.44,-0.38,-0.04027,-0.03435,-0.05877,-0.11235,55.242,40.022
"2025-04-22 22:00:00",17739,12.7494,304,0,-0.031,-0.47,-0.4,-0.04229,-0.03631,-0.05877,-0.11395,54.888,40.075
"2025-04-22 22:30:00",17740,12.74016,304,0,-0.03,-0.44,-0.4,-0.04005,-0.03627,-0.05657,-0.11213,55.52,39.631
"2025-04-22 23:00:00",17741,12.73009,304,0,-0.03,-0.44,-0.4,-0.04019,-0.03627,-0.05673,-0.11395,55.547,39.923
"2025-04-22 23:30:00",17742,12.73429,304,0,-0.031,-0.44,-0.42,-0.03995,-0.03811,-0.05651,-0.11213,54.388,39.982
"2025-04-23 00:00:00",17743,12.72421,304,0,-0.03,-0.44,-0.4,-0.03999,-0.03615,-0.05657,-0.11043,55.377,39.487
"2025-04-23 00:30:00",17744,12.73093,304,0,-0.033,-0.49,-0.42,-0.04419,-0.03815,-0.05869,-0.11213,55.511,40.03
"2025-04-23 01:00:00",17745,12.73261,304,0,-0.029,-0.44,-0.38,-0.04019,-0.03431,-0.05673,-0.11057,54.066,39.256
"2025-04-23 01:30:00",17746,12.73093,304,0,-0.031,-0.44,-0.42,-0.04005,-0.03819,-0.05467,-0.11057,55.574,39.687
"2025-04-23 02:00:00",17747,12.72505,304,0,-0.03,-0.44,-0.4,-0.03995,-0.03615,-0.05651,-0.11213,54.997,39.523
"2025-04-23 02:30:00",17748,12.72505,304,0,-0.032,-0.47,-0.42,-0.04205,-0.03811,-0.05639,-0.11193,54.277,39.873
"2025-04-23 03:00:00",17749,12.72589,304,0,-0.029,-0.44,-0.38,-0.03985,-0.03409,-0.05639,-0.11057,55.295,40.23
"2025-04-23 03:30:00",17750,12.69064,304,0,-0.031,-0.47,-0.38,-0.04205,-0.03417,-0.05869,-0.10745,55.014,39.941
"2025-04-23 04:00:00",17751,12.72254,304,0,-0.031,-0.46,-0.4,-0.04195,-0.03615,-0.05847,-0.11057,55.887,39.449
"2025-04-23 04:30:00",17752,12.72254,304,0,-0.034,-0.52,-0.42,-0.04727,-0.03833,-0.06149,-0.11235,54.23,40.491
"2025-04-23 05:00:00",17753,12.7175,304,0,-0.03,-0.45,-0.38,-0.04033,-0.03439,-0.05699,-0.11273,55.251,39.364
"2025-04-23 05:30:00",17754,12.7091,304,0,-0.032,-0.47,-0.42,-0.04249,-0.03837,-0.05699,-0.11255,55.159,39.934
"2025-04-23 06:00:00",17755,12.71834,304,0,-0.031,-0.47,-0.4,-0.04259,-0.03645,-0.05705,-0.11273,53.63,40.295
"2025-04-23 06:30:00",17756,12.70743,304,0,-0.03,-0.42,-0.43,-0.03835,-0.03851,-0.05499,-0.11273,55.044,39.411
"2025-04-23 07:00:00",17757,12.71498,304,0,-0.031,-0.47,-0.4,-0.04215,-0.03627,-0.05657,-0.11235,54.682,39.461
"2025-04-23 07:30:00",17758,12.71246,304,0,-0.026,-0.39,-0.35,-0.03533,-0.03205,-0.05399,-0.10887,55.69,40.055
"2025-04-23 08:00:00",17759,12.70743,304,0,-0.027,-0.41,-0.35,-0.03681,-0.03169,-0.04937,-0.10657,56.629,40.182
"2025-04-23 08:30:00",17760,12.70827,304,0,-0.027,-0.4,-0.35,-0.03667,-0.03153,-0.05129,-0.10487,55.721,40.903
"2025-04-23 09:00:00",17761,12.70575,304,0,-0.024,-0.38,-0.3,-0.03473,-0.02755,-0.04937,-0.10143,56.397,39.944
"2025-04-23 09:30:00",17762,12.70994,304,0,-0.024,-0.42,-0.25,-0.03837,-0.02341,-0.05487,-0.10245,56.756,40.966
"2025-04-23 10:00:00",17763,12.7133,304,0,-0.022,-0.38,-0.23,-0.03435,-0.02159,-0.04901,-0.10277,56.902,40.196
"2025-04-23 10:30:00",17764,12.71414,304,0,-0.022,-0.38,-0.23,-0.03447,-0.02159,-0.05113,-0.10263,56.344,41.118
"2025-04-23 11:00:00",17765,12.70743,304,0,-0.023,-0.41,-0.21,-0.03681,-0.01963,-0.05143,-0.10263,55.247,41.101
"2025-04-23 11:30:00",17766,12.71666,304,0,-0.024,-0.41,-0.26,-0.03753,-0.02383,-0.05419,-0.10331,56.223,40.183
"2025-04-23 12:00:00",17767,12.71162,304,0,-0.007999999,-0.06,-0.21,-0.00597,-0.01959,-0.02323,-0.09933,57.794,39.716
"2025-04-23 12:30:00",17768,12.70491,304,0,0.006,0.1,0.06,0.00855,0.00548,-99,-0.08347,-99,42.228
"2025-04-23 13:00:00",17769,12.72254,304,0,-0.032,-0.49,-0.4,-0.04419,-0.03631,-0.06309,-0.11255,53.648,40.065
"2025-04-23 13:30:00",17770,12.70994,304,0,-0.054,-1.04,-0.38,-0.09307,-0.03479,-0.09711,-0.10537,54.189,40.346
"2025-04-23 14:00:00",17771,12.7091,304,0,0.0009999999,0.18,-0.22,0.01594,-0.01995,-0.00391,-0.10363,59.274,40.123
"2025-04-23 14:30:00",17772,12.71834,304,0,-0.051,-0.86,-0.51,-0.07679,-0.04559,-0.08893,-0.12035,51.204,40.734
"2025-04-23 15:00:00",17773,12.70827,304,0,0.071,1.61,0.12,0.14276,0.0108,-99,-0.08045,-99,42.224
"2025-04-23 15:30:00",17774,12.70491,304,0,-0.06,-1.16,-0.41,-0.10327,-0.03701,-0.10423,-0.10917,52.419,41.034
"2025-04-23 16:00:00",17775,12.7175,304,0,0.024,0.93,-0.48,0.08264,-0.04365,0.02878,-0.11817,53.674,39.691
"2025-04-23 16:30:00",17776,12.71666,304,0,-0.056,-0.86,-0.67,-0.07689,-0.06009,-0.09529,-0.13403,50.092,37.734
"2025-04-23 17:00:00",17777,12.70659,304,0,-0.041,-0.64,-0.49,-0.05775,-0.04389,-0.07577,-0.12411,50.951,38.847
"2025-04-23 17:30:00",17778,12.69651,304,0,-0.033,-0.53,-0.37,-0.04807,-0.03349,-0.06455,-0.11637,53.934,39.785
"2025-04-23 18:00:00",17779,12.69987,304,0,-0.02,-0.27,-0.31,-0.02521,-0.02873,-0.04439,-0.11031,55.055,40.239
"2025-04-23 18:30:00",17780,12.70407,304,0,-0.03,-0.45,-0.4,-0.04041,-0.03587,-0.05935,-0.11661,54.293,39.631
"2025-04-23 19:00:00",17781,12.69064,304,0,-0.032,-0.49,-0.41,-0.04429,-0.03753,-0.06293,-0.11621,53.446,39.455
"2025-04-23 19:30:00",17782,12.69567,304,0,-0.035,-0.52,-0.44,-0.04665,-0.03975,-0.06521,-0.11621,52.599,39.42
"2025-04-23 20:00:00",17783,12.6621,304,0,-0.032,-0.47,-0.41,-0.04209,-0.03757,-0.06095,-0.11621,54.305,38.925
"2025-04-23 20:30:00",17784,12.6898,304,0,-0.031,-0.48,-0.39,-0.04379,-0.03533,-0.06243,-0.11241,53.395,39.238
"2025-04-23 21:00:00",17785,12.68308,304,0,-0.032,-0.48,-0.41,-0.04369,-0.03747,-0.06027,-0.11441,54.695,39.611
"2025-04-23 21:30:00",17786,12.67721,304,0,-0.031,-0.48,-0.39,-0.04343,-0.03511,-0.05989,-0.11383,53.97,39.553
"2025-04-23 22:00:00",17787,12.67385,304,0,-0.032,-0.48,-0.41,-0.04333,-0.03715,-0.06193,-0.11403,54.425,39.197
"2025-04-23 22:30:00",17788,12.66881,304,0,-0.032,-0.48,-0.41,-0.04313,-0.03711,-0.05755,-0.11365,54.203,38.72
"2025-04-23 23:00:00",17789,12.66461,304,0,-0.031,-0.48,-0.38,-0.04293,-0.03495,-0.05947,-0.11189,53.389,38.981
"2025-04-23 23:30:00",17790,12.65958,304,0,-0.031,-0.45,-0.41,-0.04079,-0.03689,-0.05947,-0.11189,53.659,39.395
"2025-04-24 00:00:00",17791,12.6579,304,0,-0.029,-0.42,-0.41,-0.03849,-0.03681,-0.05919,-0.11331,53.959,39.288
"2025-04-24 00:30:00",17792,12.6537,304,0,-0.032,-0.47,-0.43,-0.04265,-0.03879,-0.05919,-0.11311,53.935,39.923
"2025-04-24 01:00:00",17793,12.65034,304,0,-0.031,-0.45,-0.43,-0.04057,-0.03883,-0.05919,-0.11501,54.285,39.71
"2025-04-24 01:30:00",17794,12.64783,304,0,-0.03,-0.47,-0.36,-0.04287,-0.03273,-0.05931,-0.11013,53.87,39.608
"2025-04-24 02:00:00",17795,12.64866,304,0,-0.031,-0.45,-0.41,-0.04057,-0.03681,-0.05919,-0.11345,54.408,39.323
"2025-04-24 02:30:00",17796,12.64363,304,0,-0.03,-0.45,-0.38,-0.04051,-0.03461,-0.05699,-0.10975,53.975,39.302
"2025-04-24 03:00:00",17797,12.64027,304,0,-0.032,-0.47,-0.43,-0.04259,-0.03879,-0.05905,-0.11169,53.919,39.249
"2025-04-24 03:30:00",17798,12.60669,304,0,-0.031,-0.45,-0.43,-0.04071,-0.03879,-0.05717,-0.11155,53.666,39.508
"2025-04-24 04:00:00",17799,12.63691,304,0,-0.029,-0.42,-0.38,-0.03821,-0.03455,-0.05683,-0.10957,54.536,39.3
"2025-04-24 04:30:00",17800,12.63439,304,0,-0.03,-0.45,-0.4,-0.04033,-0.03653,-0.05877,-0.11291,54.84,39.349
"2025-04-24 05:00:00",17801,12.62936,304,0,-0.03,-0.45,-0.4,-0.04047,-0.03667,-0.05893,-0.11501,54.194,39.617
"2025-04-24 05:30:00",17802,12.6302,304,0,-0.029,-0.42,-0.38,-0.03817,-0.03455,-0.05877,-0.11131,54.704,40.282
"2025-04-24 06:00:00",17803,12.6302,304,0,-0.029,-0.42,-0.38,-0.03817,-0.03455,-0.05673,-0.10975,54.85,39.361
"2025-04-24 06:30:00",17804,12.62516,304,0,-0.03,-0.44,-0.4,-0.03995,-0.03637,-0.05639,-0.10919,54.182,39.768
"2025-04-24 07:00:00",17805,12.62768,304,0,-0.026,-0.38,-0.35,-0.03461,-0.03185,-0.05113,-0.10689,55.755,39.856
"2025-04-24 07:30:00",17806,12.61761,304,0,-0.025,-0.35,-0.37,-0.03221,-0.03347,-0.04683,-0.10643,57.631,40.921
"2025-04-24 08:00:00",17807,12.62096,304,0,-0.029,-0.45,-0.34,-0.04057,-0.03141,-0.05493,-0.10451,56.414,40.364
"2025-04-24 08:30:00",17808,12.63775,304,0,-0.025,-0.39,-0.3,-0.03537,-0.02707,-0.04791,-0.10059,57.177,40.717
"2025-04-24 09:00:00",17809,12.63943,304,0,-0.024,-0.39,-0.29,-0.03507,-0.02665,-0.04751,-0.10147,58.079,40.658
"2025-04-24 09:30:00",17810,12.6495,304,0,-0.025,-0.41,-0.27,-0.03717,-0.02471,-0.04771,-0.10283,57.751,40.896
"2025-04-24 10:00:00",17811,12.65538,304,0,-0.023,-0.37,-0.27,-0.03401,-0.02497,-0.04855,-0.10027,57.395,40.946
"2025-04-24 10:30:00",17812,12.62516,304,0,-0.024,-0.39,-0.27,-0.03541,-0.02495,-0.04995,-0.10333,57.799,40.688
"2025-04-24 11:00:00",17813,12.66461,304,0,-0.023,-0.36,-0.27,-0.03241,-0.02515,-0.04901,-0.10195,56.623,40.435
"2025-04-24 11:30:00",17814,12.66377,304,0,-0.023,-0.39,-0.25,-0.03575,-0.02323,-0.04835,-0.10059,57.593,40.994
"2025-04-24 12:00:00",17815,12.67217,304,0,0.004,0.18,-0.1,0.01629,-0.00947,0.00178,-0.09289,63.552,40.985
"2025-04-24 12:30:00",17816,12.67972,304,0,0.006,0.06,0.1,0.0049,0.008859999,-99,-0.07609,-99,42.601
"2025-04-24 13:00:00",17817,12.64783,304,0,-0.034,-0.51,-0.42,-0.04635,-0.03819,-0.06743,-0.11583,53.883,39.645
"2025-04-24 13:30:00",17818,12.68308,304,0,-0.053,-0.96,-0.45,-0.08569,-0.04045,-0.10095,-0.11019,53.879,40.712
"2025-04-24 14:00:00",17819,12.68224,304,0,-0.022,-0.3,-0.33,-0.02713,-0.03039,-0.04431,-0.10801,55.807,40.042
"2025-04-24 14:30:00",17820,12.67301,304,0,0.013,0.34,-0.03,0.0299,-0.00389,0.01098,-0.09255,61.628,40.958
"2025-04-24 15:00:00",17821,12.67301,304,0,0.027,0.74,-0.14,0.06508,-0.01331,-99,-0.09517,-99,41.606
"2025-04-24 15:30:00",17822,12.68308,304,0,-0.038,-0.58,-0.46,-0.05201,-0.04133,-0.06621,-0.11597,53.381,39.954
"2025-04-24 16:00:00",17823,12.6814,304,0,0.031,0.79,-0.06,0.07032,-0.00583,-99,-0.09469,-99,40.735
"2025-04-24 16:30:00",17824,12.68224,304,0,-0.055,-0.91,-0.57,-0.08123,-0.05097,-0.09361,-0.12443,51.63,39.272
"2025-04-24 17:00:00",17825,12.67637,304,0,-0.04,-0.58,-0.53,-0.05213,-0.04765,-0.07509,-0.12181,51.699,39.074
"2025-04-24 17:30:00",17826,12.67301,304,0,-0.037,-0.57,-0.44,-0.05171,-0.04005,-0.06799,-0.11861,53.746,39.746
"2025-04-24 18:00:00",17827,12.66377,304,0,-0.031,-0.46,-0.41,-0.04203,-0.03753,-0.05885,-0.11637,53.428,39.838
"2025-04-24 18:30:00",17828,12.62684,304,0,-0.032,-0.49,-0.39,-0.04405,-0.03525,-0.06279,-0.11441,53.167,39.012
"2025-04-24 19:00:00",17829,12.63188,304,0,-0.035,-0.52,-0.44,-0.04675,-0.03957,-0.06539,-0.11621,52.903,39.877
"2025-04-24 19:30:00",17830,12.65034,304,0,-0.033,-0.49,-0.44,-0.04419,-0.03957,-0.06293,-0.11621,52.67,39.334
"2025-04-24 20:00:00",17831,12.62348,304,0,-0.032,-0.48,-0.41,-0.04369,-0.03743,-0.06243,-0.11441,53.531,39.124
"2025-04-24 20:30:00",17832,12.65454,304,0,-0.032,-0.48,-0.41,-0.04313,-0.03711,-0.05771,-0.11403,53.669,39.824
"2025-04-24 21:00:00",17833,12.64866,304,0,-0.031,-0.46,-0.41,-0.04119,-0.03711,-0.05789,-0.11403,54.148,39.583
"2025-04-24 21:30:00",17834,12.64699,304,0,-0.032,-0.46,-0.43,-0.04129,-0.03915,-0.06219,-0.11403,54.703,39.733
"2025-04-24 22:00:00",17835,12.64279,304,0,-0.031,-0.45,-0.43,-0.04115,-0.03915,-0.05777,-0.11563,54.464,39.644
"2025-04-24 22:30:00",17836,12.63607,304,0,-0.03,-0.45,-0.38,-0.04079,-0.03481,-0.05543,-0.11207,53.999,39.996
"2025-04-24 23:00:00",17837,12.59746,304,0,-0.031,-0.45,-0.41,-0.04071,-0.03685,-0.05729,-0.11207,55.006,39.936
"2025-04-24 23:30:00",17838,12.63355,304,0,-0.031,-0.45,-0.41,-0.04079,-0.03685,-0.05729,-0.11207,54.634,39.248
"2025-04-25 00:00:00",17839,12.62936,304,0,-0.031,-0.45,-0.43,-0.04079,-0.03893,-0.05947,-0.11207,54.348,39.789
"2025-04-25 00:30:00",17840,12.59074,304,0,-0.031,-0.45,-0.41,-0.04079,-0.03689,-0.06149,-0.11207,54.868,39.487
"2025-04-25 01:00:00",17841,12.62516,304,0,-0.03,-0.45,-0.38,-0.04057,-0.03473,-0.05931,-0.11189,53.914,39.909
"2025-04-25 01:30:00",17842,12.62516,304,0,-0.03,-0.45,-0.38,-0.04079,-0.03481,-0.05947,-0.11031,53.716,39.722
"2025-04-25 02:00:00",17843,12.61677,304,0,-0.031,-0.47,-0.38,-0.04279,-0.03473,-0.05931,-0.11189,53.737,39.172
"2025-04-25 02:30:00",17844,12.58235,304,0,-0.029,-0.42,-0.41,-0.03839,-0.03681,-0.05511,-0.11345,54.862,39.638
"2025-04-25 03:00:00",17845,12.60669,304,0,-0.032,-0.47,-0.43,-0.04259,-0.03879,-0.05905,-0.11345,54.151,39.737
"2025-04-25 03:30:00",17846,12.57899,304,0,-0.03,-0.45,-0.4,-0.04047,-0.03663,-0.05699,-0.11487,54.712,39.485
"2025-04-25 04:00:00",17847,12.61173,304,0,-0.03,-0.45,-0.4,-0.04033,-0.03663,-0.05489,-0.11169,53.884,40.138
"2025-04-25 04:30:00",17848,12.60333,304,0,-0.031,-0.47,-0.4,-0.04249,-0.03663,-0.05893,-0.11169,54.601,39.377
"2025-04-25 05:00:00",17849,12.60501,304,0,-0.029,-0.42,-0.4,-0.03821,-0.03663,-0.05699,-0.11331,55.181,39.543
"2025-04-25 05:30:00",17850,12.60333,304,0,-0.03,-0.45,-0.4,-0.04047,-0.03663,-0.05699,-0.11501,53.863,39.602
"2025-04-25 06:00:00",17851,12.56808,304,0,-0.03,-0.45,-0.4,-0.04033,-0.03663,-0.06101,-0.11169,54.947,40.12
"2025-04-25 06:30:00",17852,12.59662,304,0,-0.03,-0.44,-0.4,-0.04027,-0.03653,-0.05683,-0.11169,55.096,40.27
"2025-04-25 07:00:00",17853,12.59326,304,0,-0.028,-0.41,-0.38,-0.03725,-0.03409,-0.05387,-0.10939,56.274,40.064
"2025-04-25 07:30:00",17854,12.56472,304,0,-0.028,-0.43,-0.35,-0.03869,-0.03169,-0.05519,-0.10867,56.689,40.22
"2025-04-25 08:00:00",17855,12.60166,304,0,-0.025,-0.37,-0.34,-0.03401,-0.03133,-0.05051,-0.10469,57.359,40.498
"2025-04-25 08:30:00",17856,12.60585,304,0,-0.027,-0.45,-0.29,-0.04071,-0.02675,-0.04929,-0.10195,58.9,40.814
"2025-04-25 09:00:00",17857,12.61005,304,0,-0.027,-0.44,-0.31,-0.03983,-0.02875,-0.05419,-0.10365,57.562,41.11
"2025-04-25 09:30:00",17858,12.61593,304,0,-0.025,-0.4,-0.3,-0.03627,-0.02711,-0.05077,-0.10587,57.158,40.861
"2025-04-25 10:00:00",17859,12.62516,304,0,-0.027,-0.42,-0.34,-0.03833,-0.03097,-0.05287,-0.10569,56.569,40.788
"2025-04-25 10:30:00",17860,12.63104,304,0,-0.026,-0.46,-0.25,-0.04183,-0.02311,-0.05625,-0.10231,58.005,40.077
"2025-04-25 11:00:00",17861,12.63188,304,0,-0.025,-0.4,-0.3,-0.03645,-0.02725,-0.05113,-0.10451,58.155,41.149
"2025-04-25 11:30:00",17862,12.60417,304,0,-0.023,-0.35,-0.3,-0.03209,-0.02725,-0.04875,-0.10295,57.434,40.172
"2025-04-25 12:00:00",17863,12.63859,304,0,-0.0009999999,0.04,-0.12,0.00361,-0.01129,-0.00723,-0.09167,64.716,41.184
"2025-04-25 12:30:00",17864,12.64363,304,0,-0.027,-0.6,-0.09,-0.05389,-0.00917,-0.06041,-0.08713,60.989,42.101
"2025-04-25 13:00:00",17865,12.64699,304,0,-0.027,-0.36,-0.4,-0.03239,-0.03589,-0.05387,-0.11075,55.29,40.228
"2025-04-25 13:30:00",17866,12.64027,304,0,-0.03,-0.51,-0.32,-0.04599,-0.02883,-0.06493,-0.10401,56.731,40.949
"2025-04-25 14:00:00",17867,12.64279,304,0,-0.015,-0.13,-0.35,-0.01245,-0.03209,-0.03405,-0.11131,57.149,40.443
"2025-04-25 14:30:00",17868,12.61928,304,0,0.007,0.31,-0.19,0.02756,-0.01775,0.00195,-0.10381,59.176,40.536
"2025-04-25 15:00:00",17869,12.64531,304,0,0.037,0.88,-0.01,0.07778,-0.00191,-99,-0.09167,-99,41.406
"2025-04-25 15:30:00",17870,12.64027,304,0,-0.05,-0.8,-0.55,-0.07189,-0.04963,-0.08511,-0.12133,52.587,39.254
"2025-04-25 16:00:00",17871,12.64866,304,0,0.042,0.66,0.47,0.05842,0.04168,-99,-0.04845,-99,44.871
"2025-04-25 16:30:00",17872,12.6495,304,0,-0.067,-1.15,-0.63,-0.10263,-0.05659,-0.11175,-0.12241,52.204,39.022
"2025-04-25 17:00:00",17873,12.64531,304,0,-0.068,-1.13,-0.68,-0.10049,-0.06119,-0.10787,-0.13165,50.068,37.867
"2025-04-25 17:30:00",17874,12.63188,304,0,-0.041,-0.65,-0.47,-0.05827,-0.04287,-0.07431,-0.12003,52.276,38.847
"2025-04-25 18:00:00",17875,12.63859,304,0,-0.036,-0.52,-0.47,-0.04725,-0.04229,-0.06621,-0.11763,53.363,39.367
"2025-04-25 18:30:00",17876,12.63523,304,0,-0.036,-0.56,-0.44,-0.05001,-0.04019,-0.06871,-0.11939,53.591,39.999
"2025-04-25 19:00:00",17877,12.63523,304,0,-0.035,-0.54,-0.44,-0.04881,-0.03975,-0.06333,-0.11523,53.067,39.323
"2025-04-25 19:30:00",17878,12.63523,304,0,-0.033,-0.49,-0.44,-0.04445,-0.03985,-0.06345,-0.11557,53.271,39.836
"2025-04-25 20:00:00",17879,12.62768,304,0,-0.034,-0.49,-0.46,-0.04399,-0.04171,-0.06493,-0.11499,53.54,39.539
"2025-04-25 20:30:00",17880,12.61593,304,0,-0.032,-0.48,-0.41,-0.04343,-0.03725,-0.06017,-0.11499,55.544,39.906
"2025-04-25 21:00:00",17881,12.62096,304,0,-0.03,-0.43,-0.41,-0.03877,-0.03715,-0.05789,-0.11303,55.389,39.748
"2025-04-25 21:30:00",17882,12.61509,304,0,-0.032,-0.47,-0.41,-0.04249,-0.03681,-0.05717,-0.11227,55.429,39.794
"2025-04-25 22:00:00",17883,12.60837,304,0,-0.031,-0.47,-0.4,-0.04259,-0.03667,-0.05947,-0.11241,54.914,40.248
"2025-04-25 22:30:00",17884,12.61005,304,0,-0.031,-0.45,-0.41,-0.04057,-0.03681,-0.05743,-0.11241,54.8,39.318
"2025-04-25 23:00:00",17885,12.60166,304,0,-0.031,-0.47,-0.4,-0.04259,-0.03667,-0.06141,-0.11241,56.514,39.65
"2025-04-25 23:30:00",17886,12.61173,304,0,-0.03,-0.42,-0.43,-0.03835,-0.03869,-0.05319,-0.11065,56.198,40.304
"2025-04-26 00:00:00",17887,12.61257,304,0,-0.031,-0.45,-0.41,-0.04071,-0.03681,-0.05755,-0.11265,55.593,39.695
"2025-04-26 00:30:00",17888,12.5941,304,0,-0.029,-0.42,-0.4,-0.03839,-0.03667,-0.05333,-0.11241,55.449,39.962
"2025-04-26 01:00:00",17889,12.60837,304,0,-0.031,-0.47,-0.4,-0.04265,-0.03667,-0.05947,-0.11065,56.666,39.954
"2025-04-26 01:30:00",17890,12.60333,304,0,-0.03,-0.45,-0.38,-0.04051,-0.03461,-0.05729,-0.11065,54.462,39.896
"2025-04-26 02:00:00",17891,12.60753,304,0,-0.03,-0.45,-0.38,-0.04071,-0.03473,-0.05555,-0.11103,55.701,39.654
"2025-04-26 02:30:00",17892,12.58739,304,0,-0.033,-0.48,-0.43,-0.04333,-0.03897,-0.06219,-0.11283,53.896,39.484
"2025-04-26 03:00:00",17893,12.59998,304,0,-0.032,-0.48,-0.41,-0.04323,-0.03703,-0.06001,-0.11283,54.708,40.302
"2025-04-26 03:30:00",17894,12.59914,304,0,-0.03,-0.45,-0.39,-0.04105,-0.03499,-0.05989,-0.11127,54.703,39.478
"2025-04-26 04:00:00",17895,12.59662,304,0,-0.031,-0.45,-0.41,-0.04079,-0.03689,-0.05977,-0.11103,55.541,40.054
"2025-04-26 04:30:00",17896,12.60082,304,0,-0.029,-0.42,-0.4,-0.03817,-0.03663,-0.05511,-0.11241,55.525,40.042
"2025-04-26 05:00:00",17897,12.5941,304,0,-0.028,-0.42,-0.36,-0.03803,-0.03245,-0.05499,-0.10733,55.741,39.543
"2025-04-26 05:30:00",17898,12.59746,304,0,-0.031,-0.47,-0.4,-0.04239,-0.03653,-0.05717,-0.11065,55.597,39.805
"2025-04-26 06:00:00",17899,12.59494,304,0,-0.029,-0.44,-0.38,-0.04027,-0.03455,-0.05499,-0.11085,55.133,40.056
"2025-04-26 06:30:00",17900,12.5941,304,0,-0.032,-0.47,-0.43,-0.04229,-0.03851,-0.05705,-0.11241,55.844,39.542
"2025-04-26 07:00:00",17901,12.5941,304,0,-0.03,-0.44,-0.4,-0.03995,-0.03637,-0.05475,-0.11065,56.653,40.048
"2025-04-26 07:30:00",17902,12.59578,304,0,-0.028,-0.44,-0.35,-0.03999,-0.03221,-0.05683,-0.10875,55.952,39.904
"2025-04-26 08:00:00",17903,12.56136,304,0,-0.031,-0.47,-0.38,-0.04205,-0.03417,-0.05683,-0.10857,55.166,41.013
"2025-04-26 08:30:00",17904,12.58067,304,0,-0.02,-0.3,-0.28,-0.02779,-0.02559,-0.04465,-0.10243,58.938,40.445
"2025-04-26 09:00:00",17905,12.58823,304,0,-0.021,-0.31,-0.28,-0.02855,-0.02579,-0.04363,-0.10449,57.748,40.33
"2025-04-26 09:30:00",17906,12.5899,304,0,-0.029,-0.46,-0.33,-0.04195,-0.02983,-0.05673,-0.10625,55.413,41.007
"2025-04-26 10:00:00",17907,12.59914,304,0,-0.022,-0.36,-0.26,-0.03245,-0.02383,-0.04545,-0.10275,56.738,39.882
"2025-04-26 10:30:00",17908,12.59242,304,0,-0.022,-0.38,-0.23,-0.03439,-0.02163,-0.04937,-0.10221,58.407,40.737
"2025-04-26 11:00:00",17909,12.60921,304,0,-0.023,-0.36,-0.28,-0.03245,-0.02551,-0.04745,-0.10381,58.038,40.369
"2025-04-26 11:30:00",17910,12.61089,304,0,-0.026,-0.44,-0.28,-0.03943,-0.02575,-0.05639,-0.10275,56.53,40.254
"2025-04-26 12:00:00",17911,12.61341,304,0,-0.018,-0.34,-0.16,-0.03077,-0.01547,-0.03973,-0.09813,60.586,40.882
"2025-04-26 12:30:00",17912,12.61761,304,0,-0.018,-0.46,0,-0.04165,0,-0.04481,-0.08123,61.807,42.663
"2025-04-26 13:00:00",17913,12.58235,304,0,-0.046,-0.8,-0.43,-0.07207,-0.03907,-0.08535,-0.11483,52.003,39.803
"2025-04-26 13:30:00",17914,12.60669,304,0,-0.029,-0.45,-0.34,-0.04095,-0.03073,-0.05589,-0.10785,56.171,39.993
"2025-04-26 14:00:00",17915,12.60669,304,0,-0.033,-0.51,-0.39,-0.04559,-0.03565,-0.06693,-0.11419,52.922,39.752
"2025-04-26 14:30:00",17916,12.60166,304,0,-0.032,-0.56,-0.29,-0.05021,-0.02611,-0.06079,-0.10523,55.74,40.115
"2025-04-26 15:00:00",17917,12.61173,304,0,0.049,1.01,0.2,0.0894,0.01747,-99,-0.06859,-99,44.321
"2025-04-26 15:30:00",17918,12.61425,304,0,-0.036,-0.48,-0.54,-0.04339,-0.04901,-0.06993,-0.11953,55.053,39.999
"2025-04-26 16:00:00",17919,12.61593,304,0,-0.017,-0.46,0.04,-0.04153,0.00368,-0.04861,-0.07837,62.81,43.111
"2025-04-26 16:30:00",17920,12.6025,304,0,-0.074,-1.26,-0.72,-0.11247,-0.06469,-0.12109,-0.12785,52.049,39.697
"2025-04-26 17:00:00",17921,12.61341,304,0,-0.038,-0.57,-0.48,-0.05105,-0.04363,-0.06797,-0.12001,52.481,38.898
"2025-04-26 17:30:00",17922,12.60417,304,0,-0.035,-0.52,-0.45,-0.04665,-0.04095,-0.06587,-0.12103,51.7,39.191
"2025-04-26 18:00:00",17923,12.60753,304,0,-0.039,-0.64,-0.42,-0.05729,-0.03803,-0.07363,-0.11477,53.048,39.053
"2025-04-26 18:30:00",17924,12.60585,304,0,-0.034,-0.53,-0.42,-0.04793,-0.03817,-0.06273,-0.11659,53.496,39.66
"2025-04-26 19:00:00",17925,12.5941,304,0,-0.036,-0.55,-0.44,-0.04983,-0.04019,-0.06443,-0.11477,53.74,39.903
"2025-04-26 19:30:00",17926,12.59998,304,0,-0.034,-0.5,-0.45,-0.04527,-0.04033,-0.06015,-0.11683,53.691,39.855
"2025-04-26 20:00:00",17927,12.58571,304,0,-0.032,-0.47,-0.42,-0.04229,-0.03789,-0.05729,-0.11619,54.277,39.462
"2025-04-26 20:30:00",17928,12.55465,304,0,-0.034,-0.51,-0.44,-0.04627,-0.03975,-0.06103,-0.11419,54.755,39.935
"2025-04-26 21:00:00",17929,12.57563,304,0,-0.032,-0.48,-0.41,-0.04343,-0.03743,-0.06039,-0.11381,55.578,39.943
"2025-04-26 21:30:00",17930,12.58823,304,0,-0.031,-0.46,-0.39,-0.04183,-0.03551,-0.05901,-0.11453,54.816,40.662
"2025-04-26 22:00:00",17931,12.58067,304,0,-0.033,-0.49,-0.42,-0.04445,-0.03779,-0.06155,-0.11619,55.11,39.628
"2025-04-26 22:30:00",17932,12.58067,304,0,-0.029,-0.39,-0.44,-0.03567,-0.04027,-0.05729,-0.11861,54.155,38.928
"2025-04-26 23:00:00",17933,12.57731,304,0,-0.033,-0.47,-0.44,-0.04223,-0.04005,-0.05935,-0.11477,54.216,39.547
"2025-04-26 23:30:00",17934,12.56388,304,0,-0.036,-0.53,-0.47,-0.04783,-0.04259,-0.06469,-0.11699,54.225,39.411
"2025-04-27 00:00:00",17935,12.55717,304,0,-0.029,-0.42,-0.4,-0.03847,-0.03645,-0.05807,-0.11753,52.829,38.67
"2025-04-27 00:30:00",17936,12.55297,304,0,-0.034,-0.53,-0.42,-0.04771,-0.03839,-0.06663,-0.11535,52.639,40.011
"2025-04-27 01:00:00",17937,12.54961,304,0,-0.036,-0.56,-0.42,-0.05049,-0.03839,-0.06707,-0.11719,53.159,40.122
"2025-04-27 01:30:00",17938,12.52023,304,0,-0.032,-0.47,-0.42,-0.04209,-0.03803,-0.05885,-0.11497,55.054,39.818
"2025-04-27 02:00:00",17939,12.511,304,0,-0.038,-0.6,-0.44,-0.05387,-0.04019,-0.06829,-0.11683,53.467,39.87
"2025-04-27 02:30:00",17940,12.54373,304,0,-0.032,-0.46,-0.44,-0.04203,-0.04005,-0.05901,-0.11477,54.679,38.882
"2025-04-27 03:00:00",17941,12.5387,304,0,-0.029,-0.41,-0.42,-0.03751,-0.03785,-0.05465,-0.11299,55.106,39.051
"2025-04-27 03:30:00",17942,12.53618,304,0,-0.031,-0.46,-0.39,-0.04193,-0.03573,-0.05873,-0.11299,53.66,40.624
"2025-04-27 04:00:00",17943,12.52359,304,0,-0.031,-0.46,-0.42,-0.04173,-0.03803,-0.05659,-0.11497,54.904,39.256
"2025-04-27 04:30:00",17944,12.53198,304,0,-0.029,-0.42,-0.4,-0.03789,-0.03601,-0.05729,-0.11517,52.543,40.018
"2025-04-27 05:00:00",17945,12.49085,304,0,-0.027,-0.38,-0.37,-0.03481,-0.03341,-0.05615,-0.11257,54.224,39.809
"2025-04-27 05:30:00",17946,12.51771,304,0,-0.029,-0.43,-0.39,-0.03935,-0.03569,-0.05633,-0.11275,55.404,39.76
"2025-04-27 06:00:00",17947,12.48413,304,0,-0.031,-0.44,-0.42,-0.03987,-0.03789,-0.05909,-0.11477,53.349,39.755
"2025-04-27 06:30:00",17948,12.51939,304,0,-0.031,-0.48,-0.37,-0.04363,-0.03341,-0.06039,-0.11093,54.295,39.873
"2025-04-27 07:00:00",17949,12.51603,304,0,-0.03,-0.43,-0.41,-0.03891,-0.03743,-0.05801,-0.11419,53.974,39.966
"2025-04-27 07:30:00",17950,12.51939,304,0,-0.025,-0.37,-0.34,-0.03363,-0.03057,-0.05259,-0.10785,56.331,40.276
"2025-04-27 08:00:00",17951,12.51184,304,0,-0.024,-0.37,-0.31,-0.03341,-0.02847,-0.05049,-0.10785,55.649,40.42
"2025-04-27 08:30:00",17952,12.51603,304,0,-0.026,-0.42,-0.31,-0.03771,-0.02829,-0.05467,-0.10413,56.594,39.72
"2025-04-27 09:00:00",17953,12.51687,304,0,-0.027,-0.44,-0.31,-0.03957,-0.02809,-0.05435,-0.10713,55.607,39.811
"2025-04-27 09:30:00",17954,12.51687,304,0,-0.03,-0.49,-0.33,-0.04395,-0.03007,-0.05869,-0.10557,56.679,40.373
"2025-04-27 10:00:00",17955,12.52275,304,0,-0.026,-0.4,-0.33,-0.03587,-0.03047,-0.05301,-0.10593,56.396,40.095
"2025-04-27 10:30:00",17956,12.52359,304,0,-0.027,-0.44,-0.31,-0.03985,-0.02813,-0.05467,-0.10699,57.069,40.206
"2025-04-27 11:00:00",17957,12.52611,304,0,-0.036,-0.64,-0.34,-0.05769,-0.03057,-0.07183,-0.10951,52.818,40.453
"2025-04-27 11:30:00",17958,12.5303,304,0,-0.024,-0.38,-0.3,-0.03439,-0.02775,-0.04931,-0.10469,57.615,40.09
"2025-04-27 12:00:00",17959,12.53282,304,0,-0.011,-0.14,-0.19,-0.01347,-0.01765,-0.02839,-0.10103,61.352,41.644
"2025-04-27 12:30:00",17960,12.5345,304,0,-0.004,-0.15,0.04,-0.01377,0.00362,-99,-0.07943,-99,42.935
"2025-04-27 13:00:00",17961,12.50344,304,0,-0.022,-0.19,-0.47,-0.01777,-0.04225,-0.04465,-0.11837,54.474,38.694
"2025-04-27 13:30:00",17962,12.53534,304,0,-0.063,-1.35,-0.23,-0.12061,-0.02091,-0.11583,-0.09609,54.27,40.687
"2025-04-27 14:00:00",17963,12.5387,304,0,-0.062,-1.38,-0.16,-0.12279,-0.01547,-0.11777,-0.09359,55.485,40.829
"2025-04-27 14:30:00",17964,12.53618,304,0,-0.022,-0.51,-0.05,-0.04579,-0.00563,-0.04891,-0.08731,61.309,42.164
"2025-04-27 15:00:00",17965,12.53618,304,0,-0.006,-0.38,0.28,-0.03417,0.02451,-99,-0.05271,-99,46.348
"2025-04-27 15:30:00",17966,12.5345,304,0,-0.051,-0.72,-0.69,-0.06443,-0.06183,-0.08281,-0.12453,51.709,40.32
"2025-04-27 16:00:00",17967,12.50848,304,0,0.072,1.37,0.47,0.121,0.04145,-99,-0.05155,-99,44.605
"2025-04-27 16:30:00",17968,12.53702,304,0,-0.134,-2.48,-0.98,-0.22045,-0.08793,-0.17761,-0.13697,45.776,39.139
"2025-04-27 17:00:00",17969,12.50596,304,0,-0.066,-1.14,-0.62,-0.10219,-0.05579,-0.10787,-0.12713,49.92,38.383
"2025-04-27 17:30:00",17970,12.52695,304,0,-0.034,-0.47,-0.49,-0.04207,-0.04445,-0.06827,-0.11987,51.894,39.286
"2025-04-27 18:00:00",17971,12.52443,304,0,-0.039,-0.6,-0.46,-0.05393,-0.04165,-0.07071,-0.11881,53.138,38.742
"2025-04-27 18:30:00",17972,12.53618,304,0,-0.031,-0.49,-0.38,-0.04383,-0.03449,-0.06313,-0.11435,52.772,39.599
"2025-04-27 19:00:00",17973,12.53534,304,0,-0.033,-0.48,-0.43,-0.04319,-0.03859,-0.06247,-0.11599,54.224,39.157
"2025-04-27 19:30:00",17974,12.53534,304,0,-0.033,-0.51,-0.4,-0.04559,-0.03645,-0.06469,-0.11411,53.615,39.619
"2025-04-27 20:00:00",17975,12.52611,304,0,-0.032,-0.48,-0.4,-0.04339,-0.03655,-0.06261,-0.11599,53.197,39.869
"2025-04-27 20:30:00",17976,12.51184,304,0,-0.032,-0.48,-0.4,-0.04319,-0.03645,-0.06235,-0.11753,53.829,39.424
"2025-04-27 21:00:00",17977,12.51855,304,0,-0.037,-0.58,-0.43,-0.05215,-0.03859,-0.07297,-0.11739,52.85,38.702
"2025-04-27 21:30:00",17978,12.51268,304,0,-0.032,-0.47,-0.42,-0.04249,-0.03839,-0.06171,-0.11393,54.399,40.247
"2025-04-27 22:00:00",17979,12.47658,304,0,-0.033,-0.47,-0.47,-0.04259,-0.04279,-0.06183,-0.11921,53.943,39.123
"2025-04-27 22:30:00",17980,12.50176,304,0,-0.029,-0.41,-0.4,-0.03737,-0.03587,-0.05453,-0.11497,54.863,39.636
"2025-04-27 23:00:00",17981,12.48917,304,0,-0.03,-0.44,-0.4,-0.03973,-0.03587,-0.05683,-0.11155,53.731,39.735
"2025-04-27 23:30:00",17982,12.49085,304,0,-0.029,-0.43,-0.39,-0.03935,-0.03565,-0.05633,-0.11113,55.465,40.246
"2025-04-28 00:00:00",17983,12.48078,304,0,-0.032,-0.49,-0.39,-0.04405,-0.03569,-0.06309,-0.11133,53.593,40.003
"2025-04-28 00:30:00",17984,12.48749,304,0,-0.032,-0.48,-0.42,-0.04379,-0.03779,-0.06067,-0.11299,54.291,39.73
"2025-04-28 01:00:00",17985,12.48246,304,0,-0.034,-0.51,-0.44,-0.04645,-0.03995,-0.06321,-0.11639,53.471,39.883
"2025-04-28 01:30:00",17986,12.48246,304,0,-0.031,-0.46,-0.39,-0.04145,-0.03565,-0.05851,-0.11299,54.937,39.037
"2025-04-28 02:00:00",17987,12.4833,304,0,-0.028,-0.41,-0.39,-0.03709,-0.03551,-0.05633,-0.11257,54.543,39.317
"2025-04-28 02:30:00",17988,12.4791,304,0,-0.031,-0.46,-0.42,-0.04159,-0.03771,-0.05857,-0.11453,55.237,40.008
"2025-04-28 03:00:00",17989,12.47742,304,0,-0.03,-0.43,-0.42,-0.03925,-0.03771,-0.05839,-0.11299,53.694,39.69
"2025-04-28 03:30:00",17990,12.4707,304,0,-0.031,-0.46,-0.41,-0.04129,-0.03753,-0.05827,-0.11439,54.628,40.211
"2025-04-28 04:00:00",17991,12.47406,304,0,-0.03,-0.46,-0.37,-0.04129,-0.03337,-0.05811,-0.11257,54.708,40.044
"2025-04-28 04:30:00",17992,12.47238,304,0,-0.029,-0.43,-0.39,-0.03935,-0.03543,-0.05839,-0.11419,54.407,39.744
"2025-04-28 05:00:00",17993,12.46986,304,0,-0.032,-0.48,-0.42,-0.04379,-0.03771,-0.05851,-0.11619,53.79,39.789
"2025-04-28 05:30:00",17994,12.46315,304,0,-0.031,-0.46,-0.42,-0.04159,-0.03771,-0.06055,-0.11275,53.995,39.026
"2025-04-28 06:00:00",17995,12.46399,304,0,-0.033,-0.49,-0.44,-0.04389,-0.03985,-0.06279,-0.11477,54.086,39.001
"2025-04-28 06:30:00",17996,12.46399,304,0,-0.03,-0.43,-0.41,-0.03915,-0.03753,-0.05615,-0.11439,54.266,39.442
"2025-04-28 07:00:00",17997,12.46735,304,0,-0.029,-0.42,-0.39,-0.03811,-0.03507,-0.05499,-0.10701,55.547,39.907
"2025-04-28 07:30:00",17998,12.45559,304,0,-0.031,-0.49,-0.38,-0.04439,-0.03473,-0.06101,-0.11003,55.502,39.861
"2025-04-28 08:00:00",17999,12.46231,304,0,-0.026,-0.41,-0.31,-0.03703,-0.02813,-0.05181,-0.10399,57.454,40.6
"2025-04-28 08:30:00",18000,12.46315,304,0,-0.023,-0.36,-0.28,-0.03241,-0.02575,-0.04931,-0.10487,57.986,41.681
"2025-04-28 09:00:00",18001,12.4514,304,0,-0.022,-0.35,-0.26,-0.03185,-0.02349,-0.04665,-0.10275,57.66,40.143
"2025-04-28 09:30:00",18002,12.47322,304,0,-0.023,-0.39,-0.25,-0.03575,-0.02333,-0.04855,-0.09893,57.917,41.469
"2025-04-28 10:00:00",18003,12.47826,304,0,-0.024,-0.41,-0.26,-0.03681,-0.02371,-0.05159,-0.10293,57.459,40.612
"2025-04-28 10:30:00",18004,12.49001,304,0,-0.025,-0.42,-0.26,-0.03847,-0.02363,-0.05325,-0.09789,57.431,40.58
"2025-04-28 11:00:00",18005,12.49337,304,0,-0.026,-0.41,-0.3,-0.03753,-0.02787,-0.05453,-0.10325,56.506,40.324
"2025-04-28 11:30:00",18006,12.49505,304,0,-0.027,-0.46,-0.28,-0.04127,-0.02589,-0.05603,-0.10343,56.629,40.846
"2025-04-28 12:00:00",18007,12.49253,304,0,-0.014,-0.22,-0.19,-0.01997,-0.01783,-0.03511,-0.09973,59.759,40.871
"2025-04-28 12:30:00",18008,12.49085,304,0,0.009,0.17,0.06,0.01524,0.00542,-99,-0.07649,-99,42.719
"2025-04-28 13:00:00",18009,12.49841,304,0,-0.032,-0.4,-0.52,-0.03587,-0.04659,-0.06747,-0.12043,52.519,39.755
"2025-04-28 13:30:00",18010,12.49589,304,0,-0.009,-0.18,-0.09,-0.01697,-0.00929,-0.02789,-0.08713,62.426,42.719
"2025-04-28 14:00:00",18011,12.49841,304,0,-0.036,-0.85,-0.06,-0.07651,-0.00585,-0.07269,-0.09091,55.394,42.219
"2025-04-28 14:30:00",18012,12.47238,304,0,-0.021,-0.6,0.1,-0.05409,0.00924,-0.05343,-0.07567,60.996,42.107
"2025-04-28 15:00:00",18013,12.49589,304,0,0.019,0.11,0.46,0.00954,0.04064,-99,-0.04057,-99,46.935
"2025-04-28 15:30:00",18014,12.50596,304,0,-0.087,-1.52,-0.79,-0.13529,-0.07047,-0.13257,-0.12821,50.11,39.136
"2025-04-28 16:00:00",18015,12.50092,304,0,0.065,1.4,0.21,0.12359,0.01834,-99,-0.07281,-99,42.988
"2025-04-28 16:30:00",18016,12.50344,304,0,-0.155,-3.15,-0.78,-0.27929,-0.06983,-0.23671,-0.12253,49.449,40.363
"2025-04-28 17:00:00",18017,12.50008,304,0,-0.078,-1.38,-0.69,-0.12309,-0.06163,-0.12723,-0.12855,47.893,38.238
"2025-04-28 17:30:00",18018,12.5026,304,0,-0.033,-0.44,-0.48,-0.04019,-0.04299,-0.06009,-0.12283,53.599,38.943
"2025-04-28 18:00:00",18019,12.49924,304,0,-0.041,-0.61,-0.51,-0.05473,-0.04645,-0.07151,-0.12135,52.547,38.549
"2025-04-28 18:30:00",18020,12.49589,304,0,-0.033,-0.49,-0.43,-0.04429,-0.03925,-0.06371,-0.11717,53.829,39.68
"2025-04-28 19:00:00",18021,12.49253,304,0,-0.03,-0.46,-0.38,-0.04135,-0.03467,-0.06079,-0.11673,53.246,39.253
"2025-04-28 19:30:00",18022,12.45643,304,0,-0.033,-0.51,-0.41,-0.04601,-0.03681,-0.06301,-0.11673,53.016,39.018
"2025-04-28 20:00:00",18023,12.48581,304,0,-0.033,-0.51,-0.41,-0.04613,-0.03691,-0.06313,-0.11673,53.242,38.831
"2025-04-28 20:30:00",18024,12.48162,304,0,-0.033,-0.5,-0.43,-0.04549,-0.03877,-0.06469,-0.11639,54.22,39.654
"2025-04-28 21:00:00",18025,12.46819,304,0,-0.031,-0.47,-0.4,-0.04239,-0.03631,-0.06155,-0.11599,53.581,39.428
"2025-04-28 21:30:00",18026,12.43461,304,0,-0.033,-0.49,-0.42,-0.04459,-0.03835,-0.06155,-0.11575,54.467,40.054
"2025-04-28 22:00:00",18027,12.46735,304,0,-0.032,-0.49,-0.4,-0.04405,-0.03595,-0.06103,-0.11373,54.151,39.333
"2025-04-28 22:30:00",18028,12.46231,304,0,-0.033,-0.51,-0.4,-0.04613,-0.03587,-0.06095,-0.11349,54.461,38.977
"2025-04-28 23:00:00",18029,12.45979,304,0,-0.03,-0.44,-0.4,-0.03987,-0.03587,-0.06127,-0.11209,54.957,40.127
"2025-04-28 23:30:00",18030,12.45811,304,0,-0.031,-0.46,-0.39,-0.04165,-0.03569,-0.06079,-0.11175,55.294,38.987
"2025-04-29 00:00:00",18031,12.42621,304,0,-0.031,-0.46,-0.42,-0.04183,-0.03779,-0.06103,-0.11497,54.252,39.586
"2025-04-29 00:30:00",18032,12.45308,304,0,-0.033,-0.49,-0.42,-0.04429,-0.03803,-0.06345,-0.11373,54.105,39.69
"2025-04-29 01:00:00",18033,12.443,304,0,-0.031,-0.48,-0.37,-0.04379,-0.03363,-0.06079,-0.11155,54.607,39.383
"2025-04-29 01:30:00",18034,12.4472,304,0,-0.034,-0.51,-0.44,-0.04635,-0.03999,-0.06103,-0.11349,53.969,39.401
"2025-04-29 02:00:00",18035,12.44216,304,0,-0.033,-0.51,-0.39,-0.04627,-0.03573,-0.06309,-0.11333,54.458,39.49
"2025-04-29 02:30:00",18036,12.43964,304,0,-0.031,-0.46,-0.42,-0.04173,-0.03779,-0.06079,-0.11333,55.187,40.108
"2025-04-29 03:00:00",18037,12.43796,304,0,-0.031,-0.46,-0.42,-0.04183,-0.03785,-0.05885,-0.11517,54.866,39.891
"2025-04-29 03:30:00",18038,12.43713,304,0,-0.032,-0.46,-0.44,-0.04173,-0.03999,-0.05671,-0.11349,54.193,38.966
"2025-04-29 04:00:00",18039,12.43713,304,0,-0.031,-0.46,-0.42,-0.04183,-0.03785,-0.06095,-0.11683,54.491,39.267
"2025-04-29 04:30:00",18040,12.43377,304,0,-0.03,-0.44,-0.39,-0.03963,-0.03569,-0.05671,-0.11175,54.871,40.462
"2025-04-29 05:00:00",18041,12.42873,304,0,-0.031,-0.46,-0.39,-0.04173,-0.03569,-0.06079,-0.11175,53.991,39.589
"2025-04-29 05:30:00",18042,12.42873,304,0,-0.031,-0.46,-0.42,-0.04159,-0.03779,-0.05851,-0.11315,53.41,39.827
"2025-04-29 06:00:00",18043,12.42705,304,0,-0.033,-0.48,-0.44,-0.04363,-0.03985,-0.06055,-0.11497,54.293,40.041
"2025-04-29 06:30:00",18044,12.42286,304,0,-0.029,-0.43,-0.37,-0.03891,-0.03337,-0.05801,-0.10949,54.868,39.795
"2025-04-29 07:00:00",18045,12.38844,304,0,-0.026,-0.37,-0.36,-0.03383,-0.03303,-0.05097,-0.11075,55.435,39.797
"2025-04-29 07:30:00",18046,12.42453,304,0,-0.027,-0.41,-0.36,-0.03753,-0.03245,-0.05243,-0.10487,56.711,39.848
"2025-04-29 08:00:00",18047,12.42537,304,0,-0.025,-0.4,-0.31,-0.03653,-0.02795,-0.04745,-0.10399,57.925,40.653
"2025-04-29 08:30:00",18048,12.43293,304,0,-0.025,-0.4,-0.3,-0.03663,-0.02775,-0.05153,-0.10181,57.432,41.139
"2025-04-29 09:00:00",18049,12.42537,304,0,-0.024,-0.4,-0.26,-0.03631,-0.02357,-0.04931,-0.09973,58.498,40.833
"2025-04-29 09:30:00",18050,12.43461,304,0,-0.023,-0.37,-0.26,-0.03405,-0.02349,-0.04503,-0.10135,58.16,41.462
"2025-04-29 10:00:00",18051,12.4472,304,0,-0.025,-0.41,-0.28,-0.03711,-0.02587,-0.05399,-0.10203,57.196,40.749
"2025-04-29 10:30:00",18052,12.43293,304,0,-0.027,-0.45,-0.28,-0.04103,-0.02575,-0.05387,-0.10009,57.081,40.638
"2025-04-29 11:00:00",18053,12.44888,304,0,-0.026,-0.41,-0.31,-0.03747,-0.02795,-0.05453,-0.10399,56.538,40.088
"2025-04-29 11:30:00",18054,12.46315,304,0,-0.024,-0.41,-0.26,-0.03711,-0.02407,-0.05215,-0.10073,57.745,40.74
"2025-04-29 12:00:00",18055,12.45895,304,0,-0.011,-0.1,-0.24,-0.01001,-0.02185,-0.02941,-0.10203,60.445,40.58
"2025-04-29 12:30:00",18056,12.46819,304,0,0.013,0.24,0.08,0.02168,0.00724,-99,-0.07703,-99,43.691
"2025-04-29 13:00:00",18057,12.47406,304,0,-0.038,-0.55,-0.51,-0.04975,-0.04599,-0.07377,-0.11683,53.471,40.306
"2025-04-29 13:30:00",18058,12.47406,304,0,-0.0009999999,0.02,-0.1,0.0019,-0.00941,-0.01125,-0.08813,60.449,41.812
"2025-04-29 14:00:00",18059,12.46483,304,0,-0.017,-0.42,0,-0.03805,0,-0.04121,-0.08535,61.099,41.392
"2025-04-29 14:30:00",18060,12.48078,304,0,-0.04,-0.94,-0.05,-0.08401,-0.00571,-0.08277,-0.08501,59.718,41.905
"2025-04-29 15:00:00",18061,12.4749,304,0,0.038,0.6,0.4,0.05345,0.03524,-99,-0.04771,-99,46.784
"2025-04-29 15:30:00",18062,12.4833,304,0,-0.084,-1.53,-0.67,-0.13669,-0.06039,-0.13195,-0.12417,49.789,40.298
"2025-04-29 16:00:00",18063,12.48078,304,0,0.047,1.1,0.04,0.09754,0.00383,-99,-0.08429,-99,42.642
"2025-04-29 16:30:00",18064,12.4707,304,0,-0.148,-2.98,-0.76,-0.26457,-0.06775,-0.21435,-0.12443,47.855,39.434
"2025-04-29 17:00:00",18065,12.47826,304,0,-0.067,-1.18,-0.6,-0.10537,-0.05371,-0.10901,-0.12617,50.623,38.933
"2025-04-29 17:30:00",18066,12.46567,304,0,-0.036,-0.54,-0.47,-0.04833,-0.04229,-0.06587,-0.12073,54.36,38.739
"2025-04-29 18:00:00",18067,12.46902,304,0,-0.035,-0.52,-0.44,-0.04709,-0.03967,-0.06655,-0.11823,51.774,39.823
"2025-04-29 18:30:00",18068,12.46483,304,0,-0.034,-0.51,-0.43,-0.04633,-0.03925,-0.06797,-0.11593,52.443,39.262
"2025-04-29 19:00:00",18069,12.45308,304,0,-0.033,-0.48,-0.43,-0.04345,-0.03897,-0.06301,-0.11717,54.464,40.475
"2025-04-29 19:30:00",18070,12.44636,304,0,-0.032,-0.48,-0.4,-0.04319,-0.03663,-0.06039,-0.11345,53.884,38.81
"2025-04-29 20:00:00",18071,12.45811,304,0,-0.034,-0.48,-0.48,-0.04299,-0.04293,-0.05807,-0.11673,53.462,40.131
"2025-04-29 20:30:00",18072,12.45224,304,0,-0.032,-0.47,-0.42,-0.04265,-0.03849,-0.05987,-0.11311,55.109,39.067
"2025-04-29 21:00:00",18073,12.44636,304,0,-0.029,-0.44,-0.37,-0.04003,-0.03405,-0.05525,-0.11291,54.229,39.261
"2025-04-29 21:30:00",18074,12.44048,304,0,-0.033,-0.49,-0.42,-0.04439,-0.03811,-0.05935,-0.11435,54.385,40.132
"2025-04-29 22:00:00",18075,12.40691,304,0,-0.032,-0.49,-0.4,-0.04439,-0.03601,-0.05951,-0.11451,54.398,40.402
"2025-04-29 22:30:00",18076,12.43209,304,0,-0.032,-0.49,-0.4,-0.04439,-0.03601,-0.05729,-0.11087,54.343,40.345
"2025-04-29 23:00:00",18077,12.43377,304,0,-0.031,-0.46,-0.4,-0.04183,-0.03595,-0.05909,-0.11435,54.889,40.077
"2025-04-29 23:30:00",18078,12.39599,304,0,-0.029,-0.44,-0.37,-0.03943,-0.03367,-0.05683,-0.11411,55.273,40.302
"2025-04-30 00:00:00",18079,12.42537,304,0,-0.029,-0.43,-0.37,-0.03915,-0.03341,-0.05645,-0.11007,55.428,40.459
"2025-04-30 00:30:00",18080,12.42034,304,0,-0.03,-0.43,-0.41,-0.03915,-0.03757,-0.05857,-0.11393,55.543,40.171
"2025-04-30 01:00:00",18081,12.43209,304,0,-0.032,-0.46,-0.44,-0.04173,-0.03975,-0.05683,-0.11555,54.237,40.497
"2025-04-30 01:30:00",18082,12.41698,304,0,-0.032,-0.46,-0.44,-0.04159,-0.03985,-0.05885,-0.11209,54.519,39.966
"2025-04-30 02:00:00",18083,12.42034,304,0,-0.031,-0.46,-0.39,-0.04193,-0.03569,-0.06143,-0.11411,54.947,39.725
"2025-04-30 02:30:00",18084,12.42789,304,0,-0.031,-0.46,-0.39,-0.04183,-0.03573,-0.05909,-0.11087,55.219,39.84
"2025-04-30 03:00:00",18085,12.42537,304,0,-0.031,-0.44,-0.42,-0.03987,-0.03789,-0.05935,-0.11247,54.455,39.792
"2025-04-30 03:30:00",18086,12.39515,304,0,-0.028,-0.41,-0.39,-0.03747,-0.03573,-0.05491,-0.11087,56.188,39.993
"2025-04-30 04:00:00",18087,12.42118,304,0,-0.029,-0.44,-0.37,-0.03943,-0.03363,-0.05671,-0.11229,54.999,39.109
"2025-04-30 04:30:00",18088,12.42118,304,0,-0.033,-0.49,-0.42,-0.04399,-0.03779,-0.05909,-0.11229,55.251,39.774
"2025-04-30 05:00:00",18089,12.40691,304,0,-0.03,-0.44,-0.39,-0.03973,-0.03569,-0.05717,-0.11247,55.351,39.723
"2025-04-30 05:30:00",18090,12.40607,304,0,-0.031,-0.44,-0.42,-0.03953,-0.03779,-0.05475,-0.11229,55.587,39.962
"2025-04-30 06:00:00",18091,12.38172,304,0,-0.032,-0.47,-0.42,-0.04209,-0.03803,-0.05729,-0.11291,55.414,39.22
"2025-04-30 06:30:00",18092,12.40691,304,0,-0.031,-0.46,-0.42,-0.04173,-0.03785,-0.05901,-0.11247,55.502,40.281
"2025-04-30 07:00:00",18093,12.37501,304,0,-0.028,-0.4,-0.39,-0.03655,-0.03551,-0.05181,-0.11045,57.291,40.285
"2025-04-30 07:30:00",18094,12.41698,304,0,-0.023,-0.33,-0.34,-0.02975,-0.03107,-0.04943,-0.10645,57.227,40.378
"2025-04-30 08:00:00",18095,12.38256,304,0,-0.029,-0.45,-0.36,-0.04079,-0.03287,-0.05589,-0.10775,55.38,40.42
"2025-04-30 08:30:00",18096,12.4111,304,0,-0.026,-0.4,-0.34,-0.03637,-0.03085,-0.05373,-0.10791,55.55,40.077
"2025-04-30 09:00:00",18097,12.41614,304,0,-0.024,-0.35,-0.34,-0.03179,-0.03073,-0.04721,-0.10593,57.738,40.068
"2025-04-30 09:30:00",18098,12.40607,304,0,-0.029,-0.45,-0.34,-0.04085,-0.03073,-0.05615,-0.10775,56.087,40.313
"2025-04-30 10:00:00",18099,12.42286,304,0,-0.02,-0.31,-0.26,-0.02809,-0.02407,-0.04319,-0.10141,59.007,40.678
"2025-04-30 10:30:00",18100,12.38508,304,0,-0.023,-0.39,-0.24,-0.03511,-0.02223,-0.05025,-0.10019,58.269,40.763
"2025-04-30 11:00:00",18101,12.38844,304,0,-0.025,-0.41,-0.29,-0.03747,-0.02619,-0.04855,-0.10163,56.711,40.693
"2025-04-30 11:30:00",18102,12.4195,304,0,-0.027,-0.44,-0.29,-0.04027,-0.02635,-0.05343,-0.10719,56.961,40.928
"2025-04-30 12:00:00",18103,12.42034,304,0,-0.012,-0.15,-0.22,-0.01431,-0.02009,-0.03401,-0.09983,59.237,40.764
"2025-04-30 12:30:00",18104,12.43629,304,0,-0.028,-0.64,-0.06,-0.05749,-0.00579,-0.06041,-0.08601,59.494,41.442
"2025-04-30 13:00:00",18105,12.43713,304,0,-0.032,-0.47,-0.41,-0.04265,-0.03747,-0.06247,-0.11209,54.573,40.851
"2025-04-30 13:30:00",18106,12.43293,304,0,-0.032,-0.54,-0.34,-0.04881,-0.03085,-0.06605,-0.10609,55.558,40.201
"2025-04-30 14:00:00",18107,12.43881,304,0,-0.045,-0.84,-0.36,-0.07563,-0.03245,-0.08537,-0.10893,54.525,40.696
"2025-04-30 14:30:00",18108,12.43796,304,0,-0.038,-0.74,-0.26,-0.06635,-0.02351,-0.07925,-0.10027,61.367,41.417
"2025-04-30 15:00:00",18109,12.44048,304,0,-0.038,-0.92,-0.03,-0.08255,-0.00357,-99,-0.07797,-99,44.372
"2025-04-30 15:30:00",18110,12.43964,304,0,0.016,0.45,-0.08,0.04014,-0.00787,-99,-0.09263,-99,41.859
"2025-04-30 16:00:00",18111,12.43964,304,0,0.085,1.86,0.23,0.16464,0.02047,-99,-0.07241,-99,43.133
"2025-04-30 16:30:00",18112,12.42957,304,0,-0.152,-3.19,-0.61,-0.28349,-0.05489,-0.22373,-0.11237,47.174,40.134
"2025-04-30 17:00:00",18113,12.43964,304,0,-0.09,-1.6,-0.76,-0.14251,-0.06839,-0.13789,-0.13355,48.521,39.028
"2025-04-30 17:30:00",18114,12.42873,304,0,-0.042,-0.64,-0.51,-0.05751,-0.04595,-0.07431,-0.12311,52.118,39.098
"2025-04-30 18:00:00",18115,12.43545,304,0,-0.034,-0.54,-0.4,-0.04825,-0.03585,-0.06811,-0.11803,52.771,39.602
"2025-04-30 18:30:00",18116,12.43629,304,0,-0.036,-0.55,-0.46,-0.04963,-0.04193,-0.06919,-0.12093,53.846,40.113
"2025-04-30 19:00:00",18117,12.42034,304,0,-0.035,-0.52,-0.46,-0.04735,-0.04183,-0.06485,-0.11887,53.554,39.56
"2025-04-30 19:30:00",18118,12.39347,304,0,-0.034,-0.52,-0.41,-0.04709,-0.03747,-0.06673,-0.11531,53.433,39.291
"2025-04-30 20:00:00",18119,12.41026,304,0,-0.033,-0.49,-0.44,-0.04445,-0.03963,-0.06197,-0.11907,53.267,39.269
"2025-04-30 20:30:00",18120,12.40523,304,0,-0.032,-0.48,-0.41,-0.04377,-0.03709,-0.06359,-0.11653,52.921,39.738
"2025-04-30 21:00:00",18121,12.37753,304,0,-0.03,-0.45,-0.38,-0.04095,-0.03467,-0.06079,-0.11283,54.157,40.819
"2025-04-30 21:30:00",18122,12.40019,304,0,-0.032,-0.48,-0.41,-0.04325,-0.03681,-0.06079,-0.11263,54.143,39.887
"2025-04-30 22:00:00",18123,12.40103,304,0,-0.032,-0.48,-0.4,-0.04325,-0.03669,-0.06289,-0.11429,54.732,40.176
"2025-04-30 22:30:00",18124,12.40439,304,0,-0.033,-0.5,-0.4,-0.04517,-0.03663,-0.05825,-0.11263,55.415,39.627
"2025-04-30 23:00:00",18125,12.39935,304,0,-0.031,-0.47,-0.4,-0.04279,-0.03655,-0.06027,-0.11429,54.939,39.312
"2025-04-30 23:30:00",18126,12.39096,304,0,-0.032,-0.47,-0.43,-0.04279,-0.03867,-0.06039,-0.11429,55.164,40.756
"2025-05-01 00:00:00",18127,12.3918,304,0,-0.031,-0.45,-0.43,-0.04065,-0.03873,-0.05825,-0.11613,54.702,39.885
"2025-05-01 00:30:00",18128,12.39347,304,0,-0.03,-0.45,-0.4,-0.04057,-0.03655,-0.06039,-0.11073,55.061,39.429
"2025-05-01 01:00:00",18129,12.38592,304,0,-0.029,-0.44,-0.38,-0.04021,-0.03431,-0.05779,-0.10889,55.268,39.635
"2025-05-01 01:30:00",18130,12.38172,304,0,-0.032,-0.47,-0.43,-0.04285,-0.03867,-0.05825,-0.11243,54.904,40.651
"2025-05-01 02:00:00",18131,12.37333,304,0,-0.031,-0.47,-0.4,-0.04223,-0.03627,-0.05975,-0.11205,55.175,39.793
"2025-05-01 02:30:00",18132,12.38088,304,0,-0.031,-0.44,-0.42,-0.04021,-0.03839,-0.05569,-0.11223,55.526,39.484
"2025-05-01 03:00:00",18133,12.38004,304,0,-0.031,-0.47,-0.4,-0.04249,-0.03631,-0.05779,-0.11223,55.773,40.14
"2025-05-01 03:30:00",18134,12.34479,304,0,-0.031,-0.47,-0.4,-0.04259,-0.03631,-0.06223,-0.11223,55.803,40.178
"2025-05-01 04:00:00",18135,12.37585,304,0,-0.032,-0.47,-0.42,-0.04249,-0.03849,-0.05795,-0.11243,55.383,40.152
"2025-05-01 04:30:00",18136,12.37501,304,0,-0.03,-0.45,-0.4,-0.04031,-0.03631,-0.05795,-0.11223,55.118,40.298
"2025-05-01 05:00:00",18137,12.3641,304,0,-0.03,-0.42,-0.42,-0.03803,-0.03839,-0.05795,-0.11223,54.366,40.517
"2025-05-01 05:30:00",18138,12.3599,304,0,-0.03,-0.45,-0.38,-0.04031,-0.03415,-0.06015,-0.10865,55.268,40.198
"2025-05-01 06:00:00",18139,12.36829,304,0,-0.03,-0.44,-0.4,-0.04021,-0.03627,-0.05779,-0.11035,54.898,40.084
"2025-05-01 06:30:00",18140,12.3599,304,0,-0.03,-0.42,-0.42,-0.03769,-0.03821,-0.05535,-0.11205,54.96,39.886
"2025-05-01 07:00:00",18141,12.36661,304,0,-0.027,-0.38,-0.37,-0.03437,-0.03349,-0.04995,-0.10957,55.54,39.903
"2025-05-01 07:30:00",18142,12.36829,304,0,-0.03,-0.46,-0.37,-0.04183,-0.03363,-0.05513,-0.10977,56.035,39.992
"2025-05-01 08:00:00",18143,12.36829,304,0,-0.029,-0.44,-0.37,-0.03943,-0.03367,-0.05491,-0.10793,55.43,40.2
"2025-05-01 08:30:00",18144,12.36661,304,0,-0.026,-0.38,-0.34,-0.03415,-0.03103,-0.04969,-0.10717,57.394,40.693
"2025-05-01 09:00:00",18145,12.35906,304,0,-0.03,-0.47,-0.37,-0.04209,-0.03341,-0.05551,-0.10957,54.965,40.303
"2025-05-01 09:30:00",18146,12.35738,304,0,-0.031,-0.5,-0.34,-0.04521,-0.03089,-0.06039,-0.10523,56.067,40.435
"2025-05-01 10:00:00",18147,12.36074,304,0,-0.024,-0.35,-0.32,-0.03171,-0.02877,-0.04933,-0.10339,58.727,40.901
"2025-05-01 10:30:00",18148,12.37501,304,0,-0.028,-0.46,-0.32,-0.04183,-0.02919,-0.05729,-0.10759,54.529,40.536
"2025-05-01 11:00:00",18149,12.37165,304,0,-0.027,-0.41,-0.34,-0.03709,-0.03139,-0.05273,-0.10609,56.272,40.488
"2025-05-01 11:30:00",18150,12.37333,304,0,-0.017,-0.28,-0.19,-0.02601,-0.01813,-0.03929,-0.09905,60.45,40.891
"2025-05-01 12:00:00",18151,12.36913,304,0,-0.025,-0.37,-0.34,-0.03371,-0.03135,-0.05177,-0.10773,54.577,40.582
"2025-05-01 12:30:00",18152,12.34311,304,0,-0.032,-0.5,-0.37,-0.04497,-0.03379,-0.06039,-0.10651,55.373,40.316
"2025-05-01 13:00:00",18153,12.36661,304,0,-0.022,-0.36,-0.24,-0.03303,-0.02225,-0.04845,-0.10101,59.461,40.984
"2025-05-01 13:30:00",18154,12.37165,304,0,-0.028,-0.43,-0.34,-0.03851,-0.03107,-0.06079,-0.10901,54.698,40.149
"2025-05-01 14:00:00",18155,12.36745,304,0,-0.027,-0.62,-0.06,-0.05537,-0.00579,-99,-0.08831,-99,41.638
"2025-05-01 14:30:00",18156,12.37836,304,0,-0.051,-1.02,-0.31,-0.09137,-0.02799,-0.09789,-0.10359,58,41.726
"2025-05-01 15:00:00",18157,12.34731,304,0,-0.034,-0.74,-0.14,-0.06601,-0.01331,-0.06747,-0.08613,65.157,42.756
"2025-05-01 15:30:00",18158,12.34982,304,0,0.007,0.28,-0.15,0.02456,-0.01413,-99,-0.09757,-99,41.214
"2025-05-01 16:00:00",18159,12.38424,304,0,0.049,1.18,0,0.1043,0,-99,-0.08761,-99,42.481
"2025-05-01 16:30:00",18160,12.3918,304,0,-0.167,-3.56,-0.59,-0.31587,-0.05311,-0.24823,-0.11333,46.976,40.751
"2025-05-01 17:00:00",18161,12.38592,304,0,-0.083,-1.49,-0.69,-0.13277,-0.06217,-0.12647,-0.13113,48.738,39.241
"2025-05-01 17:30:00",18162,12.38928,304,0,-0.041,-0.64,-0.48,-0.05729,-0.04377,-0.07451,-0.12035,52.536,38.951
"2025-05-01 18:00:00",18163,12.38676,304,0,-0.035,-0.54,-0.42,-0.04825,-0.03827,-0.06585,-0.11545,52.692,38.954
"2025-05-01 18:30:00",18164,12.3834,304,0,-0.032,-0.5,-0.39,-0.04503,-0.03557,-0.06067,-0.11461,53.047,39.205
"2025-05-01 19:00:00",18165,12.38004,304,0,-0.031,-0.47,-0.39,-0.04207,-0.03535,-0.05997,-0.11255,53.765,39.775
"2025-05-01 19:30:00",18166,12.37585,304,0,-0.032,-0.49,-0.39,-0.04397,-0.03507,-0.06169,-0.11401,52.887,40.518
"2025-05-01 20:00:00",18167,12.37249,304,0,-0.032,-0.46,-0.43,-0.04141,-0.03935,-0.06145,-0.11381,54.269,40.125
"2025-05-01 20:30:00",18168,12.35654,304,0,-0.031,-0.46,-0.41,-0.04121,-0.03691,-0.05905,-0.11507,54.43,40.179
"2025-05-01 21:00:00",18169,12.36745,304,0,-0.032,-0.48,-0.41,-0.04319,-0.03691,-0.06095,-0.11175,55.058,39.169
"2025-05-01 21:30:00",18170,12.36577,304,0,-0.031,-0.45,-0.43,-0.04065,-0.03891,-0.05841,-0.11317,55.32,39.942
"2025-05-01 22:00:00",18171,12.36326,304,0,-0.03,-0.42,-0.43,-0.03847,-0.03873,-0.05853,-0.11487,55.735,40.098
"2025-05-01 22:30:00",18172,12.36326,304,0,-0.032,-0.48,-0.4,-0.04319,-0.03669,-0.05877,-0.11155,54.099,39.842
"2025-05-01 23:00:00",18173,12.35066,304,0,-0.03,-0.45,-0.4,-0.04095,-0.03669,-0.05869,-0.11673,54.795,40.133
"2025-05-01 23:30:00",18174,12.34311,304,0,-0.031,-0.48,-0.38,-0.04319,-0.03463,-0.05877,-0.11175,55.514,39.476
"2025-05-02 00:00:00",18175,12.3557,304,0,-0.03,-0.45,-0.4,-0.04095,-0.03669,-0.06103,-0.11155,54.648,39.271
"2025-05-02 00:30:00",18176,12.35234,304,0,-0.03,-0.45,-0.38,-0.04085,-0.03467,-0.05869,-0.11175,55.133,39.9
"2025-05-02 01:00:00",18177,12.33975,304,0,-0.03,-0.45,-0.4,-0.04079,-0.03663,-0.05421,-0.11317,54.517,39.697
"2025-05-02 01:30:00",18178,12.34563,304,0,-0.032,-0.48,-0.4,-0.04319,-0.03669,-0.05877,-0.11155,54.716,40.306
"2025-05-02 02:00:00",18179,12.34731,304,0,-0.03,-0.43,-0.4,-0.03851,-0.03669,-0.05647,-0.11317,54.81,39.585
"2025-05-02 02:30:00",18180,12.33471,304,0,-0.03,-0.45,-0.4,-0.04065,-0.03663,-0.05421,-0.11155,54.136,39.576
"2025-05-02 03:00:00",18181,12.30869,304,0,-0.029,-0.42,-0.4,-0.03809,-0.03645,-0.05593,-0.11113,55.336,40.104
"2025-05-02 03:30:00",18182,12.34059,304,0,-0.028,-0.4,-0.4,-0.03627,-0.03663,-0.05209,-0.11317,56.093,40.199
"2025-05-02 04:00:00",18183,12.32464,304,0,-0.029,-0.42,-0.4,-0.03817,-0.03645,-0.05619,-0.11133,56.276,39.823
"2025-05-02 04:30:00",18184,12.32548,304,0,-0.031,-0.47,-0.38,-0.04279,-0.03431,-0.05825,-0.10951,55.306,40.339
"2025-05-02 05:00:00",18185,12.32632,304,0,-0.028,-0.42,-0.35,-0.03837,-0.03227,-0.05409,-0.11133,54.952,39.983
"2025-05-02 05:30:00",18186,12.32968,304,0,-0.029,-0.42,-0.4,-0.03847,-0.03655,-0.05631,-0.11155,53.931,40.088
"2025-05-02 06:00:00",18187,12.33304,304,0,-0.03,-0.45,-0.4,-0.04079,-0.03669,-0.05647,-0.11341,54.802,40.653
"2025-05-02 06:30:00",18188,12.33136,304,0,-0.031,-0.47,-0.4,-0.04279,-0.03655,-0.05825,-0.11317,54.452,40.047
"2025-05-02 07:00:00",18189,12.31457,304,0,-0.026,-0.39,-0.35,-0.03543,-0.03197,-0.05121,-0.10741,55.25,39.876
"2025-05-02 07:30:00",18190,12.32632,304,0,-0.027,-0.41,-0.35,-0.03695,-0.03159,-0.05261,-0.10865,56.124,40.493
"2025-05-02 08:00:00",18191,12.33136,304,0,-0.025,-0.36,-0.35,-0.03283,-0.03159,-0.05079,-0.10703,57.235,40.534
"2025-05-02 08:30:00",18192,12.33136,304,0,-0.026,-0.41,-0.3,-0.03681,-0.02705,-0.05239,-0.10447,57.074,40.782
"2025-05-02 09:00:00",18193,12.3196,304,0,-0.028,-0.44,-0.35,-0.03967,-0.03159,-0.05317,-0.11019,55.828,40.361
"2025-05-02 09:30:00",18194,12.33304,304,0,-0.019,-0.32,-0.22,-0.02963,-0.02073,-0.04741,-0.10061,57.45,40.611
"2025-05-02 10:00:00",18195,12.33387,304,0,-0.023,-0.38,-0.25,-0.03449,-0.02291,-0.05015,-0.10263,56.912,40.318
"2025-05-02 10:30:00",18196,12.2961,304,0,-0.02,-0.34,-0.2,-0.03139,-0.01851,-0.04287,-0.10009,58.269,41.43
"2025-05-02 11:00:00",18197,12.33723,304,0,-0.021,-0.35,-0.22,-0.03205,-0.02077,-0.04365,-0.10079,56.961,41.596
"2025-05-02 11:30:00",18198,12.34143,304,0,-0.025,-0.41,-0.27,-0.03691,-0.02495,-0.05255,-0.10263,58.051,40.958
"2025-05-02 12:00:00",18199,12.33807,304,0,-0.018,-0.3,-0.22,-0.02763,-0.02075,-0.04549,-0.10245,58.528,40.713
"2025-05-02 12:30:00",18200,12.34731,304,0,-0.045,-0.94,-0.21,-0.08451,-0.01987,-0.08687,-0.09517,56.949,41.482
"2025-05-02 13:00:00",18201,12.34815,304,0,-0.037,-0.59,-0.42,-0.05347,-0.03835,-0.06655,-0.11073,54.63,40.245
