"TOA5","CR200Series_302","CR2xx","","v05","Sapflux2sensor.","63887","Table1"
"TIMESTAMP","RECORD","BattV_Min","id","SDI0","SapFlwTot0","VhOuter0","VhInner0","AlphaOut0","AlphaIn0","BetaOut0","BetaIn0","tMaxTout0","tMaxTin0"
"TS","RN","Volts","","","literPerHo","heatVeloci","heatVeloci","logTRatio","logTRatio","logTRatio","logTRatio","second","second"
"","","Min","Smp","Smp","Smp","Smp","Smp","Smp","Smp","Smp","Smp","Smp","Smp"
"2024-08-03 12:30:00",5144,13.14225,302,0,0.273,7.27,4.78,0.38617,0.2538,0.37084,0.23276,53.221,43.144
"2024-08-03 13:00:00",5145,13.10112,302,0,0.247,6.4,4.58,0.33968,0.24372,0.34637,0.224,50.042,43.291
"2024-08-03 13:30:00",5146,13.13134,302,0,0.266,7.05,4.73,0.3748,0.25102,0.36123,0.22926,54.972,42.979
"2024-08-03 14:00:00",5147,13.12966,302,0,0.255,6.8,4.47,0.36068,0.237,0.33481,0.21842,59.983,42.836
"2024-08-03 14:30:00",5148,13.11707,302,0,0.266,7.07,4.67,0.37495,0.24764,0.36196,0.22712,52.719,43.063
"2024-08-03 15:00:00",5149,13.11623,302,0,0.264,6.88,4.85,0.36516,0.25794,0.36962,0.23361,50.622,42.882
"2024-08-03 15:30:00",5150,13.11791,302,0,0.241,6.08,4.67,0.32286,0.24826,0.3163,0.22446,50.822,42.411
"2024-08-03 16:00:00",5151,13.13554,302,0,0.26,6.88,4.63,0.36576,0.24578,0.3545,0.22667,54.915,42.767
"2024-08-03 16:30:00",5152,13.13302,302,0,0.247,6.38,4.58,0.33906,0.24346,0.33008,0.224,55.054,42.231
"2024-08-03 17:00:00",5153,13.1305,302,0,0.247,6.5,4.45,0.3456,0.23615,0.33868,0.22312,53.32,42.832
"2024-08-03 17:30:00",5154,13.12714,302,0,0.236,6.18,4.3,0.3282,0.2286,0.32286,0.21474,53.206,41.886
"2024-08-03 18:00:00",5155,13.11791,302,0,0.24,6.35,4.25,0.33679,0.22568,0.32494,0.21014,53.541,42.784
"2024-08-03 18:30:00",5156,13.11287,302,0,0.204,5.23,3.85,0.27763,0.20458,0.27932,0.1944,51.406,43.249
"2024-08-03 19:00:00",5157,13.107,302,0,0.184,4.8,3.37,0.25516,0.17895,0.25893,0.17645,52.105,43.841
"2024-08-03 19:30:00",5158,13.07426,302,0,0.164,4.33,2.95,0.23042,0.15698,0.23379,0.16702,54.291,41.714
"2024-08-03 20:00:00",5159,13.09189,302,0,0.152,4,2.72,0.21201,0.14458,0.21398,0.15383,53.734,41.319
"2024-08-03 20:30:00",5160,13.06671,302,0,0.135,3.57,2.43,0.18908,0.12959,0.1982,0.14511,53.573,41.991
"2024-08-03 21:00:00",5161,13.06922,302,0,0.12,3.12,2.23,0.16576,0.11885,0.17498,0.13778,54.08,43.009
"2024-08-03 21:30:00",5162,13.05243,302,0,0.113,2.9,2.12,0.15412,0.11244,0.16637,0.13381,52.198,41.288
"2024-08-03 22:00:00",5163,13.06671,302,0,0.106,2.67,2.07,0.14124,0.11005,0.16013,0.12979,52.226,41.476
"2024-08-03 22:30:00",5164,13.03984,302,0,0.104,2.68,1.93,0.14284,0.1023,0.15313,0.125,54.108,41.38
"2024-08-03 23:00:00",5165,13.06167,302,0,0.1,2.6,1.85,0.13826,0.09804,0.15042,0.12124,53.369,41.633
"2024-08-03 23:30:00",5166,13.05411,302,0,0.1,2.6,1.82,0.13764,0.09682,0.15086,0.1239,52.342,41.276
"2024-08-04 00:00:00",5167,13.05495,302,0,0.097,2.53,1.77,0.13484,0.09422,0.14691,0.12364,53.746,42.423
"2024-08-04 00:30:00",5168,13.0516,302,0,0.099,2.58,1.82,0.13715,0.09659,0.14914,0.12364,52.949,40.633
"2024-08-04 01:00:00",5169,13.04824,302,0,0.093,2.38,1.77,0.12696,0.09381,0.14238,0.12124,51.628,40.975
"2024-08-04 01:30:00",5170,13.03984,302,0,0.092,2.37,1.75,0.12532,0.09316,0.1411,0.1187,53.753,41.336
"2024-08-04 02:00:00",5171,13.0197,302,0,0.091,2.35,1.72,0.1246,0.09124,0.14049,0.11895,53.271,41.378
"2024-08-04 02:30:00",5172,13.03984,302,0,0.09,2.33,1.67,0.12419,0.08872,0.1372,0.1187,53.293,41.549
"2024-08-04 03:00:00",5173,13.02893,302,0,0.091,2.33,1.72,0.12397,0.09124,0.13676,0.11918,53.065,41.897
"2024-08-04 03:30:00",5174,13.03229,302,0,0.087,2.18,1.68,0.11597,0.08954,0.1309,0.11965,53.761,41.756
"2024-08-04 04:00:00",5175,13.02893,302,0,0.091,2.35,1.7,0.12507,0.09034,0.1377,0.12061,52.309,41.55
"2024-08-04 04:30:00",5176,13.02641,302,0,0.091,2.38,1.67,0.12696,0.08836,0.13986,0.12108,52.813,41.229
"2024-08-04 05:00:00",5177,13.00123,302,0,0.093,2.47,1.67,0.13075,0.08878,0.14296,0.11753,53.797,41.226
"2024-08-04 05:30:00",5178,13.01382,302,0,0.095,2.48,1.72,0.13194,0.09138,0.14426,0.1197,53.151,41.157
"2024-08-04 06:00:00",5179,13.0197,302,0,0.096,2.52,1.75,0.13372,0.09269,0.14609,0.11895,52.668,41.913
"2024-08-04 06:30:00",5180,13.0155,302,0,0.094,2.45,1.7,0.1297,0.09034,0.14238,0.11895,54.205,40.806
"2024-08-04 07:00:00",5181,13.01382,302,0,0.099,2.62,1.77,0.13915,0.09422,0.15313,0.1225,53.7,41.96
"2024-08-04 07:30:00",5182,13.00794,302,0,0.109,2.83,1.98,0.15024,0.10508,0.1619,0.12816,53.613,42.128
"2024-08-04 08:00:00",5183,13.00962,302,0,0.125,3.25,2.32,0.17242,0.12276,0.17905,0.1402,53.538,42.057
"2024-08-04 08:30:00",5184,13.00878,302,0,0.136,3.48,2.57,0.18538,0.1359,0.1912,0.15198,54.53,42.375
"2024-08-04 09:00:00",5185,13.00123,302,0,0.155,3.98,2.9,0.21137,0.1538,0.21587,0.16218,53.361,42.299
"2024-08-04 09:30:00",5186,13.00627,302,0,0.16,4.08,3.07,0.21714,0.16262,0.2235,0.16884,54.298,43.539
"2024-08-04 10:00:00",5187,12.98192,302,0,0.185,4.8,3.42,0.25446,0.18108,0.25472,0.18046,55.42,43.678
"2024-08-04 10:30:00",5188,13.00878,302,0,0.198,5.08,3.75,0.27036,0.19957,0.26922,0.19528,54.317,44.239
"2024-08-04 11:00:00",5189,13.00794,302,0,0.22,5.7,4.08,0.30286,0.21682,0.29633,0.20698,53.587,44.756
"2024-08-04 11:30:00",5190,13.00039,302,0,0.221,5.7,4.15,0.30272,0.2208,0.30538,0.20988,57.248,44.258
"2024-08-04 12:00:00",5191,13.01298,302,0,0.252,6.65,4.52,0.35348,0.23978,0.33239,0.22136,59.481,43.177
"2024-08-04 12:30:00",5192,13.00375,302,0,0.262,6.93,4.68,0.36788,0.24846,0.35606,0.22806,52.472,44.32
"2024-08-04 13:00:00",5193,12.99283,302,0,0.258,6.72,4.75,0.35665,0.2519,0.34908,0.22806,54.388,41.984
"2024-08-04 13:30:00",5194,13.01046,302,0,0.263,6.9,4.77,0.3661,0.25274,0.3547,0.23124,52.56,43.322
"2024-08-04 14:00:00",5195,13.0155,302,0,0.207,5.05,4.27,0.26814,0.22696,0.27626,0.21748,52.796,43.716
"2024-08-04 14:30:00",5196,13.01466,302,0,0.275,7.37,4.78,0.3909,0.25392,0.36472,0.22857,54.71,42.716
"2024-08-04 15:00:00",5197,13.01298,302,0,0.252,6.6,4.57,0.35076,0.24209,0.34071,0.22222,52.538,43.708
"2024-08-04 15:30:00",5198,13.00627,302,0,0.145,2.97,3.75,0.15744,0.19918,0.1851,0.19578,50.91,46.081
"2024-08-04 16:00:00",5199,13.00962,302,0,0.218,5.65,4.02,0.30001,0.21302,0.29685,0.20328,53.671,42.197
"2024-08-04 16:30:00",5200,12.98696,302,0,0.217,5.63,4.02,0.29883,0.21358,0.29924,0.20648,55.258,43.527
"2024-08-04 17:00:00",5201,12.99871,302,0,0.226,5.82,4.25,0.30855,0.22565,0.29568,0.20832,55.859,43.861
"2024-08-04 17:30:00",5202,12.99451,302,0,0.208,5.32,3.97,0.28258,0.21069,0.29198,0.20312,53.282,43.358
"2024-08-04 18:00:00",5203,13.00039,302,0,0.169,4.07,3.55,0.21604,0.18872,0.20044,0.18578,46.997,43.153
"2024-08-04 18:30:00",5204,12.99703,302,0,0.112,2.35,2.8,0.125,0.14893,0.15412,0.16478,48.827,40.826
"2024-08-04 19:00:00",5205,12.98696,302,0,0.131,3.32,2.55,0.17636,0.13506,0.18798,0.15037,53.079,42.013
"2024-08-04 19:30:00",5206,12.98024,302,0,0.128,3.35,2.32,0.17786,0.12326,0.18716,0.14336,51.554,41.633
"2024-08-04 20:00:00",5207,12.96261,302,0,0.109,2.8,2.07,0.14832,0.10946,0.16146,0.13381,52.734,41.557
"2024-08-04 20:30:00",5208,12.97269,302,0,0.1,2.55,1.88,0.13552,0.09986,0.14786,0.12729,52.551,41.902
"2024-08-04 21:00:00",5209,12.95506,302,0,0.099,2.53,1.85,0.13423,0.09859,0.14902,0.12378,51.03,41.631
"2024-08-04 21:30:00",5210,12.96933,302,0,0.093,2.37,1.8,0.12595,0.09572,0.14165,0.12348,52.455,41.129
"2024-08-04 22:00:00",5211,12.96261,302,0,0.088,2.3,1.62,0.12179,0.08542,0.1361,0.11634,52.841,41.52
"2024-08-04 22:30:00",5212,12.97185,302,0,0.082,2.03,1.62,0.10807,0.0858,0.12609,0.1147,51.292,41.374
"2024-08-04 23:00:00",5213,12.97017,302,0,0.089,2.25,1.7,0.11916,0.09072,0.13462,0.11895,51.806,41.888
"2024-08-04 23:30:00",5214,12.96681,302,0,0.09,2.3,1.68,0.12192,0.0896,0.13732,0.11753,50.774,41.53
"2024-08-05 00:00:00",5215,12.95926,302,0,0.084,2.18,1.53,0.11612,0.0815,0.13372,0.1147,51.737,41.084
"2024-08-05 00:30:00",5216,12.96765,302,0,0.08,2,1.57,0.1064,0.08311,0.12609,0.11211,51.476,41.145
"2024-08-05 01:00:00",5217,12.96429,302,0,0.081,2.08,1.52,0.1106,0.08094,0.12846,0.11022,52.071,41.58
"2024-08-05 01:30:00",5218,12.9559,302,0,0.081,2.08,1.53,0.11101,0.08109,0.12887,0.1123,51.511,41.177
"2024-08-05 02:00:00",5219,12.94163,302,0,0.082,2.15,1.48,0.11408,0.07857,0.13353,0.10998,52.467,41.552
"2024-08-05 02:30:00",5220,12.96177,302,0,0.081,2.15,1.42,0.11402,0.07526,0.12919,0.1072,53.785,42.308
"2024-08-05 03:00:00",5221,12.94583,302,0,0.08,2.1,1.47,0.1115,0.07804,0.12628,0.10978,52.199,41.86
"2024-08-05 03:30:00",5222,12.95086,302,0,0.081,2.12,1.47,0.11206,0.07826,0.1269,0.10978,52.38,40.387
"2024-08-05 04:00:00",5223,12.96094,302,0,0.08,2.07,1.48,0.11015,0.07857,0.12616,0.10998,51.914,40.852
"2024-08-05 04:30:00",5224,12.95842,302,0,0.078,2.02,1.43,0.10738,0.07606,0.1269,0.10978,51.696,41.883
"2024-08-05 05:00:00",5225,12.96261,302,0,0.08,2.08,1.47,0.1102,0.07826,0.1267,0.10978,51.757,41.682
"2024-08-05 05:30:00",5226,12.93659,302,0,0.08,2.08,1.47,0.11042,0.07826,0.12532,0.10978,52.386,42.466
"2024-08-05 06:00:00",5227,12.95926,302,0,0.082,2.12,1.52,0.11225,0.08037,0.12714,0.10978,53.048,42.301
"2024-08-05 06:30:00",5228,12.95758,302,0,0.079,2.07,1.43,0.11005,0.0762,0.1267,0.10804,52.454,41.283
"2024-08-05 07:00:00",5229,12.95926,302,0,0.076,1.97,1.42,0.10408,0.07542,0.12106,0.10744,52.816,41.907
"2024-08-05 07:30:00",5230,12.95086,302,0,0.08,2.1,1.47,0.11176,0.07786,0.12678,0.10954,53.167,41.689
"2024-08-05 08:00:00",5231,12.9475,302,0,0.081,2.07,1.55,0.11018,0.08218,0.1283,0.11147,52.071,41.995
"2024-08-05 08:30:00",5232,12.94666,302,0,0.09,2.35,1.67,0.1246,0.08872,0.13744,0.1194,52.163,40.999
"2024-08-05 09:00:00",5233,12.95758,302,0,0.092,2.25,1.87,0.11978,0.0993,0.14028,0.125,51.357,41.853
"2024-08-05 09:30:00",5234,12.95674,302,0,0.118,3.07,2.17,0.16279,0.1149,0.1725,0.13508,52.92,41.752
"2024-08-05 10:00:00",5235,12.95674,302,0,0.127,3.3,2.35,0.17486,0.1246,0.18558,0.14366,53.073,42.993
"2024-08-05 10:30:00",5236,12.95674,302,0,0.131,3.18,2.72,0.16904,0.144,0.18438,0.15567,49.924,42.492
"2024-08-05 11:00:00",5237,12.95506,302,0,0.164,4.15,3.15,0.2202,0.1672,0.22458,0.17118,54.663,42.772
"2024-08-05 11:30:00",5238,12.96177,302,0,0.197,5,3.8,0.26514,0.20212,0.26572,0.19654,61.189,43.885
"2024-08-05 12:00:00",5239,12.96597,302,0,0.26,7.18,4.22,0.38129,0.22361,0.36797,0.21243,59.558,45.741
"2024-08-05 12:30:00",5240,12.96849,302,0,0.226,5.73,4.35,0.30481,0.23118,0.30674,0.21822,49.986,42.821
"2024-08-05 13:00:00",5241,12.9601,302,0,0.213,5.27,4.28,0.27977,0.22725,0.2881,0.21894,56.364,45.202
"2024-08-05 13:30:00",5242,12.9475,302,0,0.229,5.68,4.58,0.3018,0.24298,0.28284,0.22722,54.043,42.72
"2024-08-05 14:00:00",5243,12.97521,302,0,0.273,7.4,4.63,0.39266,0.24584,0.38806,0.22622,54.912,46.085
"2024-08-05 14:30:00",5244,12.96429,302,0,0.23,5.75,4.52,0.30512,0.23972,0.29818,0.22358,52.939,43.542
"2024-08-05 15:00:00",5245,12.97185,302,0,0.245,6.03,4.93,0.32012,0.26176,0.32268,0.24102,53.26,43.6
"2024-08-05 15:30:00",5246,12.97185,302,0,0.258,6.65,4.8,0.35319,0.25524,0.3436,0.23341,53.583,43.664
"2024-08-05 16:00:00",5247,12.94499,302,0,0.264,6.9,4.83,0.36642,0.25642,0.35488,0.2339,54.365,42.626
"2024-08-05 16:30:00",5248,12.96933,302,0,0.259,6.72,4.8,0.35647,0.25472,0.34551,0.23124,52.859,42.212
"2024-08-05 17:00:00",5249,12.96933,302,0,0.245,6.4,4.48,0.33996,0.23787,0.33454,0.22271,54.565,43.24
"2024-08-05 17:30:00",5250,12.95506,302,0,0.229,6.02,4.15,0.31938,0.22056,0.31298,0.20919,53.472,41.893
"2024-08-05 18:00:00",5251,12.9559,302,0,0.213,5.53,3.93,0.29364,0.20874,0.29292,0.20269,53.256,42.196
"2024-08-05 18:30:00",5252,12.93827,302,0,0.199,5.18,3.65,0.27548,0.1937,0.27557,0.19163,53.308,42.975
"2024-08-05 19:00:00",5253,12.95926,302,0,0.179,4.67,3.27,0.24818,0.17382,0.24962,0.17816,54.205,42.053
"2024-08-05 19:30:00",5254,12.96094,302,0,0.16,4.17,2.95,0.22156,0.1566,0.2269,0.1636,52.89,41.155
"2024-08-05 20:00:00",5255,12.9475,302,0,0.146,3.77,2.72,0.20012,0.1442,0.20786,0.15665,53.901,42.329
"2024-08-05 20:30:00",5256,12.94247,302,0,0.136,3.57,2.47,0.18902,0.13106,0.19693,0.14716,52.994,41.416
"2024-08-05 21:00:00",5257,12.94583,302,0,0.124,3.23,2.28,0.17214,0.12124,0.18294,0.1406,53.413,41.678
"2024-08-05 21:30:00",5258,12.92568,302,0,0.117,3,2.2,0.15903,0.11668,0.17195,0.1384,52.789,41.471
"2024-08-05 22:00:00",5259,12.9475,302,0,0.106,2.67,2.07,0.14198,0.1097,0.1567,0.13433,51.524,41.453
"2024-08-05 22:30:00",5260,12.93491,302,0,0.109,2.78,2.07,0.14746,0.10946,0.15926,0.13188,52.511,41.341
"2024-08-05 23:00:00",5261,12.94331,302,0,0.105,2.7,1.98,0.14308,0.10508,0.15516,0.12996,52.644,41.737
"2024-08-05 23:30:00",5262,12.94079,302,0,0.102,2.63,1.88,0.13954,0.09986,0.15187,0.12542,52.543,41.904
"2024-08-06 00:00:00",5263,12.93743,302,0,0.098,2.53,1.83,0.13442,0.09766,0.14855,0.12348,53.132,40.726
"2024-08-06 00:30:00",5264,12.93911,302,0,0.097,2.52,1.8,0.13353,0.09528,0.14775,0.12132,52.403,41.503
"2024-08-06 01:00:00",5265,12.94163,302,0,0.094,2.43,1.75,0.12932,0.09314,0.14392,0.12132,53.552,41.145
"2024-08-06 01:30:00",5266,12.92652,302,0,0.094,2.45,1.72,0.12982,0.09092,0.14412,0.11941,52.862,41.55
"2024-08-06 02:00:00",5267,12.93575,302,0,0.092,2.42,1.67,0.12792,0.08856,0.14238,0.11941,52.991,41.411
"2024-08-06 02:30:00",5268,12.92148,302,0,0.09,2.32,1.67,0.12284,0.08856,0.1373,0.11916,52.618,41.136
"2024-08-06 03:00:00",5269,12.92904,302,0,0.087,2.27,1.58,0.12042,0.08407,0.1353,0.11536,53.02,41.538
"2024-08-06 03:30:00",5270,12.93239,302,0,0.09,2.35,1.63,0.12448,0.08639,0.13905,0.11536,52.959,42.051
"2024-08-06 04:00:00",5271,12.92232,302,0,0.089,2.32,1.62,0.12341,0.08601,0.13636,0.11514,52.575,42.087
"2024-08-06 04:30:00",5272,12.92736,302,0,0.089,2.33,1.63,0.12424,0.08639,0.1388,0.1173,53.082,41.61
"2024-08-06 05:00:00",5273,12.91812,302,0,0.089,2.33,1.62,0.12364,0.08618,0.1366,0.11916,53.4,41.666
"2024-08-06 05:30:00",5274,12.92316,302,0,0.089,2.3,1.67,0.1224,0.08836,0.13704,0.11916,53.525,41.371
"2024-08-06 06:00:00",5275,12.92316,302,0,0.089,2.33,1.62,0.12386,0.0858,0.1353,0.1168,53.66,41.668
"2024-08-06 06:30:00",5276,12.92232,302,0,0.09,2.35,1.67,0.12448,0.08819,0.1375,0.1168,53.034,41.719
"2024-08-06 07:00:00",5277,12.91393,302,0,0.092,2.38,1.68,0.1262,0.08968,0.14097,0.1185,53.314,41.993
"2024-08-06 07:30:00",5278,12.90889,302,0,0.094,2.42,1.77,0.12814,0.09356,0.14284,0.122,53.86,42.547
"2024-08-06 08:00:00",5279,12.91141,302,0,0.102,2.68,1.83,0.14235,0.0976,0.1564,0.12364,53.349,42.708
"2024-08-06 08:30:00",5280,12.91393,302,0,0.12,3.17,2.17,0.16817,0.1149,0.17668,0.13536,53.339,40.919
"2024-08-06 09:00:00",5281,12.89882,302,0,0.143,3.72,2.63,0.1972,0.13944,0.2026,0.15136,53.329,42.163
"2024-08-06 09:30:00",5282,12.92316,302,0,0.181,4.72,3.3,0.25024,0.17502,0.25316,0.17757,53.582,43.092
"2024-08-06 10:00:00",5283,12.92484,302,0,0.216,5.72,3.85,0.30392,0.20486,0.30067,0.19864,56.188,43.358
"2024-08-06 10:30:00",5284,12.92568,302,0,0.224,5.9,4.02,0.31319,0.21318,0.31528,0.20346,53.845,42.937
"2024-08-06 11:00:00",5285,12.92736,302,0,0.228,5.97,4.13,0.31698,0.21964,0.31897,0.20969,54.476,42.473
"2024-08-06 11:30:00",5286,12.9198,302,0,0.252,6.85,4.23,0.3634,0.22514,0.35414,0.20956,56.799,43.246
"2024-08-06 12:00:00",5287,12.91812,302,0,0.238,6.27,4.27,0.33242,0.22614,0.32346,0.21322,55.291,43.138
"2024-08-06 12:30:00",5288,12.93156,302,0,0.247,6.4,4.55,0.33972,0.24132,0.3253,0.22451,49.364,42.459
"2024-08-06 13:00:00",5289,12.92148,302,0,0.219,5.5,4.3,0.29242,0.2286,0.29608,0.21646,51.934,44.193
"2024-08-06 13:30:00",5290,12.93659,302,0,0.232,6.02,4.28,0.31938,0.2277,0.3154,0.21457,53.219,44.805
"2024-08-06 14:00:00",5291,12.91393,302,0,0.22,5.57,4.27,0.29577,0.22664,0.30379,0.21553,51.155,43.726
"2024-08-06 14:30:00",5292,12.93239,302,0,0.201,4.9,4.13,0.26058,0.21984,0.27468,0.21069,54.851,43.677
"2024-08-06 15:00:00",5293,12.93239,302,0,0.24,6.28,4.33,0.3336,0.22969,0.32794,0.21822,54.893,43.307
"2024-08-06 15:30:00",5294,12.92904,302,0,0.253,6.65,4.57,0.35272,0.24276,0.33922,0.224,53.23,44.557
"2024-08-06 16:00:00",5295,12.92904,302,0,0.256,6.57,4.82,0.34842,0.25556,0.34172,0.23483,52.551,43.72
"2024-08-06 16:30:00",5296,12.92316,302,0,0.275,7.15,5.07,0.37956,0.26874,0.36816,0.24475,54.886,43.148
"2024-08-06 17:00:00",5297,12.92484,302,0,0.274,7.17,4.97,0.38016,0.26378,0.3672,0.24087,53.725,43.237
"2024-08-06 17:30:00",5298,12.92316,302,0,0.25,6.45,4.65,0.34264,0.24668,0.33366,0.22634,53.755,42.169
"2024-08-06 18:00:00",5299,12.924,302,0,0.244,6.42,4.42,0.34046,0.23459,0.33096,0.21674,54.34,42.439
"2024-08-06 18:30:00",5300,12.92148,302,0,0.215,5.67,3.85,0.30093,0.20443,0.29735,0.19779,51.993,41.34
"2024-08-06 19:00:00",5301,12.89294,302,0,0.198,5.18,3.62,0.27543,0.1925,0.27257,0.18908,53.084,43.419
"2024-08-06 19:30:00",5302,12.92148,302,0,0.187,4.93,3.37,0.26172,0.1785,0.25997,0.18082,53.547,42.065
"2024-08-06 20:00:00",5303,12.91645,302,0,0.167,4.38,3,0.23253,0.1595,0.23361,0.16616,53.502,41.757
"2024-08-06 20:30:00",5304,12.90134,302,0,0.146,3.82,2.65,0.2024,0.1406,0.20706,0.15571,54.087,42.187
"2024-08-06 21:00:00",5305,12.91225,302,0,0.13,3.4,2.38,0.18042,0.12618,0.18781,0.14282,53.382,41.799
"2024-08-06 21:30:00",5306,12.90217,302,0,0.121,3.18,2.2,0.16894,0.11724,0.17838,0.1368,53.024,40.712
"2024-08-06 22:00:00",5307,12.90385,302,0,0.114,2.97,2.12,0.15762,0.11211,0.16745,0.1324,53.237,40.923
"2024-08-06 22:30:00",5308,12.87951,302,0,0.109,2.85,1.98,0.15094,0.10557,0.16443,0.12863,51.923,41.691
"2024-08-06 23:00:00",5309,12.89798,302,0,0.102,2.62,1.95,0.13887,0.10318,0.15284,0.12835,53.249,41.763
"2024-08-06 23:30:00",5310,12.89798,302,0,0.099,2.53,1.85,0.13468,0.0979,0.14726,0.12378,52.56,42.221
"2024-08-07 00:00:00",5311,12.89714,302,0,0.092,2.38,1.7,0.12664,0.09055,0.14142,0.11941,53.471,41.735
"2024-08-07 00:30:00",5312,12.88623,302,0,0.092,2.37,1.7,0.12595,0.09072,0.13905,0.11941,53.006,42.099
"2024-08-07 01:00:00",5313,12.89882,302,0,0.088,2.27,1.63,0.12061,0.08656,0.13394,0.11587,52.709,42.06
"2024-08-07 01:30:00",5314,12.89462,302,0,0.087,2.27,1.62,0.12042,0.08618,0.1353,0.11536,53.429,42.523
"2024-08-07 02:00:00",5315,12.89714,302,0,0.087,2.28,1.58,0.12124,0.08422,0.13442,0.1156,52.796,41.218
"2024-08-07 02:30:00",5316,12.89462,302,0,0.085,2.2,1.58,0.11715,0.08407,0.13216,0.1156,53.312,41.834
"2024-08-07 03:00:00",5317,12.89378,302,0,0.084,2.2,1.53,0.11657,0.0815,0.13178,0.11324,54.076,41.5
"2024-08-07 03:30:00",5318,12.89378,302,0,0.083,2.17,1.53,0.11514,0.0815,0.1302,0.11324,52.749,41.427
"2024-08-07 04:00:00",5319,12.88874,302,0,0.087,2.27,1.6,0.12002,0.08456,0.1364,0.11587,52.294,41.382
"2024-08-07 04:30:00",5320,12.89042,302,0,0.084,2.2,1.53,0.11674,0.08164,0.13353,0.11345,54.178,42.019
"2024-08-07 05:00:00",5321,12.8879,302,0,0.084,2.2,1.53,0.11657,0.0815,0.13178,0.1111,52.68,41.766
"2024-08-07 05:30:00",5322,12.8879,302,0,0.087,2.27,1.58,0.12027,0.08442,0.13511,0.1137,52.503,41.751
"2024-08-07 06:00:00",5323,12.88958,302,0,0.083,2.15,1.53,0.11408,0.08164,0.12931,0.11536,52.904,41.838
"2024-08-07 06:30:00",5324,12.87363,302,0,0.08,2.02,1.53,0.10696,0.0815,0.12244,0.11324,53.012,42.102
"2024-08-07 07:00:00",5325,12.87615,302,0,0.086,2.2,1.62,0.11698,0.0858,0.13043,0.11514,53.052,41.72
"2024-08-07 07:30:00",5326,12.87447,302,0,0.09,2.35,1.62,0.1246,0.0856,0.13789,0.11706,53.39,42.065
"2024-08-07 08:00:00",5327,12.88623,302,0,0.092,2.37,1.7,0.12571,0.08992,0.1388,0.11895,52.978,41.495
"2024-08-07 08:30:00",5328,12.88706,302,0,0.094,2.42,1.78,0.1287,0.09441,0.13859,0.12086,53.812,41.655
"2024-08-07 09:00:00",5329,12.88539,302,0,0.101,2.65,1.82,0.14086,0.09659,0.1564,0.12301,52.49,42.26
"2024-08-07 09:30:00",5330,12.86524,302,0,0.108,2.85,1.95,0.15094,0.10347,0.16178,0.12705,54.295,42.142
"2024-08-07 10:00:00",5331,12.88539,302,0,0.112,2.95,2.03,0.15622,0.10768,0.16856,0.12894,54.138,41.831
"2024-08-07 10:30:00",5332,12.88287,302,0,0.121,3.17,2.18,0.16804,0.11619,0.17662,0.13484,54.173,43.263
"2024-08-07 11:00:00",5333,12.88203,302,0,0.13,3.37,2.38,0.17884,0.12641,0.18985,0.1442,52.639,42.554
"2024-08-07 11:30:00",5334,12.88539,302,0,0.149,3.95,2.62,0.20996,0.13934,0.21553,0.15289,52.732,43.223
"2024-08-07 12:00:00",5335,12.88455,302,0,0.152,4.07,2.67,0.21594,0.14134,0.2202,0.15323,54.364,42.468
"2024-08-07 12:30:00",5336,12.88287,302,0,0.154,4.08,2.75,0.21688,0.14644,0.22355,0.15571,52.674,42.178
"2024-08-07 13:00:00",5337,12.87699,302,0,0.158,4.12,2.88,0.21844,0.15309,0.22467,0.16199,53.944,42.196
"2024-08-07 13:30:00",5338,12.85936,302,0,0.168,4.4,3.03,0.23401,0.16106,0.24234,0.16755,55.121,43.533
"2024-08-07 14:00:00",5339,12.88371,302,0,0.192,5.1,3.4,0.271,0.18022,0.26836,0.18082,53.389,42.479
"2024-08-07 14:30:00",5340,12.87447,302,0,0.182,4.8,3.28,0.25462,0.17473,0.25704,0.17596,53.133,42.222
"2024-08-07 15:00:00",5341,12.88203,302,0,0.178,4.68,3.2,0.2491,0.16974,0.24981,0.17184,53.733,43.084
"2024-08-07 15:30:00",5342,12.88287,302,0,0.174,4.6,3.1,0.24468,0.16452,0.24266,0.1707,53.949,41.64
"2024-08-07 16:00:00",5343,12.88539,302,0,0.173,4.62,3.03,0.24521,0.161,0.24722,0.16914,52.597,42.104
"2024-08-07 16:30:00",5344,12.88035,302,0,0.165,4.33,2.97,0.23004,0.1573,0.23236,0.16668,53.726,42.822
"2024-08-07 17:00:00",5345,12.8728,302,0,0.165,4.38,2.92,0.23262,0.1545,0.2367,0.16398,53.738,42.156
"2024-08-07 17:30:00",5346,12.8728,302,0,0.153,4.03,2.73,0.2145,0.14526,0.21824,0.15762,53.401,42.751
"2024-08-07 18:00:00",5347,12.87531,302,0,0.147,3.83,2.68,0.20381,0.14211,0.20864,0.15508,53.609,41.605
"2024-08-07 18:30:00",5348,12.87028,302,0,0.14,3.67,2.55,0.19506,0.13567,0.19998,0.14908,53.519,42.459
"2024-08-07 19:00:00",5349,12.86608,302,0,0.134,3.52,2.42,0.18679,0.12863,0.19512,0.14501,54.126,42.797
"2024-08-07 19:30:00",5350,12.87195,302,0,0.121,3.17,2.2,0.16836,0.11698,0.18082,0.13869,54.12,42.118
"2024-08-07 20:00:00",5351,12.8728,302,0,0.111,2.9,2.02,0.1539,0.10752,0.16564,0.13048,52.906,42.571
"2024-08-07 20:30:00",5352,12.86524,302,0,0.108,2.83,1.95,0.15088,0.10318,0.16732,0.12835,52.103,43.275
"2024-08-07 21:00:00",5353,12.86692,302,0,0.101,2.63,1.85,0.14,0.0981,0.15232,0.12402,52.603,41.278
"2024-08-07 21:30:00",5354,12.84509,302,0,0.094,2.43,1.75,0.12958,0.09334,0.14084,0.12186,53.619,42.031
"2024-08-07 22:00:00",5355,12.85517,302,0,0.093,2.47,1.67,0.13122,0.08878,0.14744,0.1197,54.101,42.519
"2024-08-07 22:30:00",5356,12.84341,302,0,0.097,2.57,1.72,0.1361,0.09116,0.15672,0.11995,52.269,40.94
"2024-08-07 23:00:00",5357,12.86272,302,0,0.09,2.38,1.58,0.12613,0.08367,0.14238,0.11514,53.104,41.615
"2024-08-07 23:30:00",5358,12.86188,302,0,0.085,2.18,1.58,0.11634,0.08407,0.1364,0.11345,52.606,41.283
"2024-08-08 00:00:00",5359,12.83838,302,0,0.081,2.12,1.5,0.11257,0.08002,0.12789,0.11394,52.354,41.183
"2024-08-08 00:30:00",5360,12.83838,302,0,0.083,2.17,1.52,0.11484,0.08058,0.12854,0.11054,54.063,41.336
"2024-08-08 01:00:00",5361,12.85433,302,0,0.077,1.97,1.47,0.10443,0.07798,0.12034,0.11028,52.463,42.225
"2024-08-08 01:30:00",5362,12.85013,302,0,0.082,2.12,1.52,0.11197,0.08037,0.12747,0.11054,52.913,40.5
"2024-08-08 02:00:00",5363,12.82998,302,0,0.075,1.97,1.38,0.10462,0.07358,0.12208,0.10863,52.739,40.331
"2024-08-08 02:30:00",5364,12.84425,302,0,0.078,2,1.47,0.10647,0.07816,0.12544,0.11078,52.722,41.406
"2024-08-08 03:00:00",5365,12.85517,302,0,0.076,1.93,1.43,0.10292,0.07576,0.11895,0.11078,52.52,40.369
"2024-08-08 03:30:00",5366,12.85601,302,0,0.076,1.95,1.43,0.10312,0.07613,0.1225,0.10905,51.179,41.938
"2024-08-08 04:00:00",5367,12.85265,302,0,0.081,2.18,1.4,0.1163,0.07426,0.13484,0.10752,52.404,42.17
"2024-08-08 04:30:00",5368,12.84258,302,0,0.079,2.12,1.38,0.11238,0.0739,0.12927,0.10924,53.178,42.268
"2024-08-08 05:00:00",5369,12.85181,302,0,0.08,2.12,1.4,0.1125,0.0744,0.12964,0.10752,51.581,41.499
"2024-08-08 05:30:00",5370,12.85181,302,0,0.08,2.12,1.43,0.11197,0.07594,0.13218,0.10684,52.7,41.378
"2024-08-08 06:00:00",5371,12.85181,302,0,0.079,2.02,1.48,0.1072,0.07834,0.12608,0.10905,52.7,41.793
"2024-08-08 06:30:00",5372,12.85013,302,0,0.079,2.05,1.48,0.1087,0.07834,0.12747,0.11098,52.306,41.965
"2024-08-08 07:00:00",5373,12.84929,302,0,0.082,2.15,1.48,0.11444,0.07854,0.13308,0.10924,52.39,41.742
"2024-08-08 07:30:00",5374,12.84258,302,0,0.083,2.15,1.52,0.11426,0.08072,0.13442,0.11318,52.229,41.166
"2024-08-08 08:00:00",5375,12.83334,302,0,0.075,1.95,1.38,0.10387,0.07322,0.12149,0.1064,53.321,41.325
"2024-08-08 08:30:00",5376,12.84174,302,0,0.073,1.87,1.37,0.09892,0.0729,0.11835,0.1062,52.476,41.727
"2024-08-08 09:00:00",5377,12.83082,302,0,0.074,1.93,1.33,0.10242,0.07087,0.12012,0.10451,52.297,41.8
"2024-08-08 09:30:00",5378,12.84341,302,0,0.074,1.95,1.33,0.10387,0.071,0.1213,0.10664,52.933,40.203
"2024-08-08 10:00:00",5379,12.84425,302,0,0.079,2.07,1.43,0.11001,0.07635,0.12716,0.10924,51.871,42.625
"2024-08-08 10:30:00",5380,12.84593,302,0,0.075,1.97,1.38,0.1042,0.0739,0.12016,0.10728,52.697,42.621
"2024-08-08 11:00:00",5381,12.84006,302,0,0.077,1.98,1.42,0.1057,0.07526,0.12641,0.1064,52.402,42.167
"2024-08-08 11:30:00",5382,12.84174,302,0,0.078,2.02,1.45,0.10718,0.07728,0.1246,0.10834,52.766,41.181
"2024-08-08 12:00:00",5383,12.84258,302,0,0.085,2.22,1.53,0.11756,0.08164,0.13308,0.1122,53.153,41.264
"2024-08-08 12:30:00",5384,12.82075,302,0,0.1,2.63,1.82,0.14011,0.09616,0.15754,0.12308,53.546,41.545
"2024-08-08 13:00:00",5385,12.83754,302,0,0.111,3,1.88,0.1597,0.10031,0.1793,0.1267,51.271,42.594
"2024-08-08 13:30:00",5386,12.83754,302,0,0.11,2.87,2.02,0.15192,0.10728,0.16822,0.12863,53.664,41.671
"2024-08-08 14:00:00",5387,12.83334,302,0,0.128,3.4,2.23,0.18037,0.11831,0.19524,0.1384,51.137,42.717
"2024-08-08 14:30:00",5388,12.84509,302,0,0.146,3.92,2.5,0.20774,0.1332,0.21486,0.14691,51.581,43.009
"2024-08-08 15:00:00",5389,12.83502,302,0,0.147,3.97,2.53,0.21102,0.13474,0.21378,0.15071,54.892,43.139
"2024-08-08 15:30:00",5390,12.83754,302,0,0.153,4.1,2.67,0.21764,0.14179,0.22467,0.15508,53.604,41.187
"2024-08-08 16:00:00",5391,12.84509,302,0,0.155,4.12,2.72,0.21844,0.1442,0.22874,0.15918,52.892,41.975
"2024-08-08 16:30:00",5392,12.84006,302,0,0.146,3.87,2.6,0.20568,0.13804,0.21384,0.15383,52.557,43.3
"2024-08-08 17:00:00",5393,12.83754,302,0,0.153,4.02,2.78,0.21311,0.1478,0.21944,0.15633,54.531,41.96
"2024-08-08 17:30:00",5394,12.8367,302,0,0.155,4.1,2.73,0.21734,0.14506,0.22312,0.1579,53.996,42.258
"2024-08-08 18:00:00",5395,12.83754,302,0,0.157,4.12,2.82,0.21886,0.14956,0.22276,0.15972,54.598,42.438
"2024-08-08 18:30:00",5396,12.83838,302,0,0.152,4.03,2.7,0.2142,0.14326,0.21682,0.15412,53.103,41.772
"2024-08-08 19:00:00",5397,12.83586,302,0,0.152,4.08,2.62,0.21648,0.13934,0.22162,0.15256,52.792,40.783
"2024-08-08 19:30:00",5398,12.809,302,0,0.146,3.88,2.58,0.20592,0.13718,0.21156,0.14851,51.825,42.831
"2024-08-08 20:00:00",5399,12.83586,302,0,0.143,3.85,2.45,0.20458,0.13046,0.2186,0.14658,51.184,42.347
"2024-08-08 20:30:00",5400,12.83838,302,0,0.128,3.38,2.28,0.17943,0.12124,0.18785,0.1406,51.991,41.495
"2024-08-08 21:00:00",5401,12.82327,302,0,0.122,3.28,2.1,0.17458,0.11186,0.19088,0.13624,52.158,43.066
"2024-08-08 21:30:00",5402,12.82579,302,0,0.114,3.02,2.03,0.1604,0.10776,0.18261,0.12835,50.346,44.007
"2024-08-08 22:00:00",5403,12.82998,302,0,0.111,2.92,1.98,0.15496,0.10532,0.17328,0.12448,51.44,43.019
"2024-08-08 22:30:00",5404,12.82159,302,0,0.103,2.77,1.78,0.14676,0.09441,0.1617,0.125,54.483,42.895
"2024-08-08 23:00:00",5405,12.81907,302,0,0.098,2.55,1.82,0.1354,0.0968,0.1591,0.12308,50.565,40.895
"2024-08-08 23:30:00",5406,12.82579,302,0,0.099,2.65,1.7,0.14095,0.08998,0.15964,0.11896,51.695,42.028
"2024-08-09 00:00:00",5407,12.81236,302,0,0.096,2.55,1.7,0.1354,0.09022,0.15599,0.1173,53.224,40.914
"2024-08-09 00:30:00",5408,12.81236,302,0,0.097,2.57,1.72,0.13613,0.0908,0.15704,0.11753,51.546,39.809
"2024-08-09 01:00:00",5409,12.82243,302,0,0.089,2.33,1.6,0.1238,0.08539,0.14553,0.11534,53.507,41.608
"2024-08-09 01:30:00",5410,12.82663,302,0,0.09,2.35,1.62,0.12468,0.08618,0.14308,0.11604,51.455,40.808
"2024-08-09 02:00:00",5411,12.82075,302,0,0.088,2.37,1.53,0.12582,0.08149,0.14566,0.11384,53.42,40.435
"2024-08-09 02:30:00",5412,12.81907,302,0,0.087,2.33,1.52,0.12424,0.08072,0.14418,0.1112,51.875,43.463
"2024-08-09 03:00:00",5413,12.81823,302,0,0.087,2.32,1.53,0.12346,0.08114,0.14494,0.10945,51.476,42.496
"2024-08-09 03:30:00",5414,12.81655,302,0,0.087,2.32,1.52,0.12346,0.08095,0.14494,0.11147,52.38,40.642
"2024-08-09 04:00:00",5415,12.81655,302,0,0.081,2.12,1.45,0.1127,0.07686,0.14151,0.10972,51.794,41.051
"2024-08-09 04:30:00",5416,12.81739,302,0,0.063,1.43,1.45,0.0763,0.07722,0.11364,0.10992,51.873,39.873
"2024-08-09 05:00:00",5417,12.81655,302,0,0.082,2.15,1.5,0.11416,0.07928,0.13418,0.10972,51.434,42.762
"2024-08-09 05:30:00",5418,12.79976,302,0,-0.029,-1.94,0.98,-0.10415,0.05184,-0.08111,0.09946,46.965,40.892
"2024-08-09 06:00:00",5419,12.81152,302,0,0.092,2.53,1.5,0.13424,0.07928,0.16778,0.10992,49.859,43.105
"2024-08-09 06:30:00",5420,12.81152,302,0,0.091,2.5,1.48,0.13232,0.07911,0.1615,0.11165,49.713,40.307
"2024-08-09 07:00:00",5421,12.80984,302,0,0.096,2.68,1.52,0.14206,0.08072,0.1786,0.11098,50.836,42.264
"2024-08-09 07:30:00",5422,12.80816,302,0,0.098,2.82,1.47,0.14953,0.0778,0.17895,0.10664,52.635,41.471
"2024-08-09 08:00:00",5423,12.81236,302,0,0.097,2.58,1.7,0.13691,0.08998,0.15574,0.11922,50.987,40.495
"2024-08-09 08:30:00",5424,12.79976,302,0,0.113,3.05,1.93,0.16172,0.10236,0.18261,0.1241,51.804,43.8
"2024-08-09 09:00:00",5425,12.78465,302,0,0.107,2.92,1.8,0.15525,0.09548,0.17176,0.12436,51.227,42.132
"2024-08-09 09:30:00",5426,12.80396,302,0,0.097,2.42,1.95,0.12863,0.10361,0.16778,0.12906,49.1,41.51
"2024-08-09 10:00:00",5427,12.80984,302,0,0.112,2.95,2,0.15665,0.10582,0.17164,0.12942,52.582,40.17
"2024-08-09 10:30:00",5428,12.80564,302,0,0.127,3.37,2.27,0.17905,0.12075,0.20409,0.1368,52.481,43.654
"2024-08-09 11:00:00",5429,12.80984,302,0,0.146,3.97,2.45,0.21031,0.13046,0.22312,0.14557,50.806,41.564
"2024-08-09 11:30:00",5430,12.8006,302,0,0.151,4.07,2.58,0.21558,0.1375,0.22996,0.14968,53.545,44.142
"2024-08-09 12:00:00",5431,12.79473,302,0,0.161,4.35,2.72,0.23082,0.1441,0.25218,0.15508,51.868,43.04
"2024-08-09 12:30:00",5432,12.809,302,0,0.168,4.55,2.85,0.24186,0.15094,0.25428,0.1615,52.068,41.162
"2024-08-09 13:00:00",5433,12.80732,302,0,0.171,4.7,2.83,0.24942,0.15026,0.25622,0.16172,54.501,41.26
"2024-08-09 13:30:00",5434,12.79557,302,0,0.188,5.12,3.13,0.27162,0.16608,0.27426,0.17337,54.354,41.112
"2024-08-09 14:00:00",5435,12.78046,302,0,0.159,3.98,3.15,0.21184,0.1674,0.20926,0.17234,54.268,44.452
"2024-08-09 14:30:00",5436,12.79473,302,0,0.197,5.27,3.42,0.28001,0.18148,0.28766,0.1801,51.114,42.435
"2024-08-09 15:00:00",5437,12.80564,302,0,0.196,5.1,3.58,0.27127,0.18996,0.26568,0.18122,56.623,45.866
"2024-08-09 15:30:00",5438,12.80816,302,0,0.191,4.92,3.6,0.26153,0.1908,0.24818,0.18722,54.272,43.362
"2024-08-09 16:00:00",5439,12.80648,302,0,0.204,5.45,3.55,0.28971,0.18862,0.28376,0.18643,54.446,41.711
"2024-08-09 16:30:00",5440,12.80144,302,0,0.189,4.97,3.42,0.26375,0.18148,0.26528,0.18233,53.149,42.809
"2024-08-09 17:00:00",5441,12.80564,302,0,0.182,4.83,3.23,0.25676,0.17144,0.25698,0.17375,55.423,43.679
"2024-08-09 17:30:00",5442,12.79473,302,0,0.179,4.78,3.1,0.25381,0.16452,0.2554,0.17289,53.29,42.794
"2024-08-09 18:00:00",5443,12.79557,302,0,0.173,4.6,3.07,0.2446,0.16327,0.24714,0.17081,54.527,42.788
"2024-08-09 18:30:00",5444,12.80396,302,0,0.166,4.08,3.35,0.21722,0.17786,0.2337,0.18268,52.342,43.355
"2024-08-09 19:00:00",5445,12.78969,302,0,0.199,5.3,3.48,0.28189,0.1853,0.28468,0.18532,52.864,42.111
"2024-08-09 19:30:00",5446,12.78801,302,0,0.19,5.03,3.35,0.26719,0.178,0.26524,0.17818,51.594,43.337
"2024-08-09 20:00:00",5447,12.8006,302,0,0.153,3.98,2.82,0.2115,0.14977,0.2155,0.15926,52.497,41.745
"2024-08-09 20:30:00",5448,12.79809,302,0,0.135,3.57,2.43,0.18908,0.1295,0.19589,0.14809,52.376,41.211
"2024-08-09 21:00:00",5449,12.7729,302,0,0.125,3.32,2.22,0.17617,0.11776,0.18538,0.13762,51.931,42.527
"2024-08-09 21:30:00",5450,12.79053,302,0,0.114,2.97,2.08,0.15712,0.11068,0.16902,0.13353,53.807,41.92
"2024-08-09 22:00:00",5451,12.78717,302,0,0.104,2.67,1.95,0.14198,0.10318,0.15467,0.12693,53.467,41.887
"2024-08-09 22:30:00",5452,12.78381,302,0,0.097,2.48,1.82,0.13162,0.09636,0.14476,0.125,53.198,41.724
"2024-08-09 23:00:00",5453,12.78717,302,0,0.092,2.32,1.77,0.12273,0.09399,0.13802,0.12286,54.005,41.848
"2024-08-09 23:30:00",5454,12.78465,302,0,0.09,2.3,1.68,0.12212,0.0898,0.13739,0.12117,52.853,40.858
"2024-08-10 00:00:00",5455,12.78633,302,0,0.088,2.25,1.67,0.11965,0.0884,0.13328,0.11997,52.126,40.802
"2024-08-10 00:30:00",5456,12.77122,302,0,0.085,2.18,1.62,0.1159,0.08598,0.12804,0.11776,53.122,41.381
"2024-08-10 01:00:00",5457,12.78465,302,0,0.085,2.17,1.63,0.11478,0.08639,0.13194,0.11628,52.789,41.045
"2024-08-10 01:30:00",5458,12.77122,302,0,0.082,2.1,1.53,0.11188,0.08149,0.1278,0.11212,53.757,41.754
"2024-08-10 02:00:00",5459,12.78298,302,0,0.082,2.13,1.48,0.11338,0.07911,0.13103,0.11408,52.435,41.932
"2024-08-10 02:30:00",5460,12.76619,302,0,0.078,2,1.48,0.10664,0.07894,0.12277,0.10992,53.038,41.71
"2024-08-10 03:00:00",5461,12.76703,302,0,0.077,1.97,1.45,0.10456,0.07667,0.12098,0.10992,53.361,41.2
"2024-08-10 03:30:00",5462,12.7771,302,0,0.076,1.93,1.45,0.10308,0.07686,0.11937,0.11012,53.131,41.379
"2024-08-10 04:00:00",5463,12.77122,302,0,0.075,1.9,1.45,0.10123,0.07686,0.11937,0.11012,53.833,42.088
"2024-08-10 04:30:00",5464,12.77542,302,0,0.076,1.93,1.45,0.10288,0.07667,0.11918,0.10796,52.627,41.295
"2024-08-10 05:00:00",5465,12.77794,302,0,0.075,1.88,1.45,0.0999,0.077,0.11634,0.1104,52.417,41.765
"2024-08-10 05:30:00",5466,12.76787,302,0,0.075,1.95,1.4,0.10366,0.07478,0.11818,0.10841,53.481,41.329
"2024-08-10 06:00:00",5467,12.7452,302,0,0.073,1.9,1.37,0.10077,0.07253,0.11902,0.10866,53.56,40.985
"2024-08-10 06:30:00",5468,12.77038,302,0,0.074,1.92,1.37,0.10192,0.07253,0.12018,0.10866,52.61,41.439
"2024-08-10 07:00:00",5469,12.75947,302,0,0.074,1.92,1.35,0.10202,0.07203,0.12033,0.10596,53.839,41.53
"2024-08-10 07:30:00",5470,12.76954,302,0,0.072,1.87,1.35,0.09919,0.07203,0.11578,0.10816,52.399,41.487
"2024-08-10 08:00:00",5471,12.76954,302,0,0.072,1.87,1.35,0.09898,0.07184,0.11558,0.10576,53.524,41.789
"2024-08-10 08:30:00",5472,12.76954,302,0,0.076,1.97,1.42,0.10406,0.07544,0.12034,0.10905,53.324,41.846
"2024-08-10 09:00:00",5473,12.77038,302,0,0.09,2.35,1.67,0.12448,0.08856,0.13816,0.11657,53.329,42.263
"2024-08-10 09:30:00",5474,12.77122,302,0,0.109,2.72,2.15,0.14444,0.11408,0.15443,0.13353,53.385,41.799
"2024-08-10 10:00:00",5475,12.75611,302,0,0.151,3.93,2.78,0.20894,0.1479,0.21348,0.15822,55.16,42.326
"2024-08-10 10:30:00",5476,12.76031,302,0,0.191,5.1,3.33,0.2705,0.17694,0.26975,0.17745,53.948,42.47
"2024-08-10 11:00:00",5477,12.77122,302,0,0.205,5.38,3.72,0.28616,0.1972,0.28718,0.19201,54.183,43.27
"2024-08-10 11:30:00",5478,12.75108,302,0,0.224,6.08,3.78,0.32346,0.20066,0.31938,0.19528,63.726,44.506
"2024-08-10 12:00:00",5479,12.77458,302,0,0.203,5.07,4.02,0.26885,0.21365,0.28524,0.20412,53.903,44.086
"2024-08-10 12:30:00",5480,12.76535,302,0,0.244,6.48,4.28,0.34426,0.22744,0.3316,0.21508,51.165,42.331
"2024-08-10 13:00:00",5481,12.77542,302,0,0.235,6,4.47,0.31904,0.23695,0.31632,0.22174,51.466,42.893
"2024-08-10 13:30:00",5482,12.77458,302,0,0.25,6.6,4.48,0.35038,0.23778,0.343,0.225,54.988,43.82
"2024-08-10 14:00:00",5483,12.77542,302,0,0.265,7.07,4.63,0.37534,0.24618,0.35868,0.22786,54.415,42.934
"2024-08-10 14:30:00",5484,12.76954,302,0,0.257,6.8,4.58,0.36112,0.24334,0.34994,0.22498,53.806,44.296
"2024-08-10 15:00:00",5485,12.76703,302,0,0.281,7.37,5.07,0.39098,0.26935,0.37758,0.24214,52.701,43.87
"2024-08-10 15:30:00",5486,12.76367,302,0,0.272,7.18,4.87,0.38133,0.25804,0.36916,0.23517,53.127,43.203
"2024-08-10 16:00:00",5487,12.77122,302,0,0.282,7.52,4.92,0.3994,0.2611,0.37982,0.2366,53.44,43.362
"2024-08-10 16:30:00",5488,12.75947,302,0,0.255,6.67,4.62,0.35368,0.24478,0.345,0.22732,53.675,43.031
"2024-08-10 17:00:00",5489,12.77122,302,0,0.248,6.43,4.6,0.34158,0.24418,0.33073,0.2269,54.121,43.053
"2024-08-10 17:30:00",5490,12.74772,302,0,0.25,6.6,4.45,0.35081,0.23596,0.33734,0.22077,53.612,42.856
"2024-08-10 18:00:00",5491,12.76451,302,0,0.235,6.22,4.2,0.33056,0.22312,0.32084,0.21176,53.371,42.879
"2024-08-10 18:30:00",5492,12.76367,302,0,0.218,5.73,3.92,0.30424,0.2076,0.30086,0.20044,53.004,42.771
"2024-08-10 19:00:00",5493,12.76199,302,0,0.202,5.32,3.62,0.28192,0.19186,0.27968,0.18926,53.366,42.875
"2024-08-10 19:30:00",5494,12.75695,302,0,0.174,4.58,3.13,0.24367,0.16624,0.24581,0.17268,53.17,42.264
"2024-08-10 20:00:00",5495,12.74772,302,0,0.155,4.07,2.82,0.21627,0.14972,0.22047,0.16228,53.536,41.378
"2024-08-10 20:30:00",5496,12.73345,302,0,0.139,3.65,2.5,0.19414,0.13288,0.1996,0.14732,53.372,42.207
"2024-08-10 21:00:00",5497,12.75275,302,0,0.126,3.27,2.32,0.1738,0.12277,0.18358,0.14276,53.215,41.221
"2024-08-10 21:30:00",5498,12.7368,302,0,0.117,3.07,2.13,0.1627,0.11358,0.17322,0.13662,53.668,41.936
"2024-08-10 22:00:00",5499,12.75024,302,0,0.109,2.83,1.98,0.15086,0.10532,0.16021,0.12932,53.976,41.401
"2024-08-10 22:30:00",5500,12.7368,302,0,0.104,2.72,1.9,0.14398,0.10066,0.15519,0.12739,53.603,41.861
"2024-08-10 23:00:00",5501,12.73513,302,0,0.096,2.48,1.8,0.13209,0.09592,0.14725,0.12516,52.987,40.983
"2024-08-10 23:30:00",5502,12.74268,302,0,0.099,2.58,1.82,0.13756,0.09623,0.1507,0.12341,53.123,41.384
"2024-08-11 00:00:00",5503,12.73597,302,0,0.096,2.48,1.77,0.13186,0.09392,0.14542,0.12316,53.45,42.121
"2024-08-11 00:30:00",5504,12.741,302,0,0.094,2.45,1.72,0.12994,0.09146,0.14334,0.11902,53.679,41.112
"2024-08-11 01:00:00",5505,12.73932,302,0,0.091,2.35,1.68,0.12492,0.08902,0.14196,0.11902,53.082,41.912
"2024-08-11 01:30:00",5506,12.72421,302,0,0.09,2.32,1.68,0.12282,0.08902,0.13648,0.11902,52.907,41.741
"2024-08-11 02:00:00",5507,12.7368,302,0,0.09,2.32,1.68,0.12346,0.08924,0.13535,0.11902,52.875,40.98
"2024-08-11 02:30:00",5508,12.73597,302,0,0.083,2.17,1.53,0.11484,0.08149,0.12896,0.11212,52.792,41.474
"2024-08-11 03:00:00",5509,12.71246,302,0,0.084,2.2,1.53,0.1165,0.08128,0.13058,0.11408,53.056,41.319
"2024-08-11 03:30:00",5510,12.73597,302,0,0.083,2.13,1.57,0.11297,0.08356,0.12716,0.11408,52.719,42.224
"2024-08-11 04:00:00",5511,12.73513,302,0,0.083,2.17,1.53,0.11484,0.08114,0.12896,0.11408,53.577,41.268
"2024-08-11 04:30:00",5512,12.73093,302,0,0.082,2.1,1.53,0.1113,0.08114,0.12736,0.11188,53.76,41.602
"2024-08-11 05:00:00",5513,12.72757,302,0,0.083,2.15,1.53,0.11376,0.08149,0.12964,0.11212,52.246,41.596
"2024-08-11 05:30:00",5514,12.73093,302,0,0.083,2.15,1.53,0.11376,0.08149,0.12964,0.11212,53.32,41.583
"2024-08-11 06:00:00",5515,12.72841,302,0,0.084,2.2,1.5,0.1165,0.07928,0.13052,0.11238,52.406,41.496
"2024-08-11 06:30:00",5516,12.70155,302,0,0.083,2.15,1.53,0.11438,0.08128,0.12844,0.11408,53.145,41.817
"2024-08-11 07:00:00",5517,12.72169,302,0,0.082,2.17,1.48,0.11524,0.07911,0.12804,0.11434,53.153,41.821
"2024-08-11 07:30:00",5518,12.7133,302,0,0.081,2.1,1.52,0.11111,0.08072,0.12556,0.11165,53.76,41.187
"2024-08-11 08:00:00",5519,12.72757,302,0,0.087,2.23,1.63,0.11885,0.08639,0.13442,0.11654,53.785,41.476
"2024-08-11 08:30:00",5520,12.71834,302,0,0.101,2.67,1.82,0.14134,0.09623,0.15148,0.12341,53.811,40.978
"2024-08-11 09:00:00",5521,12.72338,302,0,0.124,3.27,2.25,0.17346,0.1197,0.18077,0.1385,54.795,42.219
"2024-08-11 09:30:00",5522,12.71414,302,0,0.176,4.6,3.22,0.24432,0.17088,0.25024,0.17591,53.165,41.417
"2024-08-11 10:00:00",5523,12.72505,302,0,0.216,5.63,3.93,0.29892,0.20888,0.29902,0.20252,55.948,44.465
"2024-08-11 10:30:00",5524,12.69651,302,0,0.251,6.63,4.47,0.3524,0.23762,0.34366,0.22082,54.136,42.963
"2024-08-11 11:00:00",5525,12.71582,302,0,0.273,7.18,4.88,0.3811,0.25934,0.37258,0.23506,55.095,44.185
"2024-08-11 11:30:00",5526,12.71834,302,0,0.28,7.37,5.02,0.39158,0.26639,0.3855,0.24229,60.713,45.23
"2024-08-11 12:00:00",5527,12.72589,302,0,0.278,7.3,5.02,0.38788,0.26615,0.37781,0.24097,55.731,44.251
"2024-08-11 12:30:00",5528,12.72757,302,0,0.297,8,5.12,0.42479,0.27178,0.40544,0.24304,53.476,43.402
"2024-08-11 13:00:00",5529,12.72841,302,0,0.351,9.5,5.98,0.50418,0.31799,0.4987,0.28486,62.065,49.077
"2024-08-11 13:30:00",5530,12.73093,302,0,0.3,8,5.25,0.42462,0.2786,0.41174,0.25024,54.361,42.778
"2024-08-11 14:00:00",5531,12.72673,302,0,0.23,5.43,4.97,0.28815,0.26406,0.3043,0.24659,52.479,45.158
"2024-08-11 14:30:00",5532,12.73177,302,0,0.194,4.73,4,0.25156,0.21232,0.28405,0.20969,50.417,44.653
"2024-08-11 15:00:00",5533,12.72925,302,0,0.298,7.93,5.25,0.42142,0.27858,0.40258,0.24784,54.139,42.147
"2024-08-11 15:30:00",5534,12.73093,302,0,0.286,7.7,4.9,0.40848,0.26027,0.38976,0.23624,53.717,43.48
"2024-08-11 16:00:00",5535,12.71834,302,0,0.286,7.55,5.1,0.40096,0.27086,0.38859,0.24352,53.143,41.968
"2024-08-11 16:30:00",5536,12.72589,302,0,0.272,7.1,4.97,0.37692,0.26362,0.36234,0.24097,52.051,43.216
"2024-08-11 17:00:00",5537,12.71582,302,0,0.271,7.13,4.85,0.37846,0.25732,0.36582,0.2316,54.338,42.852
"2024-08-11 17:30:00",5538,12.71414,302,0,0.251,6.67,4.45,0.35384,0.2361,0.34435,0.22121,53.973,42.487
"2024-08-11 18:00:00",5539,12.72254,302,0,0.221,5.83,3.97,0.30958,0.21079,0.3046,0.20172,54.999,43.415
"2024-08-11 18:30:00",5540,12.71582,302,0,0.195,4.97,3.75,0.2638,0.19874,0.26697,0.19386,53.271,42.78
"2024-08-11 19:00:00",5541,12.70575,302,0,0.198,5.17,3.6,0.27443,0.19116,0.27352,0.18776,54.095,43.034
"2024-08-11 19:30:00",5542,12.70491,302,0,0.173,4.52,3.13,0.24027,0.16602,0.24296,0.17222,53.122,42.057
"2024-08-11 20:00:00",5543,12.7091,302,0,0.151,3.97,2.72,0.21054,0.14412,0.2146,0.15938,53.339,41.597
"2024-08-11 20:30:00",5544,12.70659,302,0,0.137,3.57,2.52,0.18926,0.13384,0.19651,0.15023,52.966,41.643
"2024-08-11 21:00:00",5545,12.70575,302,0,0.127,3.32,2.33,0.17604,0.12392,0.18547,0.14142,52.884,41.825
"2024-08-11 21:30:00",5546,12.70239,302,0,0.122,3.18,2.25,0.16946,0.11946,0.17914,0.13944,53.073,41.592
"2024-08-11 22:00:00",5547,12.6898,302,0,0.113,2.92,2.1,0.15525,0.11134,0.16573,0.13662,53.364,41.054
"2024-08-11 22:30:00",5548,12.69148,302,0,0.11,2.83,2.05,0.15024,0.10908,0.16271,0.13264,53.242,41.498
"2024-08-11 23:00:00",5549,12.69483,302,0,0.103,2.63,1.95,0.14026,0.10332,0.15334,0.12958,53.674,41.524
"2024-08-11 23:30:00",5550,12.69399,302,0,0.104,2.72,1.9,0.14386,0.10114,0.15548,0.12564,53.675,41.52
"2024-08-12 00:00:00",5551,12.69651,302,0,0.103,2.67,1.93,0.14124,0.10233,0.15443,0.1287,52.518,41.199
"2024-08-12 00:30:00",5552,12.6898,302,0,0.102,2.63,1.9,0.13956,0.10054,0.15094,0.12728,53.797,41.071
"2024-08-12 01:00:00",5553,12.6856,302,0,0.097,2.57,1.75,0.13613,0.09278,0.14967,0.12078,52.919,41.44
"2024-08-12 01:30:00",5554,12.6814,302,0,0.098,2.58,1.75,0.13712,0.09302,0.15042,0.12302,52.692,41.786
"2024-08-12 02:00:00",5555,12.68224,302,0,0.097,2.55,1.75,0.1357,0.09302,0.14716,0.12302,53.152,41.675
"2024-08-12 02:30:00",5556,12.68392,302,0,0.095,2.5,1.7,0.13304,0.09055,0.14482,0.12078,52.543,41.378
"2024-08-12 03:00:00",5557,12.6814,302,0,0.098,2.55,1.78,0.1354,0.09504,0.14884,0.12276,53.632,42.051
"2024-08-12 03:30:00",5558,12.6579,302,0,0.099,2.58,1.78,0.13732,0.09484,0.14884,0.1205,53.375,41.374
"2024-08-12 04:00:00",5559,12.67553,302,0,0.099,2.6,1.78,0.13834,0.09504,0.148,0.12276,52.807,41.744
"2024-08-12 04:30:00",5560,12.67553,302,0,0.097,2.53,1.78,0.13451,0.0946,0.14939,0.12226,52.842,41.783
"2024-08-12 05:00:00",5561,12.67385,302,0,0.098,2.58,1.73,0.13708,0.09213,0.14884,0.12226,52.971,41.647
"2024-08-12 05:30:00",5562,12.67301,302,0,0.1,2.65,1.78,0.14095,0.09484,0.1523,0.12226,53.712,41.708
"2024-08-12 06:00:00",5563,12.67385,302,0,0.103,2.73,1.8,0.14502,0.09528,0.15626,0.12478,53.859,41.285
"2024-08-12 06:30:00",5564,12.67217,302,0,0.1,2.63,1.78,0.14014,0.09436,0.14992,0.12002,53.485,42.32
"2024-08-12 07:00:00",5565,12.66377,302,0,0.1,2.6,1.82,0.13848,0.0964,0.15018,0.12174,54.026,42.281
"2024-08-12 07:30:00",5566,12.66126,302,0,0.108,2.85,1.93,0.15146,0.10236,0.16115,0.12739,54.029,42.282
"2024-08-12 08:00:00",5567,12.66713,302,0,0.122,3.2,2.18,0.17025,0.11559,0.17957,0.13712,53.842,42.509
"2024-08-12 08:30:00",5568,12.66797,302,0,0.15,3.9,2.75,0.2074,0.14636,0.21232,0.15926,55.517,42.935
"2024-08-12 09:00:00",5569,12.6621,302,0,0.194,5,3.62,0.26511,0.19238,0.26442,0.18798,54.732,42.98
"2024-08-12 09:30:00",5570,12.67301,302,0,0.229,5.95,4.23,0.31638,0.2252,0.3116,0.21108,54.053,44.228
"2024-08-12 10:00:00",5571,12.66461,302,0,0.246,6.45,4.45,0.34295,0.23597,0.33644,0.21897,55.855,43.69
"2024-08-12 10:30:00",5572,12.66713,302,0,0.254,6.72,4.53,0.35706,0.24112,0.35213,0.22545,55.595,43.586
"2024-08-12 11:00:00",5573,12.65286,302,0,0.265,6.98,4.75,0.37112,0.25244,0.36367,0.23382,56.216,44.469
"2024-08-12 11:30:00",5574,12.67972,302,0,0.233,6.02,4.37,0.31991,0.2316,0.3322,0.2227,58.16,46.681
"2024-08-12 12:00:00",5575,12.68224,302,0,0.259,6.73,4.75,0.3573,0.25218,0.35348,0.23092,52.55,44.551
"2024-08-12 12:30:00",5576,12.66042,302,0,0.302,8.3,4.95,0.4408,0.26301,0.4236,0.23591,53.552,43.629
"2024-08-12 13:00:00",5577,12.67804,302,0,0.21,4.73,4.85,0.25153,0.2576,0.283,0.2392,52.737,45.157
"2024-08-12 13:30:00",5578,12.68476,302,0,0.303,8.15,5.22,0.4332,0.27723,0.41268,0.2465,53.122,43.72
"2024-08-12 14:00:00",5579,12.68644,302,0,0.291,7.63,5.27,0.40544,0.28011,0.39332,0.25048,53.958,43.879
"2024-08-12 14:30:00",5580,12.68308,302,0,0.249,6.35,4.73,0.33715,0.2513,0.33586,0.23341,52.331,43.916
"2024-08-12 15:00:00",5581,12.67637,302,0,0.303,8.08,5.28,0.42962,0.28067,0.41046,0.24942,54.411,42.675
"2024-08-12 15:30:00",5582,12.67721,302,0,0.322,8.86,5.27,0.47058,0.28011,0.44766,0.24676,55.668,43.927
"2024-08-12 16:00:00",5583,12.68308,302,0,0.293,7.75,5.22,0.41145,0.27729,0.39619,0.24784,54.995,42.839
"2024-08-12 16:30:00",5584,12.67888,302,0,0.281,7.42,5,0.39346,0.26596,0.37636,0.23842,54.351,43.03
"2024-08-12 17:00:00",5585,12.66965,302,0,0.268,7.07,4.8,0.3752,0.25521,0.36058,0.23262,54.204,43.295
"2024-08-12 17:30:00",5586,12.67804,302,0,0.252,6.67,4.47,0.35404,0.23764,0.34172,0.22078,54.187,43.271
"2024-08-12 18:00:00",5587,12.67804,302,0,0.238,6.25,4.3,0.33192,0.22792,0.32317,0.21322,55.467,42.635
"2024-08-12 18:30:00",5588,12.67637,302,0,0.217,5.62,4.02,0.29851,0.21365,0.29606,0.20532,54.431,43.522
"2024-08-12 19:00:00",5589,12.6495,302,0,0.213,5.63,3.8,0.2988,0.2016,0.29268,0.19319,53.588,42.928
"2024-08-12 19:30:00",5590,12.66797,302,0,0.189,4.98,3.4,0.26492,0.18099,0.26406,0.18308,53.584,42.665
"2024-08-12 20:00:00",5591,12.65706,302,0,0.165,4.3,3,0.22806,0.15937,0.23248,0.1683,53.745,42.006
"2024-08-12 20:30:00",5592,12.65034,302,0,0.147,3.82,2.72,0.2027,0.14412,0.20908,0.15482,52.889,42.132
"2024-08-12 21:00:00",5593,12.65622,302,0,0.14,3.62,2.6,0.19238,0.1377,0.19925,0.15116,53.402,41.657
"2024-08-12 21:30:00",5594,12.64699,302,0,0.128,3.32,2.37,0.17635,0.12606,0.18582,0.14586,53.519,41.111
"2024-08-12 22:00:00",5595,12.64111,302,0,0.122,3.13,2.28,0.16614,0.12089,0.1744,0.14127,53.499,41.911
"2024-08-12 22:30:00",5596,12.65202,302,0,0.115,2.97,2.13,0.15773,0.11294,0.16848,0.13636,53.025,42.119
"2024-08-12 23:00:00",5597,12.6495,302,0,0.111,2.93,1.98,0.15554,0.10562,0.16472,0.13209,53.846,42.263
"2024-08-12 23:30:00",5598,12.64447,302,0,0.105,2.72,1.93,0.14398,0.10233,0.15704,0.12728,53.567,42.234
"2024-08-13 00:00:00",5599,12.63104,302,0,0.104,2.72,1.88,0.1442,0.10004,0.15544,0.125,53.23,41.644
"2024-08-13 00:30:00",5600,12.63607,302,0,0.098,2.57,1.8,0.1359,0.09528,0.14748,0.125,53.2,41.47
"2024-08-13 01:00:00",5601,12.63859,302,0,0.099,2.58,1.8,0.13687,0.09528,0.15018,0.125,52.882,42.126
"2024-08-13 01:30:00",5602,12.63439,302,0,0.097,2.53,1.78,0.13468,0.09484,0.1465,0.1225,53.561,41.243
"2024-08-13 02:00:00",5603,12.63439,302,0,0.095,2.5,1.73,0.13304,0.09238,0.14494,0.12027,53.528,41.363
"2024-08-13 02:30:00",5604,12.63523,302,0,0.095,2.52,1.7,0.13328,0.0899,0.14516,0.12027,53.194,41.453
"2024-08-13 03:00:00",5605,12.60753,302,0,0.094,2.45,1.73,0.12973,0.09213,0.14174,0.12027,53.772,42.183
"2024-08-13 03:30:00",5606,12.62684,302,0,0.093,2.42,1.7,0.12874,0.0899,0.14064,0.11802,52.691,41.619
"2024-08-13 04:00:00",5607,12.626,302,0,0.092,2.42,1.68,0.12804,0.08946,0.14174,0.11776,53.303,41.56
"2024-08-13 04:30:00",5608,12.62852,302,0,0.096,2.48,1.78,0.13209,0.0946,0.14566,0.12027,52.621,41.968
"2024-08-13 05:00:00",5609,12.62768,302,0,0.093,2.45,1.68,0.13016,0.08966,0.1422,0.11776,54.281,41.708
"2024-08-13 05:30:00",5610,12.62852,302,0,0.095,2.48,1.73,0.13162,0.09192,0.14542,0.12002,53.719,41.142
"2024-08-13 06:00:00",5611,12.62684,302,0,0.095,2.52,1.68,0.13328,0.08924,0.14516,0.1175,53.798,40.969
"2024-08-13 06:30:00",5612,12.61677,302,0,0.093,2.42,1.73,0.12874,0.09169,0.14244,0.12196,52.642,41.051
"2024-08-13 07:00:00",5613,12.626,302,0,0.098,2.58,1.77,0.1373,0.09348,0.14785,0.12144,54.078,42.333
"2024-08-13 07:30:00",5614,12.62348,302,0,0.106,2.78,1.92,0.14794,0.10192,0.15806,0.12711,54.297,41.977
"2024-08-13 08:00:00",5615,12.61593,302,0,0.119,3.12,2.13,0.16512,0.11312,0.17308,0.13517,54.721,42.974
"2024-08-13 08:30:00",5616,12.62768,302,0,0.141,3.65,2.63,0.19404,0.13965,0.19918,0.15316,55.131,43.126
"2024-08-13 09:00:00",5617,12.60753,302,0,0.166,4.3,3.1,0.2286,0.16472,0.23216,0.17137,54.078,43.736
"2024-08-13 09:30:00",5618,12.62936,302,0,0.188,4.93,3.42,0.26172,0.18102,0.25933,0.18077,53.928,42.599
"2024-08-13 10:00:00",5619,12.61593,302,0,0.178,4.67,3.2,0.24766,0.16982,0.24742,0.1746,54.626,43.144
"2024-08-13 10:30:00",5620,12.62684,302,0,0.159,4.17,2.9,0.22156,0.15412,0.2254,0.16354,54.652,42.492
"2024-08-13 11:00:00",5621,12.62012,302,0,0.177,4.63,3.22,0.24581,0.17088,0.24431,0.17696,55.519,42.686
"2024-08-13 11:30:00",5622,12.62936,302,0,0.224,5.88,4.02,0.31248,0.21317,0.30504,0.20384,55.339,43.176
"2024-08-13 12:00:00",5623,12.60417,302,0,0.228,6,4.08,0.3188,0.21706,0.3088,0.21162,56.574,44.416
"2024-08-13 12:30:00",5624,12.62516,302,0,0.253,6.75,4.42,0.35818,0.23488,0.35054,0.22038,53.563,44.313
"2024-08-13 13:00:00",5625,12.63523,302,0,0.283,7.6,4.87,0.40384,0.25873,0.38133,0.23082,52.8,43.128
"2024-08-13 13:30:00",5626,12.64027,302,0,0.265,7,4.72,0.37155,0.25068,0.3575,0.22877,53.851,42.944
"2024-08-13 14:00:00",5627,12.63859,302,0,0.187,4.03,4.53,0.21448,0.24044,0.22276,0.22624,55.066,44.566
"2024-08-13 14:30:00",5628,12.61425,302,0,0.117,1.93,3.62,0.10262,0.19171,0.19228,0.19493,48.218,44.373
"2024-08-13 15:00:00",5629,12.63775,302,0,0.276,7.28,4.92,0.38675,0.26154,0.37636,0.23686,53.552,43.734
"2024-08-13 15:30:00",5630,12.61928,302,0,0.27,7.18,4.77,0.38133,0.25344,0.36399,0.2303,55.323,42.902
"2024-08-13 16:00:00",5631,12.63859,302,0,0.267,7.13,4.63,0.3784,0.24584,0.36412,0.22603,54.236,43.064
"2024-08-13 16:30:00",5632,12.63943,302,0,0.252,6.68,4.47,0.3546,0.23722,0.34218,0.21981,53.266,42.774
"2024-08-13 17:00:00",5633,12.62432,302,0,0.228,5.9,4.25,0.31356,0.22526,0.3096,0.2113,55.144,42.833
"2024-08-13 17:30:00",5634,12.61089,302,0,0.236,6.13,4.35,0.32613,0.23062,0.31844,0.21558,54.164,43.671
"2024-08-13 18:00:00",5635,12.62012,302,0,0.231,6.02,4.22,0.31976,0.22423,0.31299,0.20984,54.617,42.62
"2024-08-13 18:30:00",5636,12.63188,302,0,0.215,5.6,3.97,0.29765,0.21094,0.2942,0.20234,54.088,42.915
"2024-08-13 19:00:00",5637,12.62768,302,0,0.202,5.27,3.7,0.27977,0.19632,0.27712,0.19319,53.427,42.508
"2024-08-13 19:30:00",5638,12.62768,302,0,0.183,4.77,3.35,0.25337,0.17794,0.2555,0.18076,54.148,42.819
"2024-08-13 20:00:00",5639,12.62264,302,0,0.166,4.37,3,0.23222,0.15898,0.23493,0.16596,53.252,41.922
"2024-08-13 20:30:00",5640,12.62264,302,0,0.151,3.95,2.73,0.20946,0.14516,0.2136,0.1581,52.935,41.608
"2024-08-13 21:00:00",5641,12.62348,302,0,0.137,3.57,2.53,0.18936,0.13451,0.19678,0.15114,53.695,41.954
"2024-08-13 21:30:00",5642,12.60753,302,0,0.124,3.22,2.28,0.17058,0.12149,0.18233,0.14218,53.187,41.858
"2024-08-13 22:00:00",5643,12.6025,302,0,0.116,3.03,2.13,0.16115,0.1135,0.17184,0.13724,53.16,41.41
"2024-08-13 22:30:00",5644,12.58739,302,0,0.113,2.95,2.05,0.15692,0.10866,0.16778,0.13066,53.09,42.175
"2024-08-13 23:00:00",5645,12.60585,302,0,0.107,2.78,1.95,0.148,0.10333,0.1592,0.1281,53.17,41.844
"2024-08-13 23:30:00",5646,12.60082,302,0,0.1,2.6,1.85,0.13789,0.09848,0.15116,0.12609,52.729,41.399
"2024-08-14 00:00:00",5647,12.5899,302,0,0.101,2.62,1.85,0.13934,0.09848,0.15254,0.1238,52.797,40.634
"2024-08-14 00:30:00",5648,12.58906,302,0,0.097,2.55,1.75,0.13498,0.09322,0.14669,0.12354,53.819,41.814
"2024-08-14 01:00:00",5649,12.59662,302,0,0.096,2.47,1.8,0.13113,0.09573,0.14482,0.12354,53.268,40.956
"2024-08-14 01:30:00",5650,12.5983,302,0,0.095,2.48,1.75,0.13182,0.09322,0.14533,0.12124,52.737,41.145
"2024-08-14 02:00:00",5651,12.57312,302,0,0.093,2.43,1.7,0.1294,0.09072,0.14323,0.12124,53.621,42.033
"2024-08-14 02:30:00",5652,12.59074,302,0,0.095,2.5,1.7,0.13252,0.09072,0.14422,0.12124,53.219,41.208
"2024-08-14 03:00:00",5653,12.5899,302,0,0.095,2.45,1.75,0.12991,0.09302,0.14347,0.11902,53.291,41.547
"2024-08-14 03:30:00",5654,12.58906,302,0,0.097,2.53,1.75,0.13474,0.09322,0.14823,0.12124,53.208,41.72
"2024-08-14 04:00:00",5655,12.58739,302,0,0.095,2.5,1.72,0.13252,0.09092,0.14794,0.11927,52.925,41.03
"2024-08-14 04:30:00",5656,12.58571,302,0,0.097,2.52,1.77,0.13353,0.09346,0.14557,0.12154,53.195,41.193
"2024-08-14 05:00:00",5657,12.58151,302,0,0.094,2.5,1.67,0.13256,0.08827,0.14296,0.11902,53.781,41.047
"2024-08-14 05:30:00",5658,12.57228,302,0,0.096,2.52,1.72,0.134,0.09116,0.14422,0.12176,53.36,41.772
"2024-08-14 06:00:00",5659,12.58319,302,0,0.096,2.55,1.72,0.13547,0.09092,0.14716,0.11955,52.606,41.851
"2024-08-14 06:30:00",5660,12.57899,302,0,0.093,2.42,1.72,0.12798,0.09092,0.14186,0.11955,53.541,41.384
"2024-08-14 07:00:00",5661,12.57647,302,0,0.098,2.58,1.75,0.13756,0.09278,0.14967,0.12124,53.674,41.509
"2024-08-14 07:30:00",5662,12.55213,302,0,0.107,2.78,1.95,0.14812,0.10332,0.15834,0.12672,54.496,41.923
"2024-08-14 08:00:00",5663,12.57228,302,0,0.128,3.38,2.28,0.17947,0.12132,0.18538,0.13887,55.01,42.433
"2024-08-14 08:30:00",5664,12.57899,302,0,0.154,4.03,2.82,0.21429,0.14986,0.21941,0.16056,54.504,43.33
"2024-08-14 09:00:00",5665,12.5706,302,0,0.174,4.48,3.27,0.2381,0.17314,0.24023,0.17552,54.151,43.806
"2024-08-14 09:30:00",5666,12.57312,302,0,0.213,5.5,3.95,0.29224,0.2102,0.28816,0.20212,54.71,44.213
"2024-08-14 10:00:00",5667,12.58655,302,0,0.234,6.15,4.22,0.32676,0.22418,0.32056,0.21292,56.331,44.323
"2024-08-14 10:30:00",5668,12.57395,302,0,0.248,6.55,4.43,0.34747,0.23556,0.33984,0.2208,55.298,43.552
"2024-08-14 11:00:00",5669,12.5941,302,0,0.249,6.6,4.42,0.35084,0.23438,0.34667,0.21897,55.428,44.514
"2024-08-14 11:30:00",5670,12.59242,302,0,0.199,4.97,3.95,0.2635,0.20954,0.27402,0.20819,58.11,46.776
"2024-08-14 12:00:00",5671,12.58487,302,0,0.225,5.75,4.27,0.30549,0.22616,0.30202,0.2135,55.466,44.14
"2024-08-14 12:30:00",5672,12.60082,302,0,0.275,7.4,4.72,0.39307,0.25068,0.37903,0.22975,53.395,43.73
"2024-08-14 13:00:00",5673,12.60166,302,0,0.195,4.58,4.22,0.24322,0.22364,0.26122,0.21532,52.086,44.494
"2024-08-14 13:30:00",5674,12.59998,302,0,0.25,6.43,4.7,0.34144,0.24925,0.33792,0.22969,53.423,45.001
"2024-08-14 14:00:00",5675,12.59746,302,0,0.209,4.83,4.65,0.25664,0.24668,0.27759,0.23146,52.078,43.083
"2024-08-14 14:30:00",5676,12.58067,302,0,0.213,5.25,4.32,0.2784,0.22936,0.29648,0.22033,49.883,44.216
"2024-08-14 15:00:00",5677,12.59578,302,0,0.282,7.35,5.18,0.39073,0.27544,0.37402,0.24802,53.945,43.028
"2024-08-14 15:30:00",5678,12.60082,302,0,0.263,6.77,4.92,0.35912,0.26106,0.3539,0.23534,52.938,43.015
"2024-08-14 16:00:00",5679,12.59914,302,0,0.263,6.93,4.72,0.3684,0.25068,0.35499,0.22945,54.17,42.584
"2024-08-14 16:30:00",5680,12.59326,302,0,0.244,6.4,4.4,0.33963,0.23361,0.3305,0.21878,54.396,42.649
"2024-08-14 17:00:00",5681,12.59494,302,0,0.234,6.17,4.18,0.32752,0.22257,0.32029,0.21154,54.849,42.434
"2024-08-14 17:30:00",5682,12.59578,302,0,0.228,5.92,4.23,0.31452,0.22478,0.30934,0.2121,53.871,43.216
"2024-08-14 18:00:00",5683,12.58571,302,0,0.225,5.83,4.15,0.30959,0.2204,0.3034,0.20779,53.332,42.578
"2024-08-14 18:30:00",5684,12.59074,302,0,0.212,5.5,3.93,0.29242,0.20866,0.2897,0.2002,54.138,42.546
"2024-08-14 19:00:00",5685,12.57815,302,0,0.194,5.07,3.53,0.26924,0.18806,0.26756,0.18816,54.082,42.334
"2024-08-14 19:30:00",5686,12.58151,302,0,0.173,4.53,3.15,0.24042,0.16727,0.24158,0.1737,53.756,41.599
"2024-08-14 20:00:00",5687,12.58067,302,0,0.155,4.03,2.83,0.21406,0.15042,0.21802,0.16078,53.64,41.89
"2024-08-14 20:30:00",5688,12.56976,302,0,0.144,3.75,2.63,0.19878,0.13942,0.20355,0.15313,53.431,41.68
"2024-08-14 21:00:00",5689,12.57312,302,0,0.133,3.43,2.47,0.18267,0.13058,0.19009,0.14542,53.223,41.629
"2024-08-14 21:30:00",5690,12.56556,302,0,0.124,3.2,2.32,0.16982,0.12301,0.18004,0.14136,53.047,41.717
"2024-08-14 22:00:00",5691,12.56976,302,0,0.116,3,2.17,0.1592,0.11486,0.16822,0.1364,52.714,41.388
"2024-08-14 22:30:00",5692,12.5664,302,0,0.109,2.82,2.02,0.14991,0.10714,0.1593,0.13176,52.791,41.616
"2024-08-14 23:00:00",5693,12.55045,302,0,0.108,2.82,1.97,0.14928,0.10486,0.16014,0.12746,52.545,42.044
"2024-08-14 23:30:00",5694,12.55213,302,0,0.101,2.6,1.92,0.13814,0.10174,0.15168,0.12919,53.244,40.813
"2024-08-15 00:00:00",5695,12.55381,302,0,0.101,2.62,1.87,0.13888,0.09946,0.15225,0.1249,52.755,41.002
"2024-08-15 00:30:00",5696,12.54206,302,0,0.097,2.52,1.77,0.13353,0.09414,0.14716,0.12262,53.721,41.403
"2024-08-15 01:00:00",5697,12.54541,302,0,0.096,2.47,1.82,0.1311,0.09646,0.1447,0.12434,53.21,40.784
"2024-08-15 01:30:00",5698,12.5387,302,0,0.096,2.48,1.77,0.13156,0.09414,0.14523,0.12232,52.832,41.765
"2024-08-15 02:00:00",5699,12.5387,302,0,0.096,2.48,1.78,0.13206,0.09437,0.14385,0.12028,53.387,41.373
"2024-08-15 02:30:00",5700,12.54709,302,0,0.097,2.55,1.77,0.1352,0.09395,0.1471,0.12206,53.2,41.445
"2024-08-15 03:00:00",5701,12.54373,302,0,0.096,2.48,1.77,0.13156,0.09395,0.1436,0.12206,53.216,41.049
"2024-08-15 03:30:00",5702,12.53282,302,0,0.097,2.52,1.77,0.134,0.0937,0.1461,0.11978,54.038,41.461
"2024-08-15 04:00:00",5703,12.53198,302,0,0.097,2.53,1.77,0.13451,0.09395,0.14823,0.12232,53.419,41.828
"2024-08-15 04:30:00",5704,12.5387,302,0,0.096,2.5,1.77,0.13279,0.09395,0.14308,0.12232,54.074,41.342
"2024-08-15 05:00:00",5705,12.53366,302,0,0.094,2.45,1.72,0.13036,0.09136,0.14422,0.12232,53.483,41.733
"2024-08-15 05:30:00",5706,12.53198,302,0,0.095,2.52,1.68,0.13353,0.08904,0.14557,0.11826,53.509,41.918
"2024-08-15 06:00:00",5707,12.51268,302,0,0.094,2.47,1.72,0.1306,0.0916,0.1428,0.11826,52.886,41.555
"2024-08-15 06:30:00",5708,12.53198,302,0,0.092,2.4,1.67,0.12775,0.08866,0.1402,0.11802,53.668,42.182
"2024-08-15 07:00:00",5709,12.52862,302,0,0.095,2.5,1.7,0.13282,0.09072,0.14347,0.11978,52.923,42.001
"2024-08-15 07:30:00",5710,12.53198,302,0,0.1,2.6,1.82,0.13827,0.09686,0.1491,0.12327,54.732,41.734
"2024-08-15 08:00:00",5711,12.52946,302,0,0.11,2.87,2.02,0.15198,0.10752,0.16094,0.13098,54.578,42.41
"2024-08-15 08:30:00",5712,12.52527,302,0,0.126,3.28,2.33,0.17417,0.12402,0.18082,0.14385,55.099,43.088
"2024-08-15 09:00:00",5713,12.53534,302,0,0.16,4.17,2.95,0.22118,0.15626,0.22389,0.1644,54.401,42.915
"2024-08-15 09:30:00",5714,12.5387,302,0,0.193,5.03,3.52,0.26765,0.18692,0.26781,0.18806,56.045,44.303
"2024-08-15 10:00:00",5715,12.5429,302,0,0.218,5.67,4,0.30093,0.21277,0.297,0.20486,55.598,43.849
"2024-08-15 10:30:00",5716,12.54625,302,0,0.234,6.15,4.23,0.32632,0.22521,0.3215,0.21379,55.259,44.349
"2024-08-15 11:00:00",5717,12.54373,302,0,0.242,6.43,4.28,0.34146,0.22778,0.3353,0.21706,55.275,44.36
"2024-08-15 11:30:00",5718,12.54709,302,0,0.196,4.9,3.88,0.2605,0.20634,0.27669,0.2046,59.17,47.996
"2024-08-15 12:00:00",5719,12.55045,302,0,0.259,7.05,4.35,0.3747,0.23082,0.361,0.21756,54.963,43.894
"2024-08-15 12:30:00",5720,12.53114,302,0,0.262,7.03,4.55,0.37306,0.24132,0.36234,0.22361,53.042,42.543
"2024-08-15 13:00:00",5721,12.55884,302,0,0.207,5.17,4.12,0.27408,0.21897,0.28451,0.20996,52.362,43.526
"2024-08-15 13:30:00",5722,12.55549,302,0,0.253,6.65,4.55,0.35357,0.24172,0.348,0.22506,53.883,43.381
"2024-08-15 14:00:00",5723,12.54877,302,0,0.226,5.52,4.62,0.29292,0.24544,0.29922,0.22596,55.366,43.207
"2024-08-15 14:30:00",5724,12.55717,302,0,0.072,0.4,3.27,0.02088,0.17308,0.12042,0.18306,47.67,44.242
"2024-08-15 15:00:00",5725,12.55045,302,0,0.227,5.43,4.82,0.28825,0.2562,0.2935,0.2346,52.296,42.065
"2024-08-15 15:30:00",5726,12.55968,302,0,0.254,6.67,4.6,0.35414,0.24412,0.35006,0.22312,51.551,42.308
"2024-08-15 16:00:00",5727,12.55968,302,0,0.269,6.98,4.97,0.37098,0.26344,0.35922,0.24062,53.611,43.53
"2024-08-15 16:30:00",5728,12.55549,302,0,0.256,6.47,4.98,0.34315,0.26431,0.33644,0.24259,52.52,43.269
"2024-08-15 17:00:00",5729,12.55549,302,0,0.258,6.75,4.72,0.35842,0.25068,0.34866,0.22848,53.898,42.979
"2024-08-15 17:30:00",5730,12.55297,302,0,0.249,6.55,4.47,0.348,0.2374,0.33792,0.22361,53.991,42.92
"2024-08-15 18:00:00",5731,12.55297,302,0,0.238,6.25,4.28,0.33234,0.22758,0.32437,0.21432,54.433,42.68
"2024-08-15 18:30:00",5732,12.54709,302,0,0.219,5.7,4.03,0.3023,0.21378,0.29642,0.20222,54.747,42.161
"2024-08-15 19:00:00",5733,12.54793,302,0,0.196,5.15,3.53,0.27358,0.18775,0.2691,0.18548,53.625,42.554
"2024-08-15 19:30:00",5734,12.53618,302,0,0.169,4.45,3.05,0.2365,0.16213,0.23787,0.16956,52.757,41.84
"2024-08-15 20:00:00",5735,12.5387,302,0,0.154,4.05,2.78,0.21478,0.14771,0.22033,0.15885,53.006,41.256
"2024-08-15 20:30:00",5736,12.5387,302,0,0.14,3.63,2.58,0.19306,0.13712,0.20029,0.14946,53.702,41.535
"2024-08-15 21:00:00",5737,12.52779,302,0,0.13,3.37,2.38,0.17898,0.12664,0.18518,0.14476,53.076,41.064
"2024-08-15 21:30:00",5738,12.5303,302,0,0.119,3.07,2.25,0.16303,0.11916,0.17324,0.14014,53.327,41.422
"2024-08-15 22:00:00",5739,12.5303,302,0,0.113,2.93,2.1,0.15618,0.11174,0.16702,0.13582,53.166,41.99
"2024-08-15 22:30:00",5740,12.5026,302,0,0.111,2.85,2.08,0.15154,0.11024,0.1627,0.13437,53.646,41.633
"2024-08-15 23:00:00",5741,12.52275,302,0,0.107,2.72,2.03,0.14441,0.10767,0.15412,0.13233,53.168,41.834
"2024-08-15 23:30:00",5742,12.51939,302,0,0.105,2.7,1.95,0.14322,0.10354,0.1547,0.12682,53.048,41.144
"2024-08-16 00:00:00",5743,12.51184,302,0,0.099,2.55,1.85,0.13549,0.09859,0.1492,0.12444,52.666,41.754
"2024-08-16 00:30:00",5744,12.51435,302,0,0.1,2.57,1.88,0.13599,0.10042,0.14624,0.12627,53.551,40.976
"2024-08-16 01:00:00",5745,12.50092,302,0,0.097,2.5,1.8,0.13302,0.09555,0.14514,0.12419,53.279,41.278
"2024-08-16 01:30:00",5746,12.51016,302,0,0.096,2.52,1.75,0.13353,0.09272,0.14574,0.12156,53.772,41.871
"2024-08-16 02:00:00",5747,12.50932,302,0,0.097,2.52,1.8,0.134,0.09528,0.14603,0.12156,53.938,42.033
"2024-08-16 02:30:00",5748,12.50596,302,0,0.094,2.45,1.73,0.12984,0.09248,0.14385,0.12132,53.482,40.902
"2024-08-16 03:00:00",5749,12.50512,302,0,0.096,2.52,1.73,0.13353,0.09248,0.14385,0.12132,53.051,41.458
"2024-08-16 03:30:00",5750,12.5026,302,0,0.094,2.48,1.7,0.13182,0.08999,0.14574,0.11906,52.581,41.662
"2024-08-16 04:00:00",5751,12.50344,302,0,0.094,2.45,1.73,0.13028,0.09248,0.1441,0.12132,53.464,41.975
"2024-08-16 04:30:00",5752,12.47322,302,0,0.097,2.55,1.73,0.135,0.09228,0.1471,0.1211,53.003,41.514
"2024-08-16 05:00:00",5753,12.49001,302,0,0.095,2.47,1.73,0.13058,0.09228,0.14432,0.11876,53.588,42.095
"2024-08-16 05:30:00",5754,12.49673,302,0,0.095,2.48,1.73,0.13182,0.09228,0.14574,0.1211,52.845,41.775
"2024-08-16 06:00:00",5755,12.48413,302,0,0.098,2.57,1.78,0.13599,0.09456,0.14977,0.1208,53.053,42.134
"2024-08-16 06:30:00",5756,12.49169,302,0,0.098,2.58,1.73,0.13718,0.09204,0.14767,0.11852,53.814,41.811
"2024-08-16 07:00:00",5757,12.48162,302,0,0.095,2.48,1.72,0.1323,0.09136,0.14308,0.12028,54.196,40.943
"2024-08-16 07:30:00",5758,12.4833,302,0,0.091,2.37,1.67,0.12559,0.08827,0.13678,0.11548,53.787,42.611
"2024-08-16 08:00:00",5759,12.48665,302,0,0.097,2.53,1.77,0.13423,0.09416,0.14516,0.121,54.478,41.894
"2024-08-16 08:30:00",5760,12.48162,302,0,0.115,2.98,2.12,0.15868,0.11197,0.16931,0.1352,55.197,42.461
"2024-08-16 09:00:00",5761,12.47742,302,0,0.148,3.87,2.72,0.20506,0.1441,0.21056,0.15806,55.405,43.238
"2024-08-16 09:30:00",5762,12.49421,302,0,0.181,4.63,3.42,0.24598,0.18106,0.24828,0.18309,55.138,43.236
"2024-08-16 10:00:00",5763,12.49085,302,0,0.212,5.47,3.98,0.29072,0.21171,0.28917,0.20234,55.046,43.14
"2024-08-16 10:30:00",5764,12.47826,302,0,0.232,6.1,4.17,0.32418,0.22106,0.32056,0.21084,55.1,43.924
"2024-08-16 11:00:00",5765,12.50344,302,0,0.234,6.08,4.28,0.32339,0.22778,0.32128,0.21563,55.729,44.13
"2024-08-16 11:30:00",5766,12.50596,302,0,0.221,5.57,4.28,0.29589,0.22742,0.30352,0.21646,60.39,46.305
"2024-08-16 12:00:00",5767,12.49589,302,0,0.266,7.17,4.55,0.38096,0.24132,0.37624,0.225,55.607,44.118
"2024-08-16 12:30:00",5768,12.51352,302,0,0.276,7.38,4.82,0.3919,0.25558,0.3698,0.2318,51.05,43.873
