"TOA5","CR300Series_502","CR300","27031","CR300-RF407.Std.10.04","CPU:CR300_sapflow.CR300","32345","Table2"
"TIMESTAMP","RECORD","BattV_Min","id","SDI1","SapFlwTot1","VhOuter1","VhInner1","AlphaOut1","AlphaIn1","BetaOut1","BetaIn1","tMaxTout1","tMaxTin1"
"TS","RN","Volts","","","literPerHour","heatVelocity","heatVelocity","logTRatio","logTRatio","logTRatio","logTRatio","second","second"
"","","Min","Smp","Smp","Smp","Smp","Smp","Smp","Smp","Smp","Smp","Smp","Smp"
"2024-08-04 17:30:00",3318,11.22,502,1,1.528,1.37,11.31,0.122,1.001,0.074,0.85,67.39,53.98
"2024-08-04 18:00:00",3319,13.04,502,1,1.36,1.08,10.22,0.095,0.904,0.058,0.754,68.57,55.83
"2024-08-04 18:30:00",3320,13.03,502,1,1.225,0.83,9.36,0.074,0.828,0.035,0.691,68.03,56.28
"2024-08-04 19:00:00",3321,13.02,502,1,0.582,-0.19,5.08,-0.018,0.449,-0.044,0.354,65.9,61.06
"2024-08-04 19:30:00",3322,13,502,1,0.178,-0.75,2.31,-0.067,0.205,-0.093,0.131,65.93,63.33
"2024-08-04 20:00:00",3323,12.99,502,1,-0.145,-1.19,0.07,-0.107,0.006,-0.123,-0.056,64.57,62.39
"2024-08-04 20:30:00",3324,12.98,502,1,-0.293,-1.4,-0.94,-0.125,-0.084,-0.145,-0.138,64.61,63.67
"2024-08-04 21:00:00",3325,12.97,502,1,-0.37,-1.51,-1.47,-0.134,-0.131,-0.15,-0.183,63.37,63.26
"2024-08-04 21:30:00",3326,12.96,502,1,-0.398,-1.53,-1.68,-0.137,-0.15,-0.152,-0.198,64.1,62.34
"2024-08-04 22:00:00",3327,12.96,502,1,-0.413,-1.55,-1.78,-0.138,-0.158,-0.153,-0.206,64.17,63.23
"2024-08-04 22:30:00",3328,12.95,502,1,-0.415,-1.53,-1.82,-0.136,-0.162,-0.152,-0.21,63.9,64.06
"2024-08-04 23:00:00",3329,12.95,502,1,-0.433,-1.57,-1.93,-0.14,-0.172,-0.155,-0.223,62.85,63.42
"2024-08-04 23:30:00",3330,12.94,502,1,-0.44,-1.56,-2,-0.139,-0.178,-0.154,-0.229,65,62.66
"2024-08-05 00:00:00",3331,12.93,502,1,-0.451,-1.6,-2.05,-0.142,-0.182,-0.158,-0.233,63.68,62.06
"2024-08-05 00:30:00",3332,12.93,502,1,-0.468,-1.6,-2.19,-0.142,-0.195,-0.153,-0.244,64.21,62.86
"2024-08-05 01:00:00",3333,12.92,502,1,-0.467,-1.59,-2.19,-0.142,-0.195,-0.155,-0.243,63.96,62.61
"2024-08-05 01:30:00",3334,12.91,502,1,-0.469,-1.55,-2.25,-0.138,-0.2,-0.154,-0.247,64,64.15
"2024-08-05 02:00:00",3335,12.91,502,1,-0.477,-1.61,-2.25,-0.143,-0.2,-0.156,-0.248,64.15,62.96
"2024-08-05 02:30:00",3336,12.91,502,1,-0.471,-1.55,-2.27,-0.138,-0.202,-0.153,-0.253,63.95,63.85
"2024-08-05 03:00:00",3337,12.9,502,1,-0.476,-1.58,-2.28,-0.141,-0.203,-0.154,-0.253,64.22,62.61
"2024-08-05 03:30:00",3338,12.9,502,1,-0.469,-1.55,-2.25,-0.138,-0.2,-0.154,-0.251,63.55,62.77
"2024-08-05 04:00:00",3339,12.89,502,1,-0.481,-1.58,-2.32,-0.141,-0.206,-0.154,-0.257,63.89,62.7
"2024-08-05 04:30:00",3340,12.89,502,1,-0.474,-1.55,-2.29,-0.138,-0.203,-0.154,-0.251,63.91,61.73
"2024-08-05 05:00:00",3341,12.88,502,1,-0.474,-1.55,-2.29,-0.138,-0.203,-0.152,-0.254,64.35,63.83
"2024-08-05 05:30:00",3342,12.88,502,1,-0.478,-1.55,-2.33,-0.139,-0.207,-0.154,-0.258,64.54,62.77
"2024-08-05 06:00:00",3343,12.88,502,1,-0.477,-1.55,-2.32,-0.139,-0.206,-0.154,-0.254,64.54,64.28
"2024-08-05 06:30:00",3344,12.87,502,1,-0.482,-1.55,-2.36,-0.138,-0.21,-0.154,-0.254,64.45,64.19
"2024-08-05 07:00:00",3345,12.87,502,1,-0.458,-1.5,-2.21,-0.133,-0.197,-0.147,-0.245,64.75,62.98
"2024-08-05 07:30:00",3346,12.87,502,1,-0.419,-1.48,-1.91,-0.132,-0.17,-0.143,-0.222,65.07,62.31
"2024-08-05 08:00:00",3347,12.86,502,1,-0.264,-1.27,-0.84,-0.113,-0.075,-0.129,-0.129,65.93,65.82
"2024-08-05 08:30:00",3348,12.87,502,1,0.107,-0.8,1.77,-0.072,0.157,-0.088,0.091,67.82,64.65
"2024-08-05 09:00:00",3349,12.86,502,1,0.698,0.12,5.72,0.011,0.506,-99,0.407,-99,62.55
"2024-08-05 09:30:00",3350,12.86,502,1,1.204,0.77,9.25,0.068,0.819,0.039,0.701,69.85,57.11
"2024-08-05 10:00:00",3351,12.86,502,1,1.568,1.44,11.57,0.127,1.024,0.097,0.904,70.2,51.79
"2024-08-05 10:30:00",3352,12.87,502,1,2.305,2,17.14,0.177,1.161,0.141,1.056,69.2,47.46
"2024-08-05 11:00:00",3353,12.87,502,1,2.602,2.27,19.33,0.201,1.194,0.168,1.099,68.4,46.25
"2024-08-05 11:30:00",3354,12.87,502,1,3.103,3.26,22.45,0.289,1.247,-99,1.16,-99,44.49
"2024-08-05 12:00:00",3355,12.87,502,1,3.067,2.61,22.86,0.231,1.267,0.174,1.164,66.01,44.28
"2024-08-05 12:30:00",3356,12.87,502,1,3.018,2.33,22.75,0.206,1.25,0.168,1.153,67.15,44.33
"2024-08-05 13:00:00",3357,12.87,502,1,3.05,2.44,22.9,0.216,1.245,0.173,1.154,67.22,44.25
"2024-08-05 13:30:00",3358,12.87,502,1,2.864,2.13,21.68,0.189,1.228,0.147,1.128,66,44.95
"2024-08-05 14:00:00",3359,12.87,502,1,2.388,2.23,17.58,0.197,1.202,0.153,1.066,67.82,47.19
"2024-08-05 14:30:00",3360,12.87,502,1,1.595,1.39,11.85,0.123,1.049,0.083,0.919,67.85,50.96
"2024-08-05 15:00:00",3361,12.86,502,1,1.52,1.22,11.41,0.108,1.01,0.068,0.879,67.19,52.27
"2024-08-05 15:30:00",3362,12.86,502,1,1.465,1.11,11.07,0.098,0.98,0.066,0.838,68.63,53.3
"2024-08-05 16:00:00",3363,12.85,502,1,2.51,2.08,18.77,0.184,1.182,0.151,1.089,69.26,46.55
"2024-08-05 16:30:00",3364,12.86,502,1,2.445,1.93,18.39,0.171,1.193,0.136,1.087,68.5,46.77
"2024-08-05 17:00:00",3365,12.85,502,1,2.409,2.16,17.83,0.192,1.186,0.134,1.054,67,47.09
"2024-08-05 17:30:00",3366,12.85,502,1,2.262,1.84,16.95,0.163,1.162,0.121,1.038,66.79,47.55
"2024-08-05 18:00:00",3367,12.85,502,1,1.744,1.71,12.75,0.151,1.128,0.104,0.996,66.15,49.16
"2024-08-05 18:30:00",3368,12.84,502,1,1.258,0.83,9.64,0.073,0.853,0.034,0.724,66.73,55.4
"2024-08-05 19:00:00",3369,12.84,502,1,0.672,-0.12,5.76,-0.012,0.51,-0.041,0.41,66.31,60.23
"2024-08-05 19:30:00",3370,12.84,502,1,0.295,-0.65,3.18,-0.058,0.281,-0.082,0.199,66.32,63.72
"2024-08-05 20:00:00",3371,12.83,502,1,0.043,-1.04,1.49,-0.093,0.132,-0.112,0.06,63.66,64.39
"2024-08-05 20:30:00",3372,12.83,502,1,-0.124,-1.23,0.29,-0.11,0.025,-0.128,-0.037,64.5,63.41
"2024-08-05 21:00:00",3373,12.82,502,1,-0.23,-1.39,-0.42,-0.124,-0.038,-0.138,-0.101,63.46,63.09
"2024-08-05 21:30:00",3374,12.82,502,1,-0.287,-1.44,-0.85,-0.128,-0.076,-0.142,-0.129,63.42,62.48
"2024-08-05 22:00:00",3375,12.81,502,1,-0.325,-1.49,-1.11,-0.133,-0.099,-0.146,-0.147,64.44,62.25
"2024-08-05 22:30:00",3376,12.81,502,1,-0.356,-1.46,-1.4,-0.13,-0.125,-0.149,-0.172,65.3,61.19
"2024-08-05 23:00:00",3377,12.81,502,1,-0.367,-1.51,-1.44,-0.135,-0.128,-0.149,-0.182,63.79,63.27
"2024-08-05 23:30:00",3378,12.8,502,1,-0.391,-1.54,-1.61,-0.137,-0.143,-0.148,-0.194,63.99,64.05
"2024-08-06 00:00:00",3379,12.8,502,1,-0.389,-1.49,-1.65,-0.133,-0.147,-0.149,-0.2,64.29,62.68
"2024-08-06 00:30:00",3380,12.79,502,1,-0.404,-1.54,-1.72,-0.137,-0.153,-0.153,-0.206,65.54,64.6
"2024-08-06 01:00:00",3381,12.79,502,1,-0.408,-1.52,-1.77,-0.135,-0.157,-0.151,-0.204,64.79,63.44
"2024-08-06 01:30:00",3382,12.79,502,1,-0.439,-1.57,-1.98,-0.139,-0.176,-0.155,-0.226,63.85,62.91
"2024-08-06 02:00:00",3383,12.79,502,1,-0.428,-1.52,-1.94,-0.135,-0.172,-0.149,-0.222,64.32,63.23
"2024-08-06 02:30:00",3384,12.78,502,1,-0.44,-1.54,-2.02,-0.138,-0.179,-0.153,-0.222,64.56,62.54
"2024-08-06 03:00:00",3385,12.78,502,1,-0.439,-1.57,-1.98,-0.14,-0.176,-0.151,-0.229,63.69,63.59
"2024-08-06 03:30:00",3386,12.78,502,1,-0.444,-1.54,-2.05,-0.138,-0.182,-0.151,-0.238,63.79,63.01
"2024-08-06 04:00:00",3387,12.78,502,1,-0.425,-1.5,-1.94,-0.133,-0.173,-0.149,-0.225,64.72,61.55
"2024-08-06 04:30:00",3388,12.78,502,1,-0.427,-1.47,-1.99,-0.131,-0.177,-0.147,-0.227,64.15,62.12
"2024-08-06 05:00:00",3389,12.78,502,1,-0.44,-1.53,-2.03,-0.137,-0.181,-0.153,-0.23,63.69,63.17
"2024-08-06 05:30:00",3390,12.77,502,1,-0.44,-1.56,-2,-0.139,-0.178,-0.153,-0.228,64.49,63.29
"2024-08-06 06:00:00",3391,12.77,502,1,-0.434,-1.51,-2,-0.135,-0.178,-0.153,-0.228,63.98,62.88
"2024-08-06 06:30:00",3392,12.77,502,1,-0.395,-1.48,-1.71,-0.132,-0.152,-0.146,-0.205,63.42,62.75
"2024-08-06 07:00:00",3393,12.76,502,1,-0.277,-1.28,-0.94,-0.114,-0.084,-0.131,-0.136,65.21,63.02
"2024-08-06 07:30:00",3394,12.76,502,1,-0.124,-1.09,0.14,-0.098,0.013,-0.117,-0.046,66.22,63.36
"2024-08-06 08:00:00",3395,12.76,502,1,0.11,-0.8,1.79,-0.072,0.158,-0.093,0.085,67.2,64.19
"2024-08-06 08:30:00",3396,12.76,502,1,0.511,-0.22,4.52,-0.021,0.4,-0.045,0.301,68.37,64.68
"2024-08-06 09:00:00",3397,12.76,502,1,0.955,0.43,7.53,0.038,0.666,0.009,0.565,70.05,59.13
"2024-08-06 09:30:00",3398,12.76,502,1,1.287,0.88,9.83,0.078,0.87,0.05,0.74,69.58,56.16
"2024-08-06 10:00:00",3399,12.76,502,1,1.575,1.47,11.6,0.13,1.026,0.095,0.901,69.31,50.9
"2024-08-06 10:30:00",3400,12.76,502,1,2.044,1.9,15.06,0.168,1.118,0.137,1.006,71.54,48.55
"2024-08-06 11:00:00",3401,12.76,502,1,2.293,2.03,17,0.179,1.167,0.138,1.049,68.41,47.5
"2024-08-06 11:30:00",3402,12.76,502,1,2.503,1.95,18.85,0.173,1.216,0.137,1.107,67.82,46.51
"2024-08-06 12:00:00",3403,12.76,502,1,2.901,2.33,21.77,0.206,1.231,0.156,1.119,66.63,44.9
"2024-08-06 12:30:00",3404,12.76,502,1,2.767,2.34,20.64,0.207,1.233,0.157,1.11,65.59,45.52
"2024-08-06 13:00:00",3405,12.76,502,1,2.763,2.32,20.63,0.205,1.231,0.163,1.122,67.39,45.51
"2024-08-06 13:30:00",3406,12.76,502,1,3.08,2.34,23.26,0.207,1.243,0.158,1.136,66.06,44.07
"2024-08-06 14:00:00",3407,12.76,502,1,2.804,2.28,21.01,0.202,1.227,0.157,1.114,67.61,45.31
"2024-08-06 14:30:00",3408,12.76,502,1,3.004,2.25,22.72,0.199,1.224,0.155,1.132,67.74,44.36
"2024-08-06 15:00:00",3409,12.76,502,1,2.819,2.22,21.2,0.196,1.217,0.147,1.114,68.01,45.2
"2024-08-06 15:30:00",3410,12.76,502,1,2.732,2.07,20.64,0.183,1.197,0.145,1.09,67.5,45.51
"2024-08-06 16:00:00",3411,12.76,502,1,2.506,1.88,18.95,0.166,1.143,0.125,1.035,68.19,46.46
"2024-08-06 16:30:00",3412,12.75,502,1,2.063,1.85,15.27,0.163,1.139,0.122,1.02,66.7,48.46
"2024-08-06 17:00:00",3413,12.75,502,1,1.685,1.61,12.37,0.142,1.095,0.096,0.962,67.57,49.58
"2024-08-06 17:30:00",3414,12.75,502,1,1.499,1.15,11.31,0.101,1.001,0.058,0.854,67.69,53.44
"2024-08-06 18:00:00",3415,12.75,502,1,1.199,0.64,9.35,0.056,0.828,0.016,0.691,66.94,56.7
"2024-08-06 18:30:00",3416,12.74,502,1,0.602,-0.26,5.33,-0.023,0.472,-0.055,0.368,66.63,61.95
"2024-08-06 19:00:00",3417,12.74,502,1,0.2,-0.84,2.59,-0.076,0.23,-0.099,0.155,65.64,64.13
"2024-08-06 19:30:00",3418,12.73,502,1,-0.004,-1.14,1.2,-0.102,0.106,-0.121,0.037,64.64,64.12
"2024-08-06 20:00:00",3419,12.73,502,1,-0.172,-1.33,0,-0.119,0,-0.139,-0.062,63.36,63.67
"2024-08-06 20:30:00",3420,12.73,502,1,-0.231,-1.39,-0.43,-0.124,-0.039,-0.142,-0.109,63.36,63.1
"2024-08-06 21:00:00",3421,12.72,502,1,-0.284,-1.46,-0.8,-0.13,-0.072,-0.147,-0.125,65.01,62.83
"2024-08-06 21:30:00",3422,12.72,502,1,-0.347,-1.51,-1.27,-0.135,-0.114,-0.153,-0.165,64.25,63.89
"2024-08-06 22:00:00",3423,12.72,502,1,-0.377,-1.57,-1.46,-0.14,-0.13,-0.154,-0.181,64.98,63.62
"2024-08-06 22:30:00",3424,12.71,502,1,-0.378,-1.51,-1.53,-0.135,-0.137,-0.153,-0.191,64.23,61.89
"2024-08-06 23:00:00",3425,12.71,502,1,-0.401,-1.56,-1.67,-0.139,-0.149,-0.155,-0.197,64.11,63.59
"2024-08-06 23:30:00",3426,12.71,502,1,-0.414,-1.56,-1.78,-0.139,-0.159,-0.155,-0.209,64.23,63.29
"2024-08-07 00:00:00",3427,12.7,502,1,-0.417,-1.54,-1.83,-0.137,-0.163,-0.153,-0.211,63.5,61.58
"2024-08-07 00:30:00",3428,12.7,502,1,-0.444,-1.67,-1.91,-0.149,-0.17,-0.162,-0.218,63.1,62.16
"2024-08-07 01:00:00",3429,12.7,502,1,-0.45,-1.62,-2.02,-0.144,-0.18,-0.158,-0.23,64.02,62.1
"2024-08-07 01:30:00",3430,12.69,502,1,-0.463,-1.59,-2.16,-0.142,-0.192,-0.156,-0.242,64.21,63.27
"2024-08-07 02:00:00",3431,12.69,502,1,-0.446,-1.55,-2.06,-0.138,-0.183,-0.154,-0.233,64.28,62.67
"2024-08-07 02:30:00",3432,12.69,502,1,-0.474,-1.66,-2.17,-0.148,-0.193,-0.161,-0.239,63.87,62.25
"2024-08-07 03:00:00",3433,12.69,502,1,-0.47,-1.65,-2.15,-0.147,-0.191,-0.163,-0.237,63.75,60.74
"2024-08-07 03:30:00",3434,12.68,502,1,-0.458,-1.52,-2.19,-0.136,-0.194,-0.15,-0.245,64.42,63.64
"2024-08-07 04:00:00",3435,12.68,502,1,-0.477,-1.65,-2.21,-0.147,-0.196,-0.161,-0.246,63.8,63.54
"2024-08-07 04:30:00",3436,12.68,502,1,-0.457,-1.52,-2.18,-0.135,-0.194,-0.152,-0.241,63.14,63.45
"2024-08-07 05:00:00",3437,12.68,502,1,-0.467,-1.6,-2.18,-0.143,-0.194,-0.159,-0.244,64.26,63.17
"2024-08-07 05:30:00",3438,12.68,502,1,-0.463,-1.57,-2.18,-0.14,-0.194,-0.154,-0.244,64.9,62.04
"2024-08-07 06:00:00",3439,12.67,502,1,-0.467,-1.57,-2.21,-0.14,-0.197,-0.154,-0.244,64.12,63.03
"2024-08-07 06:30:00",3440,12.67,502,1,-0.447,-1.52,-2.1,-0.135,-0.187,-0.149,-0.238,63.99,62.64
"2024-08-07 07:00:00",3441,12.67,502,1,-0.426,-1.5,-1.95,-0.133,-0.173,-0.147,-0.224,64.18,63.09
"2024-08-07 07:30:00",3442,12.67,502,1,-0.372,-1.42,-1.58,-0.126,-0.141,-0.143,-0.199,64.98,63.78
"2024-08-07 08:00:00",3443,12.67,502,1,-0.302,-1.37,-1.05,-0.123,-0.094,-0.134,-0.144,64.9,63.13
"2024-08-07 08:30:00",3444,12.66,502,1,-0.229,-1.24,-0.58,-0.11,-0.052,-0.129,-0.103,66.08,64.31
"2024-08-07 09:00:00",3445,12.66,502,1,-0.064,-1,0.54,-0.09,0.048,-0.104,-0.012,67.58,64.98
"2024-08-07 09:30:00",3446,12.67,502,1,0.566,-0.17,4.93,-0.016,0.437,-0.038,0.341,68.28,63.85
"2024-08-07 10:00:00",3447,12.66,502,1,1.088,0.64,8.42,0.057,0.745,0.029,0.622,69.49,57.74
"2024-08-07 10:30:00",3448,12.66,502,1,1.323,0.97,10.03,0.086,0.887,0.057,0.759,69.65,55.41
"2024-08-07 11:00:00",3449,12.67,502,1,1.405,1.12,10.55,0.099,0.934,0.065,0.799,69.18,53.43
"2024-08-07 11:30:00",3450,12.66,502,1,1.203,0.79,9.22,0.07,0.816,0.034,0.681,67.69,57.19
"2024-08-07 12:00:00",3451,12.66,502,1,2.012,1.83,14.87,0.162,1.139,0.118,1.02,68.07,48.67
"2024-08-07 12:30:00",3452,12.66,502,1,2.308,2.04,17.12,0.18,1.171,0.137,1.054,67.55,47.47
"2024-08-07 13:00:00",3453,12.66,502,1,1.557,1.47,11.45,0.13,1.014,0.087,0.871,69.82,51.83
"2024-08-07 13:30:00",3454,12.66,502,1,1.131,0.68,8.74,0.06,0.774,0.01,0.638,64.72,57.13
"2024-08-07 14:00:00",3455,12.66,502,1,0.014,-0.93,1.13,-0.084,0.1,-0.106,0.019,64.16,62.23
"2024-08-07 14:30:00",3456,12.65,502,1,-0.163,-0.99,-0.3,-0.089,-0.028,-0.111,-0.102,63.93,60.24
"2024-08-07 15:00:00",3457,12.65,502,1,-0.308,-1.31,-1.16,-0.116,-0.104,-0.133,-0.164,63.34,63.08
"2024-08-07 15:30:00",3458,12.64,502,1,-0.4,-1.57,-1.65,-0.14,-0.147,-0.158,-0.202,62.06,61.54
"2024-08-07 16:00:00",3459,12.64,502,1,-0.42,-1.53,-1.86,-0.136,-0.165,-0.15,-0.22,63.45,63.35
"2024-08-07 16:30:00",3460,12.63,502,1,-0.43,-1.51,-1.97,-0.135,-0.175,-0.151,-0.226,63.26,62.32
"2024-08-07 17:00:00",3461,12.63,502,1,-0.442,-1.63,-1.94,-0.146,-0.173,-0.162,-0.224,63.65,63.96
"2024-08-07 17:30:00",3462,12.63,502,1,-0.421,-1.52,-1.88,-0.136,-0.167,-0.15,-0.215,64.92,63.72
"2024-08-07 18:00:00",3463,12.63,502,1,-0.447,-1.54,-2.08,-0.137,-0.185,-0.151,-0.232,64.76,63.26
"2024-08-07 18:30:00",3464,12.63,502,1,-0.467,-1.58,-2.2,-0.141,-0.196,-0.152,-0.24,64.38,63.86
"2024-08-07 19:00:00",3465,12.62,502,1,-0.47,-1.53,-2.28,-0.136,-0.203,-0.148,-0.253,63.9,61.3
"2024-08-07 19:30:00",3466,12.62,502,1,-0.478,-1.55,-2.33,-0.138,-0.207,-0.15,-0.254,63.59,63.33
"2024-08-07 20:00:00",3467,12.62,502,1,-0.472,-1.54,-2.29,-0.137,-0.204,-0.151,-0.254,62.94,64.76
"2024-08-07 20:30:00",3468,12.62,502,1,-0.48,-1.56,-2.33,-0.139,-0.207,-0.153,-0.258,63.66,64.39
"2024-08-07 21:00:00",3469,12.61,502,1,-0.479,-1.52,-2.37,-0.135,-0.21,-0.152,-0.261,64.46,63.11
"2024-08-07 21:30:00",3470,12.61,502,1,-0.481,-1.47,-2.44,-0.131,-0.216,-0.15,-0.267,63.15,63.2
"2024-08-07 22:00:00",3471,12.61,502,1,-0.49,-1.5,-2.48,-0.134,-0.22,-0.148,-0.261,64.42,63.9
"2024-08-07 22:30:00",3472,12.61,502,1,-0.485,-1.5,-2.44,-0.134,-0.217,-0.148,-0.264,63.27,63.16
"2024-08-07 23:00:00",3473,12.61,502,1,-0.483,-1.51,-2.41,-0.134,-0.214,-0.151,-0.258,63.85,64
"2024-08-07 23:30:00",3474,12.6,502,1,-0.48,-1.47,-2.43,-0.131,-0.216,-0.15,-0.27,64.01,61.41
"2024-08-08 00:00:00",3475,12.6,502,1,-0.489,-1.51,-2.46,-0.134,-0.219,-0.149,-0.269,64.08,63.56
"2024-08-08 00:30:00",3476,12.6,502,1,-0.479,-1.51,-2.38,-0.134,-0.212,-0.151,-0.262,63.91,63.55
"2024-08-08 01:00:00",3477,12.6,502,1,-0.483,-1.44,-2.49,-0.128,-0.221,-0.145,-0.271,64.18,63.5
"2024-08-08 01:30:00",3478,12.59,502,1,-0.486,-1.47,-2.48,-0.131,-0.22,-0.145,-0.267,64.25,62.48
"2024-08-08 02:00:00",3479,12.59,502,1,-0.493,-1.5,-2.51,-0.134,-0.223,-0.146,-0.271,65.14,63.64
"2024-08-08 02:30:00",3480,12.59,502,1,-0.486,-1.47,-2.48,-0.131,-0.22,-0.146,-0.271,64.55,64.6
"2024-08-08 03:00:00",3481,12.59,502,1,-0.492,-1.47,-2.53,-0.131,-0.225,-0.146,-0.265,64.67,62.32
"2024-08-08 03:30:00",3482,12.59,502,1,-0.48,-1.46,-2.44,-0.13,-0.217,-0.147,-0.268,65.34,62.73
"2024-08-08 04:00:00",3483,12.59,502,1,-0.493,-1.5,-2.51,-0.134,-0.223,-0.148,-0.266,65.24,64.04
"2024-08-08 04:30:00",3484,12.58,502,1,-0.486,-1.44,-2.51,-0.128,-0.223,-0.14,-0.274,64.27,64.43
"2024-08-08 05:00:00",3485,12.58,502,1,-0.486,-1.44,-2.51,-0.129,-0.223,-0.143,-0.274,65.69,64.19
"2024-08-08 05:30:00",3486,12.58,502,1,-0.486,-1.47,-2.48,-0.131,-0.22,-0.145,-0.271,63.64,62.45
"2024-08-08 06:00:00",3487,12.58,502,1,-0.481,-1.44,-2.47,-0.128,-0.219,-0.143,-0.267,65.15,63.8
"2024-08-08 06:30:00",3488,12.58,502,1,-0.471,-1.39,-2.44,-0.124,-0.216,-0.139,-0.267,65.11,63.91
"2024-08-08 07:00:00",3489,12.58,502,1,-0.478,-1.45,-2.44,-0.129,-0.216,-0.141,-0.267,64.65,63.56
"2024-08-08 07:30:00",3490,12.57,502,1,-0.473,-1.41,-2.44,-0.126,-0.217,-0.141,-0.262,64.59,64.23
"2024-08-08 08:00:00",3491,12.57,502,1,-0.47,-1.4,-2.42,-0.125,-0.215,-0.14,-0.265,64.98,65.03
"2024-08-08 08:30:00",3492,12.57,502,1,-0.455,-1.4,-2.3,-0.125,-0.205,-0.142,-0.25,64.54,64.86
"2024-08-08 09:00:00",3493,12.57,502,1,-0.457,-1.45,-2.26,-0.129,-0.201,-0.146,-0.253,63.46,64.03
"2024-08-08 09:30:00",3494,12.57,502,1,-0.426,-1.33,-2.13,-0.119,-0.189,-0.134,-0.241,63.6,64.49
"2024-08-08 10:00:00",3495,12.56,502,1,-0.271,-1.17,-1.01,-0.104,-0.09,-0.124,-0.151,65.93,65.41
"2024-08-08 10:30:00",3496,12.56,502,1,-0.216,-1.13,-0.59,-0.101,-0.053,-0.116,-0.112,65.32,63.97
"2024-08-08 11:00:00",3497,12.56,502,1,-0.335,-1.19,-1.52,-0.106,-0.136,-0.121,-0.186,64.65,64.97
"2024-08-08 11:30:00",3498,12.56,502,1,-0.42,-1.36,-2.05,-0.121,-0.182,-0.136,-0.228,64.53,63.75
"2024-08-08 12:00:00",3499,12.56,502,1,-0.442,-1.36,-2.23,-0.122,-0.199,-0.136,-0.25,63.49,65.05
"2024-08-08 12:30:00",3500,12.56,502,1,-0.454,-1.38,-2.31,-0.123,-0.205,-0.135,-0.253,64.89,62.71
"2024-08-08 13:00:00",3501,12.56,502,1,-0.47,-1.42,-2.4,-0.126,-0.213,-0.139,-0.264,64.49,63.55
"2024-08-08 13:30:00",3502,12.55,502,1,-0.46,-1.39,-2.35,-0.123,-0.209,-0.141,-0.257,65.28,65.33
"2024-08-08 14:00:00",3503,12.55,502,1,-0.381,-1.26,-1.83,-0.112,-0.163,-0.129,-0.215,64.79,63.7
"2024-08-08 14:30:00",3504,12.55,502,1,-0.313,-1.22,-1.3,-0.109,-0.116,-0.124,-0.166,65.42,64.49
"2024-08-08 15:00:00",3505,12.55,502,1,-0.22,-1.06,-0.7,-0.095,-0.063,-0.117,-0.115,65.52,65.98
"2024-08-08 15:30:00",3506,12.55,502,1,-0.163,-1.07,-0.21,-0.096,-0.02,-0.118,-0.076,65.28,64.34
"2024-08-08 16:00:00",3507,12.55,502,1,-0.19,-1.07,-0.44,-0.095,-0.04,-0.115,-0.093,64.8,64.13
"2024-08-08 16:30:00",3508,12.55,502,1,-0.213,-1.07,-0.63,-0.095,-0.057,-0.115,-0.115,65.15,63.64
"2024-08-08 17:00:00",3509,12.54,502,1,-0.282,-1.15,-1.12,-0.103,-0.1,-0.12,-0.155,66.42,62.98
"2024-08-08 17:30:00",3510,12.54,502,1,-0.344,-1.24,-1.54,-0.111,-0.138,-0.128,-0.188,65.01,65.06
"2024-08-08 18:00:00",3511,12.54,502,1,-0.395,-1.32,-1.88,-0.118,-0.168,-0.135,-0.22,63.6,65.16
"2024-08-08 18:30:00",3512,12.54,502,1,-0.409,-1.32,-2,-0.117,-0.177,-0.135,-0.227,64.43,64.58
"2024-08-08 19:00:00",3513,12.53,502,1,-0.427,-1.35,-2.12,-0.12,-0.188,-0.135,-0.241,64.11,63.17
"2024-08-08 19:30:00",3514,12.53,502,1,-0.442,-1.39,-2.2,-0.124,-0.196,-0.138,-0.248,64.49,63.82
"2024-08-08 20:00:00",3515,12.53,502,1,-0.458,-1.41,-2.31,-0.126,-0.205,-0.14,-0.257,64.38,65.26
"2024-08-08 20:30:00",3516,12.53,502,1,-0.469,-1.41,-2.4,-0.126,-0.213,-0.143,-0.262,64.91,63.55
"2024-08-08 21:00:00",3517,12.52,502,1,-0.465,-1.38,-2.4,-0.123,-0.213,-0.14,-0.258,65.06,63.71
"2024-08-08 21:30:00",3518,12.52,502,1,-0.474,-1.38,-2.48,-0.123,-0.22,-0.141,-0.264,63.44,63.33
"2024-08-08 22:00:00",3519,12.52,502,1,-0.471,-1.44,-2.39,-0.128,-0.213,-0.14,-0.264,63.93,63.98
"2024-08-08 22:30:00",3520,12.52,502,1,-0.469,-1.41,-2.4,-0.126,-0.213,-0.143,-0.261,65.37,64.69
"2024-08-08 23:00:00",3521,12.52,502,1,-0.471,-1.39,-2.44,-0.124,-0.217,-0.142,-0.259,63.63,63.52
"2024-08-08 23:30:00",3522,12.52,502,1,-0.476,-1.44,-2.43,-0.128,-0.216,-0.143,-0.261,64.25,63.31
"2024-08-09 00:00:00",3523,12.51,502,1,-0.472,-1.41,-2.43,-0.126,-0.216,-0.145,-0.268,65.16,63.65
"2024-08-09 00:30:00",3524,12.51,502,1,-0.471,-1.45,-2.38,-0.129,-0.212,-0.142,-0.26,64.35,63.83
"2024-08-09 01:00:00",3525,12.51,502,1,-0.472,-1.41,-2.43,-0.126,-0.216,-0.138,-0.258,64.69,64.17
"2024-08-09 01:30:00",3526,12.51,502,1,-0.453,-1.4,-2.28,-0.125,-0.203,-0.135,-0.242,64.5,63.57
"2024-08-09 02:00:00",3527,12.51,502,1,-0.475,-1.44,-2.42,-0.128,-0.215,-0.145,-0.26,63.77,62.67
"2024-08-09 02:30:00",3528,12.5,502,1,-0.471,-1.46,-2.37,-0.13,-0.21,-0.145,-0.259,63.98,64.29
"2024-08-09 03:00:00",3529,12.5,502,1,-0.459,-1.43,-2.3,-0.128,-0.204,-0.14,-0.25,65.37,63.76
"2024-08-09 03:30:00",3530,12.5,502,1,-0.447,-1.41,-2.22,-0.126,-0.198,-0.143,-0.243,65.39,64.87
"2024-08-09 04:00:00",3531,12.5,502,1,-0.452,-1.41,-2.26,-0.125,-0.201,-0.138,-0.244,65.49,62.63
"2024-08-09 04:30:00",3532,12.5,502,1,-0.434,-1.41,-2.11,-0.126,-0.188,-0.138,-0.23,64.09,64.82
"2024-08-09 05:00:00",3533,12.5,502,1,-0.429,-1.41,-2.07,-0.126,-0.184,-0.143,-0.23,64.54,63.45
"2024-08-09 05:30:00",3534,12.5,502,1,-0.395,-1.32,-1.88,-0.118,-0.168,-0.13,-0.22,65.2,64.52
"2024-08-09 06:00:00",3535,12.5,502,1,-0.383,-1.33,-1.77,-0.118,-0.157,-0.131,-0.213,63.48,65.72
"2024-08-09 06:30:00",3536,12.5,502,1,-0.314,-1.21,-1.32,-0.108,-0.117,-0.125,-0.165,65.48,64.7
"2024-08-09 07:00:00",3537,12.49,502,1,-0.116,-1.04,0.15,-0.093,0.013,-0.113,-0.045,67.16,64.98
"2024-08-09 07:30:00",3538,12.49,502,1,0.011,-0.85,1.02,-0.076,0.09,-0.096,0.026,65.19,64.67
"2024-08-09 08:00:00",3539,12.49,502,1,0,-0.83,0.9,-0.074,0.08,-0.094,0.026,64.45,66.43
"2024-08-09 08:30:00",3540,12.49,502,1,0.211,-0.57,2.39,-0.051,0.211,-0.077,0.139,66.71,64.95
"2024-08-09 09:00:00",3541,12.49,502,1,0.698,0.05,5.79,0.005,0.512,-0.023,0.403,68.33,62.97
"2024-08-09 09:30:00",3542,12.49,502,1,1.282,0.95,9.71,0.084,0.859,0.047,0.717,69.98,60.98
"2024-08-09 10:00:00",3543,12.49,502,1,1.349,1.1,10.11,0.097,0.895,0.06,0.76,70,54.92
"2024-08-09 10:30:00",3544,12.49,502,1,1.42,1.25,10.54,0.111,0.933,0.071,0.792,68.28,54.7
"2024-08-09 11:00:00",3545,12.49,502,1,1.545,1.55,11.26,0.137,0.997,0.105,0.862,70.36,52.62
"2024-08-09 11:30:00",3546,12.48,502,1,1.693,1.76,12.27,0.156,1.086,0.112,0.926,68.92,52.18
"2024-08-09 12:00:00",3547,12.48,502,1,1.713,1.76,12.44,0.156,1.101,0.112,0.951,67.47,50.89
"2024-08-09 12:30:00",3548,12.48,502,1,1.632,1.57,11.97,0.139,1.06,0.1,0.926,68.15,50.74
"2024-08-09 13:00:00",3549,12.48,502,1,1.284,1.01,9.66,0.089,0.855,0.052,0.706,67.99,56.24
"2024-08-09 13:30:00",3550,12.48,502,1,1.431,1.22,10.66,0.108,0.944,0.07,0.785,69.16,54.08
"2024-08-09 14:00:00",3551,12.47,502,1,1.533,1.42,11.3,0.126,1,0.088,0.85,69.64,53.88
"2024-08-09 14:30:00",3552,12.47,502,1,1.759,1.9,12.67,0.168,1.122,0.129,0.976,69.35,49.96
"2024-08-09 15:00:00",3553,12.47,502,1,2.176,2.11,15.94,0.187,1.184,0.146,1.074,67.9,48.09
"2024-08-09 15:30:00",3554,12.47,502,1,1.54,1.43,11.35,0.126,1.005,0.085,0.869,67.58,52.08
"2024-08-09 16:00:00",3555,12.47,502,1,0.775,0.14,6.34,0.013,0.562,-0.025,0.43,65.84,60.59
"2024-08-09 16:30:00",3556,12.46,502,1,0.721,0.08,5.95,0.007,0.526,-0.019,0.426,68.83,60.83
"2024-08-09 17:00:00",3557,12.46,502,1,1.156,0.72,8.9,0.064,0.788,0.026,0.66,67.33,56.67
"2024-08-09 17:30:00",3558,12.46,502,1,0.939,0.33,7.51,0.03,0.664,0,0.541,67.16,59.41
"2024-08-09 18:00:00",3559,12.46,502,1,0.482,-0.21,4.27,-0.02,0.378,-0.048,0.281,67.28,63.43
"2024-08-09 18:30:00",3560,12.46,502,1,0.152,-0.74,2.08,-0.067,0.184,-0.09,0.112,65.64,64.96
"2024-08-09 19:00:00",3561,12.45,502,1,0.069,-0.83,1.48,-0.075,0.131,-0.095,0.071,65.38,63.19
"2024-08-09 19:30:00",3562,12.45,502,1,-0.056,-1,0.61,-0.089,0.054,-0.107,-0.007,65.09,64.83
"2024-08-09 20:00:00",3563,12.45,502,1,-0.181,-1.2,-0.22,-0.107,-0.02,-0.127,-0.078,64.59,63.65
"2024-08-09 20:30:00",3564,12.44,502,1,-0.269,-1.32,-0.83,-0.117,-0.075,-0.13,-0.124,65.78,63.85
"2024-08-09 21:00:00",3565,12.44,502,1,-0.336,-1.37,-1.33,-0.123,-0.119,-0.137,-0.17,65,61.99
"2024-08-09 21:30:00",3566,12.44,502,1,-0.367,-1.39,-1.57,-0.124,-0.139,-0.137,-0.187,65.47,64.95
"2024-08-09 22:00:00",3567,12.44,502,1,-0.388,-1.45,-1.68,-0.129,-0.149,-0.146,-0.194,63.89,62.95
"2024-08-09 22:30:00",3568,12.43,502,1,-0.384,-1.42,-1.68,-0.127,-0.149,-0.142,-0.194,63.64,63.12
"2024-08-09 23:00:00",3569,12.43,502,1,-0.391,-1.4,-1.76,-0.125,-0.156,-0.137,-0.2,65.32,64.23
"2024-08-09 23:30:00",3570,12.43,502,1,-0.4,-1.4,-1.84,-0.125,-0.164,-0.142,-0.217,64.97,64.86
"2024-08-10 00:00:00",3571,12.43,502,1,-0.422,-1.49,-1.92,-0.133,-0.171,-0.148,-0.218,63.86,64.59
"2024-08-10 00:30:00",3572,12.43,502,1,-0.406,-1.4,-1.89,-0.125,-0.168,-0.14,-0.218,64.48,64.37
"2024-08-10 01:00:00",3573,12.42,502,1,-0.417,-1.44,-1.94,-0.128,-0.172,-0.143,-0.222,64.36,63.17
"2024-08-10 01:30:00",3574,12.42,502,1,-0.409,-1.45,-1.86,-0.129,-0.165,-0.144,-0.213,63.7,63.02
"2024-08-10 02:00:00",3575,12.42,502,1,-0.403,-1.44,-1.82,-0.128,-0.162,-0.141,-0.207,63.11,63.01
"2024-08-10 02:30:00",3576,12.41,502,1,-0.421,-1.44,-1.97,-0.128,-0.175,-0.143,-0.225,63.78,63.1
"2024-08-10 03:00:00",3577,12.41,502,1,-0.425,-1.43,-2.01,-0.128,-0.179,-0.143,-0.225,63.68,63.84
"2024-08-10 03:30:00",3578,12.41,502,1,-0.433,-1.47,-2.04,-0.131,-0.182,-0.148,-0.232,64.26,63.48
"2024-08-10 04:00:00",3579,12.41,502,1,-0.435,-1.47,-2.05,-0.131,-0.182,-0.148,-0.229,63.49,61.72
"2024-08-10 04:30:00",3580,12.41,502,1,-0.448,-1.47,-2.16,-0.131,-0.192,-0.14,-0.236,63.8,63.44
"2024-08-10 05:00:00",3581,12.4,502,1,-0.445,-1.44,-2.17,-0.128,-0.193,-0.143,-0.24,65.05,63.43
"2024-08-10 05:30:00",3582,12.4,502,1,-0.453,-1.42,-2.26,-0.126,-0.201,-0.142,-0.244,63.8,63.28
"2024-08-10 06:00:00",3583,12.4,502,1,-0.461,-1.48,-2.26,-0.132,-0.201,-0.15,-0.251,64.86,64.92
"2024-08-10 06:30:00",3584,12.4,502,1,-0.461,-1.46,-2.28,-0.13,-0.203,-0.145,-0.253,64.33,62.41
"2024-08-10 07:00:00",3585,12.39,502,1,-0.474,-1.47,-2.38,-0.131,-0.212,-0.146,-0.258,63.64,63.12
"2024-08-10 07:30:00",3586,12.39,502,1,-0.308,-1.32,-1.15,-0.117,-0.103,-0.133,-0.159,64.58,65.31
"2024-08-10 08:00:00",3587,12.39,502,1,-0.174,-1.18,-0.18,-0.105,-0.017,-0.123,-0.072,65,65.16
"2024-08-10 08:30:00",3588,12.39,502,1,-0.057,-0.98,0.58,-0.088,0.051,-0.106,-0.007,65.86,64.09
"2024-08-10 09:00:00",3589,12.39,502,1,0.703,0.11,5.77,0.01,0.511,-0.019,0.411,68.8,61.05
"2024-08-10 09:30:00",3590,12.38,502,1,1.405,1.06,10.62,0.093,0.94,0.058,0.806,69.25,54.33
"2024-08-10 10:00:00",3591,12.38,502,1,2.157,1.88,16.03,0.166,1.177,0.127,1.05,67.12,48.04
"2024-08-10 10:30:00",3592,12.38,502,1,2.537,2.14,18.93,0.189,1.209,0.149,1.09,68.79,46.48
"2024-08-10 11:00:00",3593,12.38,502,1,2.886,2.17,21.82,0.192,1.229,0.161,1.154,67.86,44.87
"2024-08-10 11:30:00",3594,12.38,502,1,3.173,2.13,24.27,0.188,1.253,0.153,1.174,65.81,43.51
"2024-08-10 12:00:00",3595,12.38,502,1,3.281,2.57,24.69,0.228,1.278,0.181,1.199,67.51,43.28
"2024-08-10 12:30:00",3596,12.38,502,1,3.082,2.5,23.1,0.221,1.274,0.178,1.176,67.96,44.14
"2024-08-10 13:00:00",3597,12.39,502,1,3.454,2.7,26,0.239,1.308,0.19,1.219,66.38,42.57
"2024-08-10 13:30:00",3598,12.39,502,1,3.385,2.64,25.49,0.234,1.302,0.181,1.22,64.97,42.83
"2024-08-10 14:00:00",3599,12.39,502,1,3.352,2.64,25.21,0.234,1.28,0.189,1.213,66.8,42.98
"2024-08-10 14:30:00",3600,12.39,502,1,3.358,2.59,25.32,0.229,1.265,0.189,1.202,66.73,42.92
"2024-08-10 15:00:00",3601,12.39,502,1,3.299,2.41,25.02,0.214,1.258,0.171,1.197,67.32,43.09
"2024-08-10 15:30:00",3602,12.39,502,1,3.083,2.3,23.33,0.204,1.236,0.162,1.168,66.99,44.02
"2024-08-10 16:00:00",3603,12.39,502,1,2.965,2.19,22.46,0.194,1.226,0.153,1.156,65.39,44.49
"2024-08-10 16:30:00",3604,12.38,502,1,2.079,1.83,15.43,0.162,1.14,0.11,1.012,65.97,48.4
"2024-08-10 17:00:00",3605,12.38,502,1,1.657,1.4,12.36,0.124,1.094,0.087,0.973,66.72,49.71
"2024-08-10 17:30:00",3606,12.38,502,1,1.582,1.38,11.75,0.122,1.04,0.08,0.897,66.81,52.15
"2024-08-10 18:00:00",3607,12.37,502,1,1.385,0.96,10.56,0.085,0.935,0.044,0.792,66.2,54.18
"2024-08-10 18:30:00",3608,12.37,502,1,0.901,0.17,7.36,0.015,0.651,-0.012,0.531,65.59,59.25
"2024-08-10 19:00:00",3609,12.37,502,1,0.37,-0.53,3.68,-0.048,0.325,-0.072,0.237,64.69,61.52
"2024-08-10 19:30:00",3610,12.36,502,1,0.078,-0.97,1.71,-0.087,0.151,-0.11,0.076,64.53,63.18
"2024-08-10 20:00:00",3611,12.36,502,1,-0.127,-1.17,0.2,-0.105,0.018,-0.123,-0.047,63.95,63.59
"2024-08-10 20:30:00",3612,12.35,502,1,-0.243,-1.35,-0.58,-0.12,-0.052,-0.138,-0.111,63.53,62.59
"2024-08-10 21:00:00",3613,12.35,502,1,-0.305,-1.39,-1.05,-0.124,-0.094,-0.142,-0.151,63.84,63.48
"2024-08-10 21:30:00",3614,12.34,502,1,-0.35,-1.48,-1.33,-0.132,-0.119,-0.147,-0.165,64.15,64.46
"2024-08-10 22:00:00",3615,12.34,502,1,-0.355,-1.48,-1.37,-0.132,-0.122,-0.147,-0.172,63.65,63.13
"2024-08-10 22:30:00",3616,12.34,502,1,-0.377,-1.42,-1.62,-0.126,-0.144,-0.139,-0.197,63.31,62.94
"2024-08-10 23:00:00",3617,12.33,502,1,-0.398,-1.43,-1.79,-0.128,-0.159,-0.146,-0.207,62.74,63.05
"2024-08-10 23:30:00",3618,12.33,502,1,-0.415,-1.46,-1.9,-0.13,-0.169,-0.145,-0.225,63.15,62.89
"2024-08-11 00:00:00",3619,12.32,502,1,-0.429,-1.49,-1.98,-0.133,-0.177,-0.148,-0.225,64.71,62.78
"2024-08-11 00:30:00",3620,12.32,502,1,-0.425,-1.47,-1.97,-0.131,-0.175,-0.144,-0.227,64.6,63.25
"2024-08-11 01:00:00",3621,12.32,502,1,-0.432,-1.45,-2.05,-0.129,-0.182,-0.142,-0.23,64.86,63.66
"2024-08-11 01:30:00",3622,12.31,502,1,-0.435,-1.51,-2.01,-0.135,-0.178,-0.147,-0.223,64.9,63.81
"2024-08-11 02:00:00",3623,12.31,502,1,-0.403,-1.8,-1.43,-0.16,-0.127,-0.171,-0.17,59.9,61.73
"2024-08-11 02:30:00",3624,12.31,502,1,-0.46,-1.51,-2.22,-0.135,-0.197,-0.15,-0.248,63.19,60.59
"2024-08-11 03:00:00",3625,12.3,502,1,-0.417,-1.29,-2.1,-0.115,-0.187,-0.128,-0.242,63.51,62.41
"2024-08-11 03:30:00",3626,12.3,502,1,-0.469,-1.46,-2.35,-0.13,-0.209,-0.145,-0.257,63.26,62.48
"2024-08-11 04:00:00",3627,12.29,502,1,-0.465,-1.5,-2.27,-0.134,-0.201,-0.149,-0.25,63.81,62.2
"2024-08-11 04:30:00",3628,12.29,502,1,-0.453,-1.42,-2.26,-0.127,-0.201,-0.142,-0.249,63.76,64.07
"2024-08-11 05:00:00",3629,12.29,502,1,-0.454,-1.44,-2.25,-0.128,-0.2,-0.139,-0.251,64.35,63.42
"2024-08-11 05:30:00",3630,12.28,502,1,-0.463,-1.44,-2.32,-0.128,-0.206,-0.141,-0.251,64.12,62.51
"2024-08-11 06:00:00",3631,12.28,502,1,-0.467,-1.53,-2.26,-0.136,-0.201,-0.151,-0.253,63.09,63.4
"2024-08-11 06:30:00",3632,12.28,502,1,-0.463,-1.49,-2.27,-0.133,-0.201,-0.146,-0.246,63.92,62.98
"2024-08-11 07:00:00",3633,12.28,502,1,-0.472,-1.5,-2.33,-0.134,-0.207,-0.144,-0.255,66.4,62.55
"2024-08-11 07:30:00",3634,12.27,502,1,-0.465,-1.43,-2.35,-0.127,-0.209,-0.138,-0.253,65.1,63.33
"2024-08-11 08:00:00",3635,12.27,502,1,-0.466,-1.44,-2.35,-0.128,-0.209,-0.141,-0.257,65.08,64.14
"2024-08-11 08:30:00",3636,12.27,502,1,-0.235,-1.18,-0.69,-0.105,-0.062,-0.116,-0.106,67.07,65.04
"2024-08-11 09:00:00",3637,12.27,502,1,-0.287,-1.25,-1.05,-0.112,-0.094,-0.127,-0.141,65.67,66.82
"2024-08-11 09:30:00",3638,12.27,502,1,0.472,-0.42,4.41,-0.038,0.39,-0.06,0.306,66,65.06
"2024-08-11 10:00:00",3639,12.27,502,1,1.159,0.69,8.96,0.061,0.793,0.034,0.675,69.36,57.44
"2024-08-11 10:30:00",3640,12.27,502,1,1.369,1.01,10.37,0.09,0.917,0.059,0.805,69.49,54.39
"2024-08-11 11:00:00",3641,12.27,502,1,1.853,1.73,13.64,0.153,1.129,0.121,1.009,69.22,49.28
"2024-08-11 11:30:00",3642,12.27,502,1,2.33,2.08,17.26,0.184,1.194,0.156,1.077,69.3,47.39
"2024-08-11 12:00:00",3643,12.27,502,1,2.828,2.37,21.12,0.209,1.259,0.166,1.161,67.58,45.25
"2024-08-11 12:30:00",3644,12.27,502,1,3.128,2.47,23.52,0.218,1.289,0.174,1.189,66.64,43.9
"2024-08-11 13:00:00",3645,12.27,502,1,3.591,2.68,27.17,0.237,1.316,0.195,1.247,67.25,41.92
"2024-08-11 13:30:00",3646,12.28,502,1,3.378,2.69,25.38,0.238,1.314,0.191,1.218,68.13,42.9
"2024-08-11 14:00:00",3647,12.28,502,1,3.461,2.55,26.22,0.225,1.285,0.19,1.225,66.92,42.42
"2024-08-11 14:30:00",3648,12.28,502,1,3.187,2.53,23.95,0.224,1.278,0.178,1.199,66.39,43.67
"2024-08-11 15:00:00",3649,12.28,502,1,3.075,2.46,23.09,0.218,1.254,0.176,1.17,68.38,44.14
"2024-08-11 15:30:00",3650,12.27,502,1,2.776,2.13,20.94,0.188,1.211,0.151,1.135,67.49,45.33
"2024-08-11 16:00:00",3651,12.28,502,1,2.775,2.19,20.87,0.194,1.209,0.15,1.11,66.96,45.38
"2024-08-11 16:30:00",3652,12.27,502,1,2.319,1.98,17.28,0.176,1.186,0.135,1.079,67.44,47.37
"2024-08-11 17:00:00",3653,12.27,502,1,2.043,1.77,15.19,0.157,1.156,0.114,1.033,66.78,48.52
"2024-08-11 17:30:00",3654,12.27,502,1,1.735,1.65,12.74,0.146,1.127,0.1,0.989,66.37,48.79
"2024-08-11 18:00:00",3655,12.27,502,1,1.546,1.22,11.63,0.108,1.029,0.065,0.883,66.58,51.91
"2024-08-11 18:30:00",3656,12.26,502,1,0.956,0.32,7.66,0.028,0.678,-0.008,0.554,66.1,58.51
"2024-08-11 19:00:00",3657,12.26,502,1,0.422,-0.43,4,-0.039,0.354,-0.063,0.262,66.3,63.02
"2024-08-11 19:30:00",3658,12.25,502,1,0.074,-0.9,1.6,-0.08,0.142,-0.099,0.068,65.73,62.97
"2024-08-11 20:00:00",3659,12.25,502,1,-0.162,-1.23,-0.03,-0.109,-0.004,-0.128,-0.062,64.18,65.07
"2024-08-11 20:30:00",3660,12.24,502,1,-0.283,-1.38,-0.88,-0.123,-0.079,-0.138,-0.134,63.57,62.38
"2024-08-11 21:00:00",3661,12.24,502,1,-0.335,-1.39,-1.3,-0.124,-0.116,-0.137,-0.167,63.17,62.65
"2024-08-11 21:30:00",3662,12.23,502,1,-0.375,-1.48,-1.54,-0.131,-0.137,-0.147,-0.191,63.02,62.66
"2024-08-11 22:00:00",3663,12.23,502,1,-0.395,-1.49,-1.7,-0.133,-0.151,-0.144,-0.201,63.57,63.21
"2024-08-11 22:30:00",3664,12.22,502,1,-0.408,-1.47,-1.83,-0.131,-0.163,-0.144,-0.212,64.3,62.95
"2024-08-11 23:00:00",3665,12.22,502,1,-0.42,-1.53,-1.86,-0.136,-0.166,-0.151,-0.219,63.87,64.34
"2024-08-11 23:30:00",3666,12.21,502,1,-0.432,-1.5,-2,-0.134,-0.178,-0.147,-0.227,64.19,62.42
"2024-08-12 00:00:00",3667,12.21,502,1,-0.436,-1.46,-2.07,-0.13,-0.184,-0.146,-0.233,63.05,61.7
"2024-08-12 00:30:00",3668,12.21,502,1,-0.44,-1.49,-2.07,-0.133,-0.184,-0.149,-0.233,64.45,63.52
"2024-08-12 01:00:00",3669,12.2,502,1,-0.459,-1.52,-2.2,-0.135,-0.196,-0.143,-0.237,64.29,62.78
"2024-08-12 01:30:00",3670,12.2,502,1,-0.46,-1.52,-2.21,-0.136,-0.196,-0.149,-0.248,64.6,62.57
"2024-08-12 02:00:00",3671,12.19,502,1,-0.462,-1.5,-2.25,-0.134,-0.2,-0.147,-0.248,64.35,61.33
"2024-08-12 02:30:00",3672,12.19,502,1,-0.461,-1.5,-2.24,-0.134,-0.199,-0.147,-0.244,64.7,63.08
"2024-08-12 03:00:00",3673,12.19,502,1,-0.467,-1.52,-2.27,-0.135,-0.202,-0.151,-0.248,65.15,64.06
"2024-08-12 03:30:00",3674,12.19,502,1,-0.455,-1.49,-2.2,-0.133,-0.196,-0.144,-0.248,63.55,62.61
"2024-08-12 04:00:00",3675,12.18,502,1,-0.459,-1.51,-2.21,-0.135,-0.196,-0.148,-0.245,64.05,63.95
"2024-08-12 04:30:00",3676,12.18,502,1,-0.465,-1.52,-2.25,-0.136,-0.2,-0.146,-0.246,64.74,64.37
"2024-08-12 05:00:00",3677,12.18,502,1,-0.454,-1.44,-2.25,-0.128,-0.2,-0.141,-0.245,64.41,64.3
"2024-08-12 05:30:00",3678,12.18,502,1,-0.456,-1.48,-2.22,-0.132,-0.198,-0.145,-0.247,63.9,63.64
"2024-08-12 06:00:00",3679,12.17,502,1,-0.458,-1.47,-2.25,-0.131,-0.2,-0.141,-0.245,64.5,62.32
"2024-08-12 06:30:00",3680,12.17,502,1,-0.444,-1.42,-2.18,-0.127,-0.194,-0.143,-0.247,64.1,63.17
"2024-08-12 07:00:00",3681,12.17,502,1,-0.318,-1.31,-1.25,-0.117,-0.112,-0.13,-0.16,64.12,64.44
"2024-08-12 07:30:00",3682,12.17,502,1,-0.198,-1.13,-0.44,-0.101,-0.04,-0.117,-0.094,65.88,63.54
"2024-08-12 08:00:00",3683,12.16,502,1,-0.053,-0.97,0.6,-0.086,0.053,-0.103,-0.003,66.39,64.46
"2024-08-12 08:30:00",3684,12.16,502,1,0.373,-0.44,3.6,-0.04,0.319,-0.057,0.245,68.56,65.12
"2024-08-12 09:00:00",3685,12.16,502,1,0.979,0.57,7.58,0.05,0.671,-99,0.569,-99,60.66
"2024-08-12 09:30:00",3686,12.16,502,1,1.376,0.97,10.47,0.086,0.926,0.054,0.819,67.79,54.52
"2024-08-12 10:00:00",3687,12.16,502,1,1.641,1.54,12.07,0.136,1.069,0.105,0.962,69.92,50.41
"2024-08-12 10:30:00",3688,12.17,502,1,1.844,1.74,13.56,0.154,1.109,0.123,1.005,71.1,49.35
"2024-08-12 11:00:00",3689,12.17,502,1,2.231,1.88,16.65,0.166,1.147,0.132,1.051,69.63,47.73
"2024-08-12 11:30:00",3690,12.17,502,1,2.495,1.94,18.79,0.172,1.176,0.144,1.088,70.62,46.54
"2024-08-12 12:00:00",3691,12.17,502,1,2.65,2.09,19.93,0.185,1.196,0.144,1.086,69.32,45.91
"2024-08-12 12:30:00",3692,12.18,502,1,2.342,1.98,17.47,0.176,1.163,0.137,1.071,68.19,47.27
"2024-08-12 13:00:00",3693,12.18,502,1,2.509,2.05,18.79,0.181,1.191,0.143,1.095,68.12,46.54
"2024-08-12 13:30:00",3694,12.18,502,1,2.67,2.26,19.91,0.2,1.213,0.155,1.099,67.39,45.93
"2024-08-12 14:00:00",3695,12.19,502,1,2.708,2.22,20.27,0.197,1.218,0.153,1.119,67.7,45.71
"2024-08-12 14:30:00",3696,12.19,502,1,2.169,1.94,16.06,0.172,1.129,0.124,1.015,66.85,48.03
"2024-08-12 15:00:00",3697,12.18,502,1,2.937,2.11,22.31,0.187,1.174,0.15,1.12,68.56,44.59
"2024-08-12 15:30:00",3698,12.18,502,1,2.557,2.1,19.14,0.186,1.172,0.148,1.095,68.5,46.35
"2024-08-12 16:00:00",3699,12.18,502,1,2.555,1.9,19.34,0.168,1.163,0.125,1.078,67.53,46.22
"2024-08-12 16:30:00",3700,12.18,502,1,1.668,1.55,12.29,0.137,1.088,0.088,0.978,66.85,49.02
"2024-08-12 17:00:00",3701,12.18,502,1,1.686,1.55,12.44,0.138,1.101,0.097,0.983,68.61,49.52
"2024-08-12 17:30:00",3702,12.18,502,1,1.654,1.49,12.24,0.132,1.083,0.091,0.946,67.22,50.48
"2024-08-12 18:00:00",3703,12.17,502,1,1.528,1.18,11.52,0.104,1.02,0.063,0.874,67.54,52.61
"2024-08-12 18:30:00",3704,12.17,502,1,0.886,0.18,7.23,0.016,0.639,-0.018,0.526,65.52,60.42
"2024-08-12 19:00:00",3705,12.17,502,1,0.323,-0.58,3.34,-0.053,0.296,-0.08,0.209,66.44,63.01
"2024-08-12 19:30:00",3706,12.16,502,1,0.015,-1.04,1.26,-0.093,0.112,-0.114,0.041,64.64,62.87
"2024-08-12 20:00:00",3707,12.15,502,1,-0.164,-1.24,-0.03,-0.111,-0.004,-0.129,-0.063,64.26,63.48
"2024-08-12 20:30:00",3708,12.15,502,1,-0.276,-1.39,-0.81,-0.124,-0.073,-0.14,-0.126,64.38,62.87
"2024-08-12 21:00:00",3709,12.14,502,1,-0.325,-1.42,-1.19,-0.127,-0.106,-0.14,-0.158,63.65,64.38
"2024-08-12 21:30:00",3710,12.14,502,1,-0.353,-1.45,-1.39,-0.13,-0.124,-0.145,-0.18,62.76,62.81
"2024-08-12 22:00:00",3711,12.13,502,1,-0.39,-1.46,-1.69,-0.13,-0.151,-0.146,-0.202,64.06,63.39
"2024-08-12 22:30:00",3712,12.13,502,1,-0.416,-1.51,-1.85,-0.134,-0.165,-0.147,-0.212,63.7,61.67
"2024-08-12 23:00:00",3713,12.12,502,1,-0.427,-1.51,-1.94,-0.134,-0.172,-0.145,-0.219,64.59,62.41
"2024-08-12 23:30:00",3714,12.12,502,1,-0.429,-1.5,-1.97,-0.134,-0.176,-0.147,-0.222,65.59,65.33
"2024-08-13 00:00:00",3715,12.12,502,1,-0.426,-1.48,-1.97,-0.131,-0.175,-0.145,-0.222,65.53,62.51
"2024-08-13 00:30:00",3716,12.11,502,1,-0.436,-1.51,-2.02,-0.135,-0.18,-0.148,-0.226,64.3,64.77
"2024-08-13 01:00:00",3717,12.11,502,1,-0.443,-1.48,-2.11,-0.132,-0.188,-0.145,-0.234,63.57,62.63
"2024-08-13 01:30:00",3718,12.1,502,1,-0.444,-1.49,-2.11,-0.133,-0.188,-0.149,-0.234,64.66,62.05
"2024-08-13 02:00:00",3719,12.1,502,1,-0.451,-1.46,-2.2,-0.13,-0.196,-0.146,-0.242,63.87,61.53
"2024-08-13 02:30:00",3720,12.09,502,1,-0.448,-1.46,-2.17,-0.13,-0.193,-0.144,-0.242,63.37,61.6
"2024-08-13 03:00:00",3721,12.09,502,1,-0.46,-1.52,-2.21,-0.136,-0.197,-0.146,-0.246,64.41,63.32
"2024-08-13 03:30:00",3722,12.09,502,1,-0.471,-1.54,-2.28,-0.137,-0.203,-0.148,-0.253,64.41,62.23
"2024-08-13 04:00:00",3723,12.09,502,1,-0.461,-1.49,-2.25,-0.133,-0.2,-0.144,-0.246,63.77,62.26
"2024-08-13 04:30:00",3724,12.08,502,1,-0.458,-1.48,-2.24,-0.132,-0.199,-0.148,-0.242,63.68,62.74
"2024-08-13 05:00:00",3725,12.08,502,1,-0.46,-1.49,-2.24,-0.132,-0.199,-0.146,-0.245,64.61,63.25
"2024-08-13 05:30:00",3726,12.08,502,1,-0.466,-1.53,-2.25,-0.136,-0.2,-0.149,-0.25,64.15,61.96
"2024-08-13 06:00:00",3727,12.07,502,1,-0.464,-1.47,-2.3,-0.131,-0.204,-0.142,-0.255,62.98,63.55
"2024-08-13 06:30:00",3728,12.07,502,1,-0.468,-1.48,-2.32,-0.132,-0.206,-0.145,-0.249,64.52,62.91
"2024-08-13 07:00:00",3729,12.07,502,1,-0.436,-1.47,-2.06,-0.131,-0.183,-0.139,-0.23,65.97,63.79
"2024-08-13 07:30:00",3730,12.07,502,1,-0.359,-1.35,-1.55,-0.121,-0.138,-0.134,-0.183,65.7,65.18
"2024-08-13 08:00:00",3731,12.07,502,1,-0.219,-1.19,-0.55,-0.106,-0.05,-0.12,-0.1,66.51,65.83
"2024-08-13 08:30:00",3732,12.07,502,1,-0.069,-0.98,0.48,-0.087,0.042,-0.104,-0.014,67.31,67.89
"2024-08-13 09:00:00",3733,12.07,502,1,0.317,-0.6,3.31,-0.054,0.293,-0.07,0.22,67.84,63.99
"2024-08-13 09:30:00",3734,12.06,502,1,0.954,0.28,7.69,0.025,0.681,-99,0.577,-99,59.13
"2024-08-13 10:00:00",3735,12.07,502,1,1.449,1.21,10.82,0.107,0.958,0.081,0.852,71.21,53.47
"2024-08-13 10:30:00",3736,12.07,502,1,1.631,1.58,11.95,0.14,1.058,0.111,0.946,69.6,50.09
"2024-08-13 11:00:00",3737,12.07,502,1,1.728,1.95,12.36,0.173,1.094,-99,0.985,-99,49.29
"2024-08-13 11:30:00",3738,12.08,502,1,1.871,1.52,14.02,0.135,1.096,-99,1.006,-99,49.08
"2024-08-13 12:00:00",3739,12.08,502,1,1.721,1.82,12.44,0.161,1.123,0.128,1.007,69.65,49.84
"2024-08-13 12:30:00",3740,12.08,502,1,2.106,1.84,15.64,0.163,1.139,0.128,1.027,69,48.25
"2024-08-13 13:00:00",3741,12.08,502,1,2.01,1.82,14.86,0.161,1.128,0.126,1.025,69.58,48.67
"2024-08-13 13:30:00",3742,12.08,502,1,2.35,1.9,17.62,0.168,1.164,0.129,1.067,68.08,47.17
"2024-08-13 14:00:00",3743,12.09,502,1,2.479,1.92,18.68,0.17,1.174,0.136,1.091,67.11,46.61
"2024-08-13 14:30:00",3744,12.08,502,1,2.425,1.92,18.23,0.17,1.153,0.135,1.057,68.6,46.86
"2024-08-13 15:00:00",3745,12.09,502,1,2.48,1.88,18.73,0.166,1.15,0.136,1.067,68.48,46.59
"2024-08-13 15:30:00",3746,12.09,502,1,2.216,1.75,16.66,0.155,1.099,0.113,1.005,68.22,47.73
"2024-08-13 16:00:00",3747,12.08,502,1,2.415,1.78,18.3,0.158,1.127,0.128,1.06,69.81,46.83
"2024-08-13 16:30:00",3748,12.08,502,1,1.659,1.64,12.12,0.145,1.072,0.106,0.98,67.85,48.77
"2024-08-13 17:00:00",3749,12.08,502,1,1.553,1.28,11.62,0.113,1.029,0.069,0.911,66.76,51.68
"2024-08-13 17:30:00",3750,12.08,502,1,1.433,1.05,10.86,0.093,0.961,0.058,0.832,68.6,52.68
"2024-08-13 18:00:00",3751,12.08,502,1,1.303,0.75,10.1,0.066,0.894,0.028,0.759,66.06,54.72
"2024-08-13 18:30:00",3752,12.07,502,1,0.796,0,6.67,0,0.59,-0.031,0.483,66.86,58.86
"2024-08-13 19:00:00",3753,12.07,502,1,0.251,-0.74,2.91,-0.067,0.257,-0.091,0.176,65.57,64.07
"2024-08-13 19:30:00",3754,12.06,502,1,-0.039,-1.1,0.86,-0.099,0.077,-0.115,0.014,64.89,62.71
"2024-08-13 20:00:00",3755,12.06,502,1,-0.205,-1.33,-0.28,-0.118,-0.026,-0.135,-0.085,64.63,62.44
"2024-08-13 20:30:00",3756,12.05,502,1,-0.305,-1.45,-0.99,-0.129,-0.089,-0.145,-0.142,63.54,63.69
"2024-08-13 21:00:00",3757,12.05,502,1,-0.364,-1.47,-1.46,-0.131,-0.13,-0.144,-0.182,63.66,62.05
"2024-08-13 21:30:00",3758,12.04,502,1,-0.394,-1.51,-1.67,-0.135,-0.148,-0.148,-0.197,63.6,62.51
"2024-08-13 22:00:00",3759,12.04,502,1,-0.407,-1.5,-1.79,-0.134,-0.159,-0.15,-0.207,64.79,62.86
"2024-08-13 22:30:00",3760,12.03,502,1,-0.428,-1.54,-1.92,-0.137,-0.171,-0.15,-0.215,63.66,62.31
"2024-08-13 23:00:00",3761,12.03,502,1,-0.432,-1.53,-1.96,-0.136,-0.174,-0.15,-0.222,64.19,63.1
"2024-08-13 23:30:00",3762,12.03,502,1,-0.437,-1.48,-2.06,-0.132,-0.183,-0.148,-0.23,63.45,63.19
"2024-08-14 00:00:00",3763,12.02,502,1,-0.458,-1.57,-2.14,-0.14,-0.191,-0.153,-0.241,64.59,63.39
"2024-08-14 00:30:00",3764,12.02,502,1,-0.45,-1.54,-2.1,-0.138,-0.187,-0.148,-0.234,63.81,63.55
"2024-08-14 01:00:00",3765,12.01,502,1,-0.465,-1.54,-2.23,-0.137,-0.198,-0.15,-0.242,63.57,63.05
"2024-08-14 01:30:00",3766,12.01,502,1,-0.462,-1.51,-2.24,-0.134,-0.199,-0.148,-0.243,63.82,62.21
"2024-08-14 02:00:00",3767,12.01,502,1,-0.47,-1.54,-2.27,-0.138,-0.202,-0.148,-0.246,63.48,62.38
"2024-08-14 02:30:00",3768,12,502,1,-0.464,-1.52,-2.24,-0.135,-0.199,-0.146,-0.246,62.97,62.6
"2024-08-14 03:00:00",3769,12,502,1,-0.465,-1.5,-2.27,-0.134,-0.201,-0.15,-0.241,63.98,63.05
"2024-08-14 03:30:00",3770,11.99,502,1,-0.471,-1.51,-2.31,-0.134,-0.206,-0.148,-0.245,63.68,63.58
"2024-08-14 04:00:00",3771,11.99,502,1,-0.472,-1.55,-2.28,-0.138,-0.203,-0.152,-0.25,63.14,62.21
"2024-08-14 04:30:00",3772,11.99,502,1,-0.465,-1.49,-2.28,-0.133,-0.203,-0.15,-0.243,63.72,63.05
"2024-08-14 05:00:00",3773,11.99,502,1,-0.46,-1.5,-2.23,-0.134,-0.198,-0.145,-0.242,63.51,64.4
"2024-08-14 05:30:00",3774,11.98,502,1,-0.46,-1.49,-2.24,-0.132,-0.199,-0.144,-0.246,64.49,63.81
"2024-08-14 06:00:00",3775,11.98,502,1,-0.456,-1.51,-2.19,-0.134,-0.195,-0.148,-0.243,64.42,63.07
"2024-08-14 06:30:00",3776,11.98,502,1,-0.461,-1.51,-2.23,-0.134,-0.198,-0.145,-0.242,64.11,62.76
"2024-08-14 07:00:00",3777,11.97,502,1,-0.436,-1.47,-2.06,-0.131,-0.183,-0.142,-0.227,64.55,63.36
"2024-08-14 07:30:00",3778,11.97,502,1,-0.328,-1.31,-1.33,-0.117,-0.118,-0.131,-0.171,64.88,64.36
"2024-08-14 08:00:00",3779,11.97,502,1,-0.131,-1.09,0.08,-0.097,0.007,-0.117,-0.049,65.54,66.27
"2024-08-14 08:30:00",3780,11.97,502,1,0.228,-0.66,2.63,-0.06,0.233,-0.077,0.165,67.13,65.78
"2024-08-14 09:00:00",3781,11.97,502,1,0.61,0.08,5.02,0.007,0.444,-99,0.367,-99,64.08
"2024-08-14 09:30:00",3782,11.97,502,1,1.092,0.52,8.58,0.046,0.76,0.02,0.651,69.96,58.2
"2024-08-14 10:00:00",3783,11.97,502,1,1.371,1.02,10.38,0.091,0.919,-99,0.809,-99,54.54
"2024-08-14 10:30:00",3784,11.98,502,1,1.517,1.25,11.35,0.111,1.004,0.086,0.903,69.92,51.66
"2024-08-14 11:00:00",3785,11.98,502,1,1.647,1.57,12.09,0.139,1.07,0.104,0.967,69.25,49.75
"2024-08-14 11:30:00",3786,11.98,502,1,2.004,1.61,15.04,0.143,1.085,0.116,1.003,70.15,48.58
"2024-08-14 12:00:00",3787,11.98,502,1,2.331,1.86,17.51,0.165,1.144,0.132,1.046,68.54,47.23
"2024-08-14 12:30:00",3788,11.99,502,1,2.485,1.83,18.83,0.162,1.156,0.121,1.066,67.57,46.51
"2024-08-14 13:00:00",3789,11.99,502,1,2.642,2.05,19.91,0.181,1.198,0.14,1.097,67.64,45.91
"2024-08-14 13:30:00",3790,11.99,502,1,2.596,1.97,19.61,0.174,1.183,0.138,1.083,67.66,46.09
"2024-08-14 14:00:00",3791,11.99,502,1,2.549,1.89,19.3,0.167,1.168,0.129,1.08,69.22,46.25
"2024-08-14 14:30:00",3792,11.99,502,1,2.63,1.96,19.9,0.174,1.168,0.135,1.087,68.47,45.92
"2024-08-14 15:00:00",3793,11.99,502,1,2.391,1.82,18.05,0.161,1.147,0.122,1.051,66.45,46.96
"2024-08-14 15:30:00",3794,11.99,502,1,2.509,1.77,19.1,0.157,1.13,0.118,1.051,67.52,46.36
"2024-08-14 16:00:00",3795,11.99,502,1,2.269,1.62,17.25,0.143,1.108,0.107,1.017,67.32,47.4
"2024-08-14 16:30:00",3796,11.99,502,1,1.604,1.38,11.94,0.122,1.057,0.083,0.951,68.02,49.88
"2024-08-14 17:00:00",3797,11.99,502,1,1.554,1.25,11.66,0.111,1.032,0.076,0.924,67.8,50.64
"2024-08-14 17:30:00",3798,11.99,502,1,1.386,0.93,10.6,0.082,0.938,0.041,0.823,66.81,52.98
"2024-08-14 18:00:00",3799,11.98,502,1,1.181,0.52,9.33,0.046,0.826,0.008,0.698,67.54,55.11
"2024-08-14 18:30:00",3800,11.98,502,1,0.695,-0.2,6.04,-0.019,0.535,-0.047,0.429,67.06,60.71
"2024-08-14 19:00:00",3801,11.97,502,1,0.255,-0.81,3.02,-0.073,0.268,-0.095,0.188,66.21,62.36
"2024-08-14 19:30:00",3802,11.97,502,1,-0.035,-1.12,0.92,-0.1,0.081,-0.116,0.018,65.84,63.65
"2024-08-14 20:00:00",3803,11.96,502,1,-0.198,-1.31,-0.24,-0.117,-0.022,-0.134,-0.079,64.04,64.36
"2024-08-14 20:30:00",3804,11.96,502,1,-0.297,-1.44,-0.93,-0.128,-0.083,-0.145,-0.134,64.23,62.62
"2024-08-14 21:00:00",3805,11.96,502,1,-0.363,-1.56,-1.35,-0.139,-0.12,-0.152,-0.17,63.53,62.59
"2024-08-14 21:30:00",3806,11.95,502,1,-0.394,-1.56,-1.61,-0.139,-0.143,-0.152,-0.192,62.9,62.8
"2024-08-14 22:00:00",3807,11.94,502,1,-0.404,-1.53,-1.73,-0.136,-0.154,-0.152,-0.203,64.14,62.22
"2024-08-14 22:30:00",3808,11.94,502,1,-0.419,-1.56,-1.82,-0.139,-0.162,-0.152,-0.211,63.95,61.92
"2024-08-14 23:00:00",3809,11.93,502,1,-0.432,-1.53,-1.96,-0.136,-0.174,-0.147,-0.222,63.06,62.13
"2024-08-14 23:30:00",3810,11.93,502,1,-0.444,-1.54,-2.05,-0.137,-0.182,-0.148,-0.231,64.51,63.42
"2024-08-15 00:00:00",3811,11.93,502,1,-0.45,-1.56,-2.08,-0.139,-0.185,-0.152,-0.233,63.62,62.27
"2024-08-15 00:30:00",3812,11.92,502,1,-0.455,-1.59,-2.09,-0.142,-0.186,-0.155,-0.234,64.35,63.41
"2024-08-15 01:00:00",3813,11.92,502,1,-0.462,-1.56,-2.18,-0.139,-0.193,-0.153,-0.241,63.23,64.37
"2024-08-15 01:30:00",3814,11.91,502,1,-0.458,-1.57,-2.14,-0.14,-0.19,-0.151,-0.241,64.97,64.04
"2024-08-15 02:00:00",3815,11.91,502,1,-0.454,-1.54,-2.14,-0.138,-0.191,-0.151,-0.239,63.63,61.29
"2024-08-15 02:30:00",3816,11.91,502,1,-0.46,-1.54,-2.19,-0.137,-0.195,-0.148,-0.243,63.96,61.78
"2024-08-15 03:00:00",3817,11.9,502,1,-0.475,-1.57,-2.28,-0.14,-0.203,-0.151,-0.25,63.41,63.15
"2024-08-15 03:30:00",3818,11.9,502,1,-0.465,-1.52,-2.25,-0.136,-0.2,-0.15,-0.248,64.32,63.38
"2024-08-15 04:00:00",3819,11.89,502,1,-0.471,-1.54,-2.28,-0.137,-0.203,-0.148,-0.251,64.55,64.44
"2024-08-15 04:30:00",3820,11.89,502,1,-0.466,-1.54,-2.24,-0.138,-0.199,-0.149,-0.247,63.8,62.6
"2024-08-15 05:00:00",3821,11.89,502,1,-0.471,-1.52,-2.3,-0.136,-0.204,-0.147,-0.252,63.54,63.28
"2024-08-15 05:30:00",3822,11.88,502,1,-0.47,-1.52,-2.29,-0.135,-0.203,-0.146,-0.251,64.06,61.46
"2024-08-15 06:00:00",3823,11.88,502,1,-0.468,-1.55,-2.24,-0.138,-0.199,-0.152,-0.248,63.85,63.07
"2024-08-15 06:30:00",3824,11.88,502,1,-0.476,-1.52,-2.34,-0.136,-0.208,-0.147,-0.252,65.26,62.5
"2024-08-15 07:00:00",3825,11.87,502,1,-0.469,-1.5,-2.31,-0.134,-0.205,-0.145,-0.254,64.71,64.04
"2024-08-15 07:30:00",3826,11.87,502,1,-0.426,-1.49,-1.96,-0.133,-0.174,-0.147,-0.223,64.1,63.16
"2024-08-15 08:00:00",3827,11.87,502,1,-0.263,-1.3,-0.8,-0.116,-0.071,-0.13,-0.119,65.37,63.18
"2024-08-15 08:30:00",3828,11.87,502,1,0.137,-0.8,2.02,-0.071,0.179,-0.089,0.116,69.02,65.17
"2024-08-15 09:00:00",3829,11.87,502,1,0.596,0.06,4.93,0.005,0.436,-99,0.358,-99,64.15
"2024-08-15 09:30:00",3830,11.87,502,1,0.976,0.32,7.83,0.028,0.693,-99,0.596,-99,58.91
"2024-08-15 10:00:00",3831,11.87,502,1,1.35,0.99,10.23,0.088,0.906,-99,0.8,-99,53.6
"2024-08-15 10:30:00",3832,11.87,502,1,1.501,1.37,11.09,0.121,0.982,-99,0.881,-99,52.05
"2024-08-15 11:00:00",3833,11.88,502,1,1.616,1.52,11.89,0.135,1.052,0.107,0.958,70.58,50.1
"2024-08-15 11:30:00",3834,11.88,502,1,1.673,1.75,12.11,0.155,1.072,-99,0.988,-99,49.25
"2024-08-15 12:00:00",3835,11.88,502,1,2.175,1.82,16.24,0.161,1.11,0.13,1.022,68.4,47.93
"2024-08-15 12:30:00",3836,11.88,502,1,2.398,1.85,18.08,0.163,1.15,0.126,1.048,68.25,46.95
"2024-08-15 13:00:00",3837,11.89,502,1,2.619,1.93,19.84,0.171,1.165,0.132,1.079,67.28,45.98
"2024-08-15 13:30:00",3838,11.89,502,1,2.432,1.88,18.33,0.166,1.136,0.129,1.046,67.7,46.8
"2024-08-15 14:00:00",3839,11.9,502,1,2.36,1.96,17.64,0.173,1.16,0.131,1.067,67.81,47.18
"2024-08-15 14:30:00",3840,11.89,502,1,2.333,1.83,17.56,0.162,1.124,0.125,1.037,69.63,47.23
"2024-08-15 15:00:00",3841,11.9,502,1,2.285,1.76,17.23,0.156,1.115,0.12,1.033,69.27,47.39
"2024-08-15 15:30:00",3842,11.89,502,1,2.329,1.74,17.62,0.154,1.11,0.12,1.031,68.32,47.17
"2024-08-15 16:00:00",3843,11.89,502,1,1.684,1.63,12.34,0.144,1.092,0.105,0.998,68.19,48.7
"2024-08-15 16:30:00",3844,11.89,502,1,1.643,1.46,12.18,0.129,1.078,0.093,0.968,67.87,49.05
"2024-08-15 17:00:00",3845,11.89,502,1,1.609,1.36,12,0.121,1.062,0.081,0.95,65.99,49.93
"2024-08-15 17:30:00",3846,11.89,502,1,1.491,1.04,11.36,0.092,1.005,0.055,0.877,67.23,52.32
"2024-08-15 18:00:00",3847,11.88,502,1,1.311,0.75,10.17,0.066,0.9,0.027,0.761,67,54.99
"2024-08-15 18:30:00",3848,11.88,502,1,0.764,-0.12,6.53,-0.011,0.578,-0.04,0.473,65.82,60.57
"2024-08-15 19:00:00",3849,11.87,502,1,0.281,-0.74,3.16,-0.066,0.28,-0.083,0.199,66.09,62.24
"2024-08-15 19:30:00",3850,11.86,502,1,0.005,-1.09,1.23,-0.097,0.109,-0.117,0.043,64.27,64.32
"2024-08-15 20:00:00",3851,11.86,502,1,-0.155,-1.24,0.04,-0.111,0.004,-0.128,-0.055,64.43,62.81
"2024-08-15 20:30:00",3852,11.86,502,1,-0.274,-1.41,-0.77,-0.126,-0.069,-0.14,-0.126,63.54,63.59
"2024-08-15 21:00:00",3853,11.85,502,1,-0.351,-1.49,-1.33,-0.132,-0.119,-0.147,-0.17,64.1,61.92
"2024-08-15 21:30:00",3854,11.85,502,1,-0.367,-1.49,-1.46,-0.133,-0.13,-0.144,-0.178,65,62.81
"2024-08-15 22:00:00",3855,11.84,502,1,-0.414,-1.57,-1.77,-0.14,-0.158,-0.154,-0.207,64.67,62.07
"2024-08-15 22:30:00",3856,11.84,502,1,-0.415,-1.54,-1.81,-0.138,-0.161,-0.149,-0.207,63.74,62.23
"2024-08-15 23:00:00",3857,11.83,502,1,-0.396,-1.55,-1.64,-0.138,-0.146,-0.152,-0.2,62.24,62.55
"2024-08-15 23:30:00",3858,11.83,502,1,-0.419,-1.55,-1.83,-0.138,-0.163,-0.155,-0.213,62.43,61.75
"2024-08-16 00:00:00",3859,11.83,502,1,-0.443,-1.57,-2.01,-0.14,-0.179,-0.157,-0.228,63.94,62.59
"2024-08-16 00:30:00",3860,11.82,502,1,-0.44,-1.55,-2.01,-0.138,-0.179,-0.149,-0.232,63.13,62.2
"2024-08-16 01:00:00",3861,11.82,502,1,-0.432,-1.47,-2.03,-0.131,-0.181,-0.142,-0.231,64.8,62.88
"2024-08-16 01:30:00",3862,11.81,502,1,-0.446,-1.51,-2.1,-0.134,-0.187,-0.148,-0.236,63.19,62.51
"2024-08-16 02:00:00",3863,11.81,502,1,-0.444,-1.49,-2.11,-0.132,-0.187,-0.146,-0.233,64.05,63.11
"2024-08-16 02:30:00",3864,11.8,502,1,-0.452,-1.51,-2.15,-0.135,-0.191,-0.146,-0.24,64.3,62.79
"2024-08-16 03:00:00",3865,11.8,502,1,-0.448,-1.48,-2.15,-0.132,-0.191,-0.146,-0.24,64.45,61.85
"2024-08-16 03:30:00",3866,11.8,502,1,-0.46,-1.49,-2.24,-0.132,-0.199,-0.146,-0.252,63.68,63.16
"2024-08-16 04:00:00",3867,11.79,502,1,-0.46,-1.49,-2.24,-0.133,-0.199,-0.147,-0.248,63.74,60.88
"2024-08-16 04:30:00",3868,11.79,502,1,-0.451,-1.46,-2.2,-0.13,-0.196,-0.147,-0.242,63.59,62.24
"2024-08-16 05:00:00",3869,11.78,502,1,-0.469,-1.55,-2.25,-0.138,-0.2,-0.146,-0.246,64.38,63.45
"2024-08-16 05:30:00",3870,11.78,502,1,-0.458,-1.48,-2.24,-0.132,-0.199,-0.146,-0.245,65.21,62.76
"2024-08-16 06:00:00",3871,11.78,502,1,-0.464,-1.52,-2.24,-0.135,-0.199,-0.147,-0.245,63.26,62.74
"2024-08-16 06:30:00",3872,11.77,502,1,-0.468,-1.51,-2.29,-0.135,-0.204,-0.146,-0.253,63.38,63.28
"2024-08-16 07:00:00",3873,11.77,502,1,-0.455,-1.46,-2.23,-0.13,-0.198,-0.144,-0.248,65.63,63.86
"2024-08-16 07:30:00",3874,11.77,502,1,-0.431,-1.49,-2,-0.133,-0.178,-0.142,-0.228,64.6,64.08
"2024-08-16 08:00:00",3875,11.76,502,1,-0.287,-1.32,-0.98,-0.118,-0.088,-0.13,-0.136,65.17,64.8
"2024-08-16 08:30:00",3876,11.77,502,1,0.005,-0.97,1.1,-0.087,0.097,-0.104,0.04,67.79,64.78
"2024-08-16 09:00:00",3877,11.76,502,1,0.462,-0.32,4.22,-0.029,0.374,-99,0.298,-99,64.74
"2024-08-16 09:30:00",3878,11.77,502,1,0.959,0.27,7.74,0.023,0.685,-99,0.587,-99,59.91
"2024-08-16 10:00:00",3879,11.77,502,1,1.449,1.18,10.86,0.105,0.961,-99,0.86,-99,53.49
"2024-08-16 10:30:00",3880,11.77,502,1,1.57,1.45,11.58,0.128,1.025,-99,0.934,-99,50.66
"2024-08-16 11:00:00",3881,11.78,502,1,1.965,1.75,14.56,0.155,1.108,0.124,1.013,69.55,48.81
"2024-08-16 11:30:00",3882,11.78,502,1,2.33,1.86,17.5,0.165,1.126,-99,1.036,-99,47.24
"2024-08-16 12:00:00",3883,11.78,502,1,2.017,1.47,15.3,0.13,1.092,0.092,1.01,66.82,48.43
"2024-08-16 12:30:00",3884,11.78,502,1,2.053,1.72,15.33,0.152,1.113,0.111,1.001,67.82,48.43
"2024-08-16 13:00:00",3885,11.79,502,1,2.404,1.87,18.11,0.166,1.146,0.131,1.057,68.23,46.92
"2024-08-16 13:30:00",3886,11.79,502,1,2.404,1.85,18.13,0.164,1.141,0.129,1.049,69.62,46.91
"2024-08-16 14:00:00",3887,11.79,502,1,2.657,1.97,20.12,0.175,1.176,0.134,1.083,67.26,45.79
"2024-08-16 14:30:00",3888,11.79,502,1,2.389,1.85,18,0.164,1.149,0.126,1.061,68.13,46.98
"2024-08-16 15:00:00",3889,11.79,502,1,2.353,1.84,17.71,0.163,1.139,0.126,1.049,68.87,47.14
"2024-08-16 15:30:00",3890,11.79,502,1,1.552,1.36,11.52,0.121,1.02,0.062,0.894,64.98,50.89
"2024-08-16 16:00:00",3891,11.79,502,1,1.622,1.44,12.02,0.127,1.064,0.091,0.963,68.39,49
"2024-08-16 16:30:00",3892,11.78,502,1,1.701,1.64,12.47,0.145,1.103,0.104,0.983,67.11,49.13
"2024-08-16 17:00:00",3893,11.78,502,1,1.621,1.39,12.07,0.123,1.068,0.083,0.95,67.47,49.64
"2024-08-16 17:30:00",3894,11.78,502,1,1.257,0.78,9.68,0.069,0.857,0.028,0.735,64.98,55.31
"2024-08-16 18:00:00",3895,11.77,502,1,1.058,0.35,8.48,0.031,0.751,-0.003,0.633,67.63,56.04
