"TOA5","CR200Series_302","CR2xx","","v05","Sapflux2sensor.","63887","Table2"
"TIMESTAMP","RECORD","BattV_Min","id","SDI1","SapFlwTot1","VhOut1","VhIn1","AlphaOut1","AlphaIn1","BetaOut1","BetaIn1","tMaxTout1","tMaxTin1"
"TS","RN","Volts","","","unit","unit","unit","unit","unit","unit","unit","unit","unit"
"","","Min","Smp","Smp","Smp","Smp","Smp","Smp","Smp","Smp","Smp","Smp","Smp"
"2024-05-01 10:00:00",627,12.61173,302,1,1.229,-99,4.72,-99,0.36351,-99,0.1946,-99,40.53
"2024-05-01 10:30:00",628,12.60082,302,1,1.145,-99,4.4,-99,0.3395,-99,0.17308,-99,42.665
"2024-05-01 11:00:00",629,12.58235,302,1,1.335,-99,5.13,-99,0.39574,-99,0.22364,-99,42.498
"2024-05-01 11:30:00",630,12.60417,302,1,1.408,-99,5.41,-99,0.41737,-99,0.23794,-99,40.307
"2024-05-01 12:00:00",631,12.59998,302,1,1.5,-99,5.76,-99,0.44389,-99,0.26027,-99,40.575
"2024-05-01 12:30:00",632,12.60333,302,1,1.518,-99,5.83,-99,0.4496,-99,0.26856,-99,38.873
"2024-05-01 13:00:00",633,12.5983,302,1,1.593,-99,6.12,-99,0.47188,-99,0.27805,-99,40.432
"2024-05-01 13:30:00",634,12.59326,302,1,1.32,-99,5.07,-99,0.39066,-99,0.21398,-99,40.239
"2024-05-01 14:00:00",635,12.57395,302,1,1.26,-99,4.84,-99,0.37312,-99,0.20618,-99,40.06
"2024-05-01 14:30:00",636,12.59578,302,1,1.106,-99,4.25,-99,0.32726,-99,0.1836,-99,40.526
"2024-05-01 15:00:00",637,12.58067,302,1,1.151,-99,4.42,-99,0.34056,-99,0.1832,-99,39.098
"2024-05-01 15:30:00",638,12.57983,302,1,1.145,-99,4.4,-99,0.33906,-99,0.17434,-99,37.428
"2024-05-01 16:00:00",639,12.56892,302,1,1.091,-99,4.19,-99,0.32288,-99,0.15606,-99,37.276
"2024-05-01 16:30:00",640,12.56976,302,1,1.08,-99,4.15,-99,0.32008,-99,0.16438,-99,41.319
"2024-05-01 17:00:00",641,12.57395,302,1,0.987,-99,3.79,-99,0.29236,-99,0.13954,-99,37.091
"2024-05-01 17:30:00",642,12.54793,302,1,0.87,-99,3.34,-99,0.25782,-99,0.11244,-99,38.489
"2024-05-01 18:00:00",643,12.56892,302,1,0.716,-99,2.75,-99,0.21232,-99,0.1016,-99,39.294
"2024-05-01 18:30:00",644,12.55884,302,1,0.656,-99,2.52,-99,0.19458,-99,0.0726,-99,37.258
"2024-05-01 19:00:00",645,12.55045,302,1,0.515,-99,1.98,-99,0.1527,-99,0.05036,-99,37.793
"2024-05-01 19:30:00",646,12.56304,302,1,0.437,-99,1.68,-99,0.12919,-99,0.02792,-99,38.771
"2024-05-01 20:00:00",647,12.55381,302,1,0.286,-99,1.1,-99,0.08444,-99,0.00763,-99,38.369
"2024-05-01 20:30:00",648,12.55213,302,1,0.193,-99,0.74,-99,0.05712,-99,-0.01773,-99,37.227
"2024-05-01 21:00:00",649,12.54457,302,1,0.128,-99,0.49,-99,0.03748,-99,-0.01755,-99,37.539
"2024-05-01 21:30:00",650,12.54457,302,1,0.042,-99,0.16,-99,0.01258,-99,-0.04537,-99,35.819
"2024-05-01 22:00:00",651,12.53954,302,1,0,-99,0,-99,0,-99,-0.05025,-99,37.812
"2024-05-01 22:30:00",652,12.53114,302,1,-0.007,-99,-0.03,-99,-0.00317,-99,-0.06293,-99,36.135
"2024-05-01 23:00:00",653,12.51519,302,1,-0.028,-99,-0.11,-99,-0.00939,-99,-0.06019,-99,36.832
"2024-05-01 23:30:00",654,12.53198,302,1,-0.038,-99,-0.15,-99,-0.01253,-99,-0.05261,-99,39.068
"2024-05-02 00:00:00",655,12.52359,302,1,-0.059,-99,-0.23,-99,-0.01869,-99,-0.06019,-99,37.617
"2024-05-02 00:30:00",656,12.52695,302,1,0.01,-99,0.04,-99,0.00304,-99,-0.04727,-99,37.422
"2024-05-02 01:00:00",657,12.52443,302,1,0,-99,0,-99,0,-99,-0.04727,-99,38.145
"2024-05-02 01:30:00",658,12.51939,302,1,-0.048,-99,-0.19,-99,-0.01555,-99,-0.05491,-99,36.69
"2024-05-02 02:00:00",659,12.50848,302,1,-0.038,-99,-0.15,-99,-0.01237,-99,-0.05989,-99,35.75
"2024-05-02 02:30:00",660,12.50764,302,1,-0.038,-99,-0.15,-99,-0.01233,-99,-0.04205,-99,35.998
"2024-05-02 03:00:00",661,12.51268,302,1,-0.059,-99,-0.23,-99,-0.01863,-99,-0.06229,-99,34.116
"2024-05-02 03:30:00",662,12.5068,302,1,-0.048,-99,-0.19,-99,-0.01553,-99,-0.06001,-99,37.085
"2024-05-02 04:00:00",663,12.50764,302,1,-0.059,-99,-0.23,-99,-0.01863,-99,-0.06001,-99,35.641
"2024-05-02 04:30:00",664,12.50008,302,1,-0.048,-99,-0.19,-99,-0.01553,-99,-0.05751,-99,37.533
"2024-05-02 05:00:00",665,12.48833,302,1,-0.069,-99,-0.27,-99,-0.02175,-99,-0.05989,-99,35.553
"2024-05-02 05:30:00",666,12.49757,302,1,-0.059,-99,-0.23,-99,-0.01863,-99,-0.06261,-99,36.222
"2024-05-02 06:00:00",667,12.48497,302,1,-0.059,-99,-0.23,-99,-0.01851,-99,-0.05989,-99,36.118
"2024-05-02 06:30:00",668,12.49421,302,1,-0.038,-99,-0.15,-99,-0.01229,-99,-0.05705,-99,38.226
"2024-05-02 07:00:00",669,12.48665,302,1,-0.069,-99,-0.27,-99,-0.02125,-99,-0.06971,-99,36.848
"2024-05-02 07:30:00",670,12.49169,302,1,-0.017,-99,-0.07,-99,-0.00603,-99,-0.05181,-99,38.975
"2024-05-02 08:00:00",671,12.49001,302,1,0.169,-99,0.65,-99,0.04976,-99,-0.00733,-99,37.046
"2024-05-02 08:30:00",672,12.48581,302,1,0.437,-99,1.68,-99,0.12964,-99,0.04344,-99,38.483
"2024-05-02 09:00:00",673,12.48665,302,1,0.747,-99,2.87,-99,0.22118,-99,0.10382,-99,39.749
"2024-05-02 09:30:00",674,12.48833,302,1,1.08,-99,4.15,-99,0.32002,-99,0.1709,-99,42.37
"2024-05-02 10:00:00",675,12.49085,302,1,1.44,-99,5.53,-99,0.426,-99,0.24828,-99,40.565
"2024-05-02 10:30:00",676,12.49169,302,1,1.651,-99,6.34,-99,0.48907,-99,0.29114,-99,41.982
"2024-05-02 11:00:00",677,12.46986,302,1,1.424,-99,5.47,-99,0.4213,-99,0.24525,-99,42.299
"2024-05-02 11:30:00",678,12.49589,302,1,1.375,-99,5.28,-99,0.40666,-99,0.23114,-99,40.731
"2024-05-02 12:00:00",679,12.50008,302,1,1.109,-99,4.26,-99,0.32832,-99,0.18188,-99,40.455
"2024-05-02 12:30:00",680,12.47658,302,1,1.174,-99,4.51,-99,0.3473,-99,0.1968,-99,45.255
"2024-05-02 13:00:00",681,12.47238,302,1,1.312,-99,5.04,-99,0.38812,-99,0.2139,-99,41.877
"2024-05-02 13:30:00",682,12.49337,302,1,1.328,-99,5.1,-99,0.39307,-99,0.21441,-99,39.051
"2024-05-02 14:00:00",683,12.48665,302,1,1.463,-99,5.62,-99,0.43334,-99,0.26154,-99,39.255
"2024-05-02 14:30:00",684,12.48246,302,1,1.385,-99,5.32,-99,0.41032,-99,0.25282,-99,39.412
"2024-05-02 15:00:00",685,12.49505,302,1,1.385,-99,5.32,-99,0.4104,-99,0.22478,-99,40.805
"2024-05-02 15:30:00",686,12.48749,302,1,1.263,-99,4.85,-99,0.3742,-99,0.20679,-99,41.77
"2024-05-02 16:00:00",687,12.4791,302,1,1.294,-99,4.97,-99,0.38312,-99,0.19414,-99,40.059
"2024-05-02 16:30:00",688,12.48665,302,1,1.187,-99,4.56,-99,0.35166,-99,0.1704,-99,38.348
"2024-05-02 17:00:00",689,12.4707,302,1,1.112,-99,4.27,-99,0.32881,-99,0.16262,-99,38.827
"2024-05-02 17:30:00",690,12.46063,302,1,1.088,-99,4.18,-99,0.32182,-99,0.15262,-99,37.333
"2024-05-02 18:00:00",691,12.46651,302,1,1.005,-99,3.86,-99,0.2978,-99,0.14966,-99,42.512
"2024-05-02 18:30:00",692,12.46986,302,1,0.924,-99,3.55,-99,0.27364,-99,0.11835,-99,39.155
"2024-05-02 19:00:00",693,12.46567,302,1,0.739,-99,2.84,-99,0.21886,-99,0.09048,-99,38.22
"2024-05-02 19:30:00",694,12.46399,302,1,0.617,-99,2.37,-99,0.18233,-99,0.06914,-99,36.719
"2024-05-02 20:00:00",695,12.43545,302,1,0.406,-99,1.56,-99,0.12004,-99,0.02572,-99,36.338
"2024-05-02 20:30:00",696,12.45391,302,1,0.25,-99,0.96,-99,0.07432,-99,-0.00261,-99,35.556
"2024-05-02 21:00:00",697,12.44216,302,1,0.172,-99,0.66,-99,0.0511,-99,-0.01277,-99,35.564
"2024-05-02 21:30:00",698,12.42957,302,1,0.096,-99,0.37,-99,0.02878,-99,-0.02811,-99,36.191
"2024-05-02 22:00:00",699,12.44468,302,1,0.075,-99,0.29,-99,0.02231,-99,-0.03315,-99,35.299
"2024-05-02 22:30:00",700,12.44216,302,1,0.065,-99,0.25,-99,0.01906,-99,-0.03835,-99,36.768
"2024-05-02 23:00:00",701,12.43964,302,1,0.01,-99,0.04,-99,0.00316,-99,-0.04853,-99,36.827
"2024-05-02 23:30:00",702,12.43629,302,1,0.021,-99,0.08,-99,0.00632,-99,-0.04845,-99,38.19
"2024-05-03 00:00:00",703,12.43293,302,1,0.021,-99,0.08,-99,0.00632,-99,-0.04845,-99,36.189
"2024-05-03 00:30:00",704,12.40187,302,1,0.01,-99,0.04,-99,0.00313,-99,-0.04829,-99,35.952
"2024-05-03 01:00:00",705,12.40439,302,1,-0.007,-99,-0.03,-99,-0.00323,-99,-0.05105,-99,36.366
"2024-05-03 01:30:00",706,12.40355,302,1,0.01,-99,0.04,-99,0.00313,-99,-0.05367,-99,36.566
"2024-05-03 02:00:00",707,12.39683,302,1,0,-99,0,-99,0,-99,-0.05355,-99,36.779
"2024-05-03 02:30:00",708,12.4195,302,1,-0.007,-99,-0.03,-99,-0.00317,-99,-0.04323,-99,37.245
"2024-05-03 03:00:00",709,12.40691,302,1,-0.007,-99,-0.03,-99,-0.00317,-99,-0.05355,-99,37.821
"2024-05-03 03:30:00",710,12.4111,302,1,0,-99,0,-99,0,-99,-0.04807,-99,38.126
"2024-05-03 04:00:00",711,12.41026,302,1,0.01,-99,0.04,-99,0.0031,-99,-0.04823,-99,35.94
"2024-05-03 04:30:00",712,12.41614,302,1,0.01,-99,0.04,-99,0.0031,-99,-0.04829,-99,37.71
"2024-05-03 05:00:00",713,12.4153,302,1,0.042,-99,0.16,-99,0.01258,-99,-0.04339,-99,36.15
"2024-05-03 05:30:00",714,12.40523,302,1,0.01,-99,0.04,-99,0.00313,-99,-0.04845,-99,35.692
"2024-05-03 06:00:00",715,12.3918,302,1,0,-99,0,-99,0,-99,-0.05093,-99,35.528
"2024-05-03 06:30:00",716,12.40858,302,1,0.073,-99,0.28,-99,0.02191,-99,-0.03305,-99,37.092
"2024-05-03 07:00:00",717,12.39264,302,1,0.094,-99,0.36,-99,0.02798,-99,-0.02781,-99,39.324
"2024-05-03 07:30:00",718,12.40187,302,1,0.229,-99,0.88,-99,0.06748,-99,0,-99,37.498
"2024-05-03 08:00:00",719,12.40271,302,1,0.331,-99,1.27,-99,0.09822,-99,0.02,-99,38.32
"2024-05-03 08:30:00",720,12.40187,302,1,0.661,-99,2.54,-99,0.19552,-99,0.08182,-99,39.656
"2024-05-03 09:00:00",721,12.39599,302,1,0.883,-99,3.39,-99,0.26127,-99,0.12401,-99,38.839
"2024-05-03 09:30:00",722,12.39264,302,1,0.89,-99,3.42,-99,0.26375,-99,0.11896,-99,41.229
"2024-05-03 10:00:00",723,12.40019,302,1,0.901,-99,3.46,-99,0.267,-99,0.1278,-99,39.251
"2024-05-03 10:30:00",724,12.39767,302,1,0.786,-99,3.02,-99,0.23253,-99,0.10182,-99,39.901
"2024-05-03 11:00:00",725,12.38928,302,1,0.685,-99,2.63,-99,0.20258,-99,0.07613,-99,40.737
"2024-05-03 11:30:00",726,12.39347,302,1,0.586,-99,2.25,-99,0.17313,-99,0.07334,-99,40.862
"2024-05-03 12:00:00",727,12.39347,302,1,0.518,-99,1.99,-99,0.15313,-99,0.04088,-99,38.777
"2024-05-03 12:30:00",728,12.3876,302,1,0.463,-99,1.78,-99,0.13739,-99,0.02802,-99,38.102
"2024-05-03 13:00:00",729,12.36326,302,1,0.469,-99,1.8,-99,0.13902,-99,0.04318,-99,36.751
"2024-05-03 13:30:00",730,12.38256,302,1,0.427,-99,1.64,-99,0.12672,-99,0.03058,-99,40.132
"2024-05-03 14:00:00",731,12.36745,302,1,0.393,-99,1.51,-99,0.11666,-99,0.01529,-99,36.352
"2024-05-03 14:30:00",732,12.37585,302,1,0.43,-99,1.65,-99,0.12754,-99,0.03828,-99,39.461
"2024-05-03 15:00:00",733,12.37669,302,1,0.346,-99,1.33,-99,0.1023,-99,0.01529,-99,35.203
"2024-05-03 15:30:00",734,12.37501,302,1,0.344,-99,1.32,-99,0.10166,-99,0.02039,-99,38.943
"2024-05-03 16:00:00",735,12.37333,302,1,0.323,-99,1.24,-99,0.0959,-99,0.00512,-99,41.296
"2024-05-03 16:30:00",736,12.36997,302,1,0.271,-99,1.04,-99,0.08002,-99,0.00764,-99,36.4
"2024-05-03 17:00:00",737,12.36829,302,1,0.247,-99,0.95,-99,0.07315,-99,0.00506,-99,37.495
"2024-05-03 17:30:00",738,12.36493,302,1,0.25,-99,0.96,-99,0.07362,-99,-0.00261,-99,37.689
"2024-05-03 18:00:00",739,12.36242,302,1,0.182,-99,0.7,-99,0.05422,-99,-0.01027,-99,38.646
"2024-05-03 18:30:00",740,12.36242,302,1,0.172,-99,0.66,-99,0.0511,-99,-0.02305,-99,36.765
"2024-05-03 19:00:00",741,12.35738,302,1,0.107,-99,0.41,-99,0.03194,-99,-0.02305,-99,37.705
"2024-05-03 19:30:00",742,12.35318,302,1,0.075,-99,0.29,-99,0.02231,-99,-0.03335,-99,36.512
"2024-05-03 20:00:00",743,12.35738,302,1,0.01,-99,0.04,-99,0.0032,-99,-0.04605,-99,40.545
"2024-05-03 20:30:00",744,12.35066,302,1,0.086,-99,0.33,-99,0.02523,-99,-0.03305,-99,35.076
"2024-05-03 21:00:00",745,12.35234,302,1,-0.007,-99,-0.03,-99,-0.00321,-99,-0.05381,-99,36.209
"2024-05-03 21:30:00",746,12.35234,302,1,0.021,-99,0.08,-99,0.00627,-99,-0.04807,-99,37.414
"2024-05-03 22:00:00",747,12.32632,302,1,-0.017,-99,-0.07,-99,-0.00631,-99,-0.04823,-99,37.723
"2024-05-03 22:30:00",748,12.34479,302,1,-0.082,-99,-0.32,-99,-0.02525,-99,-0.06125,-99,36.014
"2024-05-03 23:00:00",749,12.3515,302,1,-0.059,-99,-0.23,-99,-0.01885,-99,-0.06621,-99,39.793
"2024-05-03 23:30:00",750,12.33639,302,1,-0.124,-99,-0.48,-99,-0.03803,-99,-0.07703,-99,31.772
"2024-05-04 00:00:00",751,12.33891,302,1,-0.114,-99,-0.44,-99,-0.03479,-99,-0.05849,-99,36.371
"2024-05-04 00:30:00",752,12.34227,302,1,-0.072,-99,-0.28,-99,-0.02201,-99,-0.06901,-99,35.214
"2024-05-04 01:00:00",753,12.34227,302,1,-0.017,-99,-0.07,-99,-0.00621,-99,-0.04291,-99,34.221
"2024-05-04 01:30:00",754,12.33975,302,1,-0.093,-99,-0.36,-99,-0.02831,-99,-0.06111,-99,37.5
"2024-05-04 02:00:00",755,12.33723,302,1,-0.08,-99,-0.31,-99,-0.02503,-99,-0.06099,-99,35.515
"2024-05-04 02:30:00",756,12.32968,302,1,-0.082,-99,-0.32,-99,-0.02515,-99,-0.06621,-99,36.142
"2024-05-04 03:00:00",757,12.32968,302,1,-0.059,-99,-0.23,-99,-0.01877,-99,-0.05833,-99,37.296
"2024-05-04 03:30:00",758,12.33807,302,1,-0.038,-99,-0.15,-99,-0.01253,-99,-0.06373,-99,35.77
"2024-05-04 04:00:00",759,12.33555,302,1,-0.059,-99,-0.23,-99,-0.01885,-99,-0.07409,-99,38.797
"2024-05-04 04:30:00",760,12.33052,302,1,-0.072,-99,-0.28,-99,-0.02201,-99,-0.07379,-99,36.312
"2024-05-04 05:00:00",761,12.31373,302,1,-0.093,-99,-0.36,-99,-0.02831,-99,-0.06621,-99,36.878
"2024-05-04 05:30:00",762,12.31037,302,1,-0.114,-99,-0.44,-99,-0.03467,-99,-0.06373,-99,37.445
"2024-05-04 06:00:00",763,12.32968,302,1,-0.103,-99,-0.4,-99,-0.03139,-99,-0.07129,-99,37.44
"2024-05-04 06:30:00",764,12.3322,302,1,-0.059,-99,-0.23,-99,-0.01877,-99,-0.07129,-99,36.829
"2024-05-04 07:00:00",765,12.33052,302,1,-0.007,-99,-0.03,-99,-0.00315,-99,-0.05331,-99,36.795
"2024-05-04 07:30:00",766,12.32716,302,1,0,-99,0,-99,0,-99,-0.05053,-99,34.423
"2024-05-04 08:00:00",767,12.32296,302,1,0.073,-99,0.28,-99,0.02168,-99,-0.03041,-99,39.58
"2024-05-04 08:30:00",768,12.32296,302,1,0.073,-99,0.28,-99,0.02196,-99,-0.02285,-99,39.026
"2024-05-04 09:00:00",769,12.33052,302,1,0.135,-99,0.52,-99,0.04028,-99,-0.02031,-99,37.664
"2024-05-04 09:30:00",770,12.32632,302,1,0.198,-99,0.76,-99,0.05874,-99,-0.00757,-99,36.717
"2024-05-04 10:00:00",771,12.3238,302,1,0.187,-99,0.72,-99,0.05574,-99,-0.01261,-99,39.624
"2024-05-04 10:30:00",772,12.32968,302,1,0.219,-99,0.84,-99,0.06448,-99,-0.00757,-99,37.073
"2024-05-04 11:00:00",773,12.32884,302,1,0.271,-99,1.04,-99,0.08027,-99,0.00501,-99,37.669
"2024-05-04 11:30:00",774,12.32548,302,1,0.268,-99,1.03,-99,0.07977,-99,0.00501,-99,37.021
"2024-05-04 12:00:00",775,12.32548,302,1,0.297,-99,1.14,-99,0.08804,-99,0.015,-99,35.994
"2024-05-04 12:30:00",776,12.32128,302,1,0.443,-99,1.7,-99,0.13106,-99,0.04016,-99,37.776
"2024-05-04 13:00:00",777,12.31793,302,1,0.463,-99,1.78,-99,0.13687,-99,0.04036,-99,37.123
"2024-05-04 13:30:00",778,12.32464,302,1,0.453,-99,1.74,-99,0.13392,-99,0.0379,-99,37.918
"2024-05-04 14:00:00",779,12.30114,302,1,0.469,-99,1.8,-99,0.1389,-99,0.04287,-99,38.269
"2024-05-04 14:30:00",780,12.31373,302,1,0.469,-99,1.8,-99,0.1389,-99,0.04532,-99,38.219
"2024-05-04 15:00:00",781,12.32296,302,1,0.518,-99,1.99,-99,0.15316,-99,0.05062,-99,37.172
"2024-05-04 15:30:00",782,12.3238,302,1,0.523,-99,2.01,-99,0.15508,-99,0.0505,-99,39.354
"2024-05-04 16:00:00",783,12.32548,302,1,0.515,-99,1.98,-99,0.1527,-99,0.05814,-99,38.159
"2024-05-04 16:30:00",784,12.32464,302,1,0.521,-99,2,-99,0.15412,-99,0.06029,-99,38.89
"2024-05-04 17:00:00",785,12.3238,302,1,0.489,-99,1.88,-99,0.14491,-99,0.0433,-99,39.356
"2024-05-04 17:30:00",786,12.32044,302,1,0.45,-99,1.73,-99,0.1331,-99,0.03058,-99,36.92
"2024-05-04 18:00:00",787,12.32044,302,1,0.375,-99,1.44,-99,0.1112,-99,0.02274,-99,40.811
"2024-05-04 18:30:00",788,12.30785,302,1,0.336,-99,1.29,-99,0.09924,-99,0.00512,-99,36.811
"2024-05-04 19:00:00",789,12.30533,302,1,0.281,-99,1.08,-99,0.08311,-99,0,-99,37.771
"2024-05-04 19:30:00",790,12.30953,302,1,0.182,-99,0.7,-99,0.05386,-99,-0.01793,-99,37.09
"2024-05-04 20:00:00",791,12.30785,302,1,0.107,-99,0.41,-99,0.0318,-99,-0.02575,-99,36.834
"2024-05-04 20:30:00",792,12.29106,302,1,0.065,-99,0.25,-99,0.01894,-99,-0.04093,-99,37.149
"2024-05-04 21:00:00",793,12.30953,302,1,0.031,-99,0.12,-99,0.00942,-99,-0.04597,-99,37.596
"2024-05-04 21:30:00",794,12.31121,302,1,-0.017,-99,-0.07,-99,-0.00631,-99,-0.05355,-99,36.769
"2024-05-04 22:00:00",795,12.29946,302,1,-0.038,-99,-0.15,-99,-0.01259,-99,-0.06635,-99,37.132
"2024-05-04 22:30:00",796,12.30953,302,1,-0.082,-99,-0.32,-99,-0.02515,-99,-0.06887,-99,37.7
"2024-05-04 23:00:00",797,12.3003,302,1,-0.072,-99,-0.28,-99,-0.02201,-99,-0.06635,-99,37.955
"2024-05-04 23:30:00",798,12.30449,302,1,-0.059,-99,-0.23,-99,-0.01885,-99,-0.06373,-99,34.634
"2024-05-05 00:00:00",799,12.30449,302,1,-0.08,-99,-0.31,-99,-0.02503,-99,-0.07151,-99,39.428
"2024-05-05 00:30:00",800,12.30282,302,1,-0.08,-99,-0.31,-99,-0.02503,-99,-0.07409,-99,37.381
"2024-05-05 01:00:00",801,12.30449,302,1,-0.09,-99,-0.35,-99,-0.02811,-99,-0.06621,-99,35.863
"2024-05-05 01:30:00",802,12.30282,302,1,-0.103,-99,-0.4,-99,-0.03139,-99,-0.06887,-99,36.746
"2024-05-05 02:00:00",803,12.30282,302,1,-0.103,-99,-0.4,-99,-0.03129,-99,-0.06887,-99,37.91
"2024-05-05 02:30:00",804,12.29946,302,1,-0.08,-99,-0.31,-99,-0.02503,-99,-0.06621,-99,36.432
"2024-05-05 03:00:00",805,12.30114,302,1,-0.103,-99,-0.4,-99,-0.03139,-99,-0.07167,-99,36.969
"2024-05-05 03:30:00",806,12.29106,302,1,-0.114,-99,-0.44,-99,-0.03435,-99,-0.07663,-99,38.698
"2024-05-05 04:00:00",807,12.29862,302,1,-0.09,-99,-0.35,-99,-0.02801,-99,-0.07151,-99,37.787
"2024-05-05 04:30:00",808,12.3003,302,1,-0.103,-99,-0.4,-99,-0.03129,-99,-0.06901,-99,37.343
"2024-05-05 05:00:00",809,12.29778,302,1,-0.069,-99,-0.27,-99,-0.02175,-99,-0.06323,-99,35.717
"2024-05-05 05:30:00",810,12.2961,302,1,-0.09,-99,-0.35,-99,-0.02801,-99,-0.06607,-99,36.9
"2024-05-05 06:00:00",811,12.27511,302,1,-0.059,-99,-0.23,-99,-0.01877,-99,-0.06111,-99,37.162
"2024-05-05 06:30:00",812,12.29946,302,1,-0.017,-99,-0.07,-99,-0.00621,-99,-0.05069,-99,36.288
"2024-05-05 07:00:00",813,12.29694,302,1,0.031,-99,0.12,-99,0.00924,-99,-0.05575,-99,36.488
"2024-05-05 07:30:00",814,12.29526,302,1,0.115,-99,0.44,-99,0.03387,-99,-0.01017,-99,36.65
"2024-05-05 08:00:00",815,12.29862,302,1,0.268,-99,1.03,-99,0.07954,-99,0.00752,-99,35.496
"2024-05-05 08:30:00",816,12.28938,302,1,0.404,-99,1.55,-99,0.11958,-99,0.03772,-99,37.204
"2024-05-05 09:00:00",817,12.29778,302,1,0.448,-99,1.72,-99,0.1327,-99,0.04776,-99,38.652
"2024-05-05 09:30:00",818,12.29694,302,1,0.539,-99,2.07,-99,0.15932,-99,0.06029,-99,39.072
"2024-05-05 10:00:00",819,12.29526,302,1,0.737,-99,2.83,-99,0.21839,-99,0.09223,-99,38.609
"2024-05-05 10:30:00",820,12.3003,302,1,0.867,-99,3.33,-99,0.25674,-99,0.12716,-99,38.006
"2024-05-05 11:00:00",821,12.30282,302,1,0.997,-99,3.83,-99,0.29554,-99,0.15336,-99,39.862
"2024-05-05 11:30:00",822,12.27847,302,1,1.195,-99,4.59,-99,0.35368,-99,0.19642,-99,40.883
"2024-05-05 12:00:00",823,12.29022,302,1,1.224,-99,4.7,-99,0.36256,-99,0.18642,-99,41.423
"2024-05-05 12:30:00",824,12.30198,302,1,1.174,-99,4.51,-99,0.34762,-99,0.20018,-99,40.88
"2024-05-05 13:00:00",825,12.30282,302,1,1.273,-99,4.89,-99,0.37726,-99,0.21429,-99,43.332
"2024-05-05 13:30:00",826,12.30617,302,1,1.333,-99,5.12,-99,0.39446,-99,0.2215,-99,42.805
"2024-05-05 14:00:00",827,12.30282,302,1,1.494,-99,5.74,-99,0.44235,-99,0.26792,-99,42.603
"2024-05-05 14:30:00",828,12.30953,302,1,1.432,-99,5.5,-99,0.4243,-99,0.2513,-99,40.569
"2024-05-05 15:00:00",829,12.30282,302,1,1.375,-99,5.28,-99,0.40675,-99,0.21026,-99,38.871
"2024-05-05 15:30:00",830,12.30869,302,1,1.393,-99,5.35,-99,0.4121,-99,0.21628,-99,39.657
"2024-05-05 16:00:00",831,12.28099,302,1,1.2,-99,4.61,-99,0.35534,-99,0.22048,-99,44.514
"2024-05-05 16:30:00",832,12.30198,302,1,1.263,-99,4.85,-99,0.37365,-99,0.1642,-99,40.701
"2024-05-05 17:00:00",833,12.29946,302,1,1.151,-99,4.42,-99,0.341,-99,0.15574,-99,39.022
"2024-05-05 17:30:00",834,12.30701,302,1,0.773,-99,2.97,-99,0.22916,-99,0.10397,-99,37.067
"2024-05-05 18:00:00",835,12.28267,302,1,0.565,-99,2.17,-99,0.16732,-99,0.05712,-99,37.189
"2024-05-05 18:30:00",836,12.30114,302,1,0.341,-99,1.31,-99,0.10086,-99,0.00518,-99,37.961
"2024-05-05 19:00:00",837,12.28855,302,1,0.219,-99,0.84,-99,0.06492,-99,0.00774,-99,38.394
"2024-05-05 19:30:00",838,12.2919,302,1,0.122,-99,0.47,-99,0.03598,-99,-0.03133,-99,37.76
"2024-05-05 20:00:00",839,12.29358,302,1,0.021,-99,0.08,-99,0.0065,-99,-0.04969,-99,37.921
"2024-05-05 20:30:00",840,12.28015,302,1,0.031,-99,0.12,-99,0.00962,-99,-0.04945,-99,37.295
"2024-05-05 21:00:00",841,12.28771,302,1,-0.051,-99,-0.2,-99,-0.01611,-99,-0.05703,-99,35.415
"2024-05-05 21:30:00",842,12.28435,302,1,-0.028,-99,-0.11,-99,-0.00961,-99,-0.04905,-99,38.491
"2024-05-05 22:00:00",843,12.26,302,1,-0.051,-99,-0.2,-99,-0.01605,-99,-0.06507,-99,37.553
"2024-05-05 22:30:00",844,12.28015,302,1,-0.051,-99,-0.2,-99,-0.01611,-99,-0.06237,-99,37.709
"2024-05-05 23:00:00",845,12.25581,302,1,-0.061,-99,-0.24,-99,-0.01921,-99,-0.06237,-99,37.653
"2024-05-05 23:30:00",846,12.27931,302,1,-0.041,-99,-0.16,-99,-0.01281,-99,-0.05703,-99,37.775
"2024-05-06 00:00:00",847,12.27763,302,1,-0.041,-99,-0.16,-99,-0.01281,-99,-0.05703,-99,37.251
"2024-05-06 00:30:00",848,12.26924,302,1,-0.093,-99,-0.36,-99,-0.02865,-99,-0.06723,-99,37.798
"2024-05-06 01:00:00",849,12.27679,302,1,-0.072,-99,-0.28,-99,-0.02235,-99,-0.06489,-99,37.227
"2024-05-06 01:30:00",850,12.25581,302,1,-0.051,-99,-0.2,-99,-0.01587,-99,-0.05691,-99,35.874
"2024-05-06 02:00:00",851,12.27511,302,1,-0.082,-99,-0.32,-99,-0.02535,-99,-0.05673,-99,35.364
"2024-05-06 02:30:00",852,12.26672,302,1,-0.061,-99,-0.24,-99,-0.01909,-99,-0.06475,-99,38.024
"2024-05-06 03:00:00",853,12.24741,302,1,-0.093,-99,-0.36,-99,-0.02875,-99,-0.06743,-99,37.702
"2024-05-06 03:30:00",854,12.27679,302,1,-0.072,-99,-0.28,-99,-0.02231,-99,-0.06743,-99,36.387
"2024-05-06 04:00:00",855,12.26672,302,1,-0.103,-99,-0.4,-99,-0.03191,-99,-0.07011,-99,36.704
"2024-05-06 04:30:00",856,12.2726,302,1,-0.082,-99,-0.32,-99,-0.02557,-99,-0.07299,-99,34.774
"2024-05-06 05:00:00",857,12.27176,302,1,-0.093,-99,-0.36,-99,-0.02881,-99,-0.07025,-99,39.193
"2024-05-06 05:30:00",858,12.25916,302,1,-0.082,-99,-0.32,-99,-0.02553,-99,-0.06743,-99,34.792
"2024-05-06 06:00:00",859,12.27092,302,1,-0.082,-99,-0.32,-99,-0.02553,-99,-0.06743,-99,36.72
"2024-05-06 06:30:00",860,12.27008,302,1,-0.116,-99,-0.45,-99,-0.03511,-99,-0.06757,-99,38.594
"2024-05-06 07:00:00",861,12.26672,302,1,-0.127,-99,-0.49,-99,-0.03837,-99,-0.07025,-99,38.13
"2024-05-06 07:30:00",862,12.26924,302,1,-0.124,-99,-0.48,-99,-0.03753,-99,-0.06423,-99,37.651
"2024-05-06 08:00:00",863,12.26336,302,1,-0.124,-99,-0.48,-99,-0.03753,-99,-0.06953,-99,39.47
"2024-05-06 08:30:00",864,12.2684,302,1,0,-99,0,-99,0,-99,-0.04631,-99,40.013
"2024-05-06 09:00:00",865,12.26756,302,1,0.052,-99,0.2,-99,0.01536,-99,-0.03067,-99,39.456
"2024-05-06 09:30:00",866,12.26672,302,1,0.26,-99,1,-99,0.0773,-99,0.00512,-99,38.561
"2024-05-06 10:00:00",867,12.26588,302,1,0.487,-99,1.87,-99,0.14444,-99,0.05404,-99,38.332
"2024-05-06 10:30:00",868,12.25665,302,1,0.625,-99,2.4,-99,0.18518,-99,0.08184,-99,38.712
"2024-05-06 11:00:00",869,12.2684,302,1,0.82,-99,3.15,-99,0.24265,-99,0.11477,-99,39.375
"2024-05-06 11:30:00",870,12.27176,302,1,1.047,-99,4.02,-99,0.31015,-99,0.16152,-99,39.243
"2024-05-06 12:00:00",871,12.27092,302,1,1.278,-99,4.91,-99,0.3781,-99,0.21869,-99,39.75
"2024-05-06 12:30:00",872,12.24909,302,1,1.468,-99,5.64,-99,0.43436,-99,0.2436,-99,38.244
"2024-05-06 13:00:00",873,12.27344,302,1,1.507,-99,5.79,-99,0.4466,-99,0.26654,-99,40.001
"2024-05-06 13:30:00",874,12.2726,302,1,1.598,-99,6.14,-99,0.47301,-99,0.26876,-99,41.742
"2024-05-06 14:00:00",875,12.27679,302,1,1.627,-99,6.25,-99,0.48205,-99,0.27386,-99,41.623
"2024-05-06 14:30:00",876,12.27595,302,1,1.778,-99,6.83,-99,0.52664,-99,0.3015,-99,41.776
"2024-05-06 15:00:00",877,12.27595,302,1,1.664,-99,6.39,-99,0.49224,-99,0.27738,-99,39.175
"2024-05-06 15:30:00",878,12.28015,302,1,1.71,-99,6.57,-99,0.50666,-99,0.29498,-99,39.067
"2024-05-06 16:00:00",879,12.2684,302,1,1.794,-99,6.89,-99,0.53086,-99,0.28476,-99,52.559
"2024-05-06 16:30:00",880,12.27763,302,1,1.476,-99,5.67,-99,0.43676,-99,0.24054,-99,39.119
"2024-05-06 17:00:00",881,12.27344,302,1,1.377,-99,5.29,-99,0.4081,-99,0.22202,-99,39.236
"2024-05-06 17:30:00",882,12.27847,302,1,1.338,-99,5.14,-99,0.39603,-99,0.21855,-99,38.248
"2024-05-06 18:00:00",883,12.27763,302,1,1.091,-99,4.19,-99,0.32277,-99,0.15536,-99,37.957
"2024-05-06 18:30:00",884,12.27344,302,1,0.752,-99,2.89,-99,0.22238,-99,0.09478,-99,39.726
"2024-05-06 19:00:00",885,12.26168,302,1,0.518,-99,1.99,-99,0.15314,-99,0.04476,-99,38.092
"2024-05-06 19:30:00",886,12.2726,302,1,0.336,-99,1.29,-99,0.0994,-99,0.00526,-99,38.05
"2024-05-06 20:00:00",887,12.2642,302,1,0.224,-99,0.86,-99,0.0662,-99,-0.00799,-99,40.033
"2024-05-06 20:30:00",888,12.26,302,1,0.133,-99,0.51,-99,0.03935,-99,-0.02635,-99,36.024
"2024-05-06 21:00:00",889,12.25833,302,1,0.089,-99,0.34,-99,0.02636,-99,-0.03431,-99,36.647
"2024-05-06 21:30:00",890,12.25581,302,1,0.023,-99,0.09,-99,0.00674,-99,-0.05067,-99,34.978
"2024-05-06 22:00:00",891,12.25245,302,1,0.023,-99,0.09,-99,0.00668,-99,-0.04803,-99,35.573
"2024-05-06 22:30:00",892,12.24909,302,1,0.023,-99,0.09,-99,0.00656,-99,-0.04753,-99,36.776
"2024-05-06 23:00:00",893,12.24741,302,1,-0.02,-99,-0.08,-99,-0.00657,-99,-0.03941,-99,36.764
"2024-05-06 23:30:00",894,12.24573,302,1,0.044,-99,0.17,-99,0.01301,-99,-0.04753,-99,37.515
"2024-05-07 00:00:00",895,12.23398,302,1,-0.064,-99,-0.25,-99,-0.01997,-99,-0.06647,-99,37.511
"2024-05-07 00:30:00",896,12.21887,302,1,-0.051,-99,-0.2,-99,-0.01647,-99,-0.06625,-99,39.319
"2024-05-07 01:00:00",897,12.23734,302,1,-0.051,-99,-0.2,-99,-0.01635,-99,-0.05805,-99,37.806
"2024-05-07 01:30:00",898,12.23734,302,1,-0.051,-99,-0.2,-99,-0.01635,-99,-0.05805,-99,36.359
"2024-05-07 02:00:00",899,12.22643,302,1,-0.074,-99,-0.29,-99,-0.02287,-99,-0.06049,-99,36.942
"2024-05-07 02:30:00",900,12.23566,302,1,-0.061,-99,-0.24,-99,-0.01957,-99,-0.06591,-99,36.885
"2024-05-07 03:00:00",901,12.22055,302,1,-0.085,-99,-0.33,-99,-0.02605,-99,-0.07119,-99,36.682
"2024-05-07 03:30:00",902,12.21467,302,1,-0.074,-99,-0.29,-99,-0.02279,-99,-0.06591,-99,34.325
"2024-05-07 04:00:00",903,12.22139,302,1,-0.072,-99,-0.28,-99,-0.02261,-99,-0.06829,-99,36.872
"2024-05-07 04:30:00",904,12.22643,302,1,-0.106,-99,-0.41,-99,-0.03217,-99,-0.07083,-99,36.198
"2024-05-07 05:00:00",905,12.21719,302,1,-0.085,-99,-0.33,-99,-0.02605,-99,-0.06049,-99,39.002
"2024-05-07 05:30:00",906,12.22727,302,1,-0.074,-99,-0.29,-99,-0.02287,-99,-0.06339,-99,36.175
"2024-05-07 06:00:00",907,12.22055,302,1,-0.095,-99,-0.37,-99,-0.02921,-99,-0.06847,-99,37.692
"2024-05-07 06:30:00",908,12.21719,302,1,-0.061,-99,-0.24,-99,-0.01929,-99,-0.05765,-99,36.35
"2024-05-07 07:00:00",909,12.22894,302,1,-0.082,-99,-0.32,-99,-0.02573,-99,-0.06577,-99,37.451
"2024-05-07 07:30:00",910,12.213,302,1,-0.095,-99,-0.37,-99,-0.02921,-99,-0.04985,-99,35.262
"2024-05-07 08:00:00",911,12.22307,302,1,-0.03,-99,-0.12,-99,-0.00979,-99,-0.05537,-99,36.774
"2024-05-07 08:30:00",912,12.22307,302,1,0.107,-99,0.41,-99,0.03161,-99,-0.02609,-99,36.661
"2024-05-07 09:00:00",913,12.20964,302,1,0.195,-99,0.75,-99,0.0577,-99,-0.01311,-99,39.414
"2024-05-07 09:30:00",914,12.20124,302,1,0.284,-99,1.09,-99,0.08388,-99,0.00524,-99,38.472
"2024-05-07 10:00:00",915,12.22391,302,1,0.404,-99,1.55,-99,0.11928,-99,0.02882,-99,38.06
"2024-05-07 10:30:00",916,12.22475,302,1,0.383,-99,1.47,-99,0.11357,-99,0.02364,-99,39.523
"2024-05-07 11:00:00",917,12.22139,302,1,0.37,-99,1.42,-99,0.10978,-99,0.02358,-99,39.251
"2024-05-07 11:30:00",918,12.21971,302,1,0.398,-99,1.53,-99,0.11776,-99,0.02866,-99,38.562
"2024-05-07 12:00:00",919,12.22391,302,1,0.536,-99,2.06,-99,0.15905,-99,0.0598,-99,39.071
"2024-05-07 12:30:00",920,12.22139,302,1,0.672,-99,2.58,-99,0.19872,-99,0.08045,-99,37.72
"2024-05-07 13:00:00",921,12.21132,302,1,0.659,-99,2.53,-99,0.19478,-99,0.07854,-99,39.445
"2024-05-07 13:30:00",922,12.22139,302,1,0.758,-99,2.91,-99,0.22458,-99,0.1015,-99,39.069
"2024-05-07 14:00:00",923,12.21216,302,1,0.89,-99,3.42,-99,0.2635,-99,0.1297,-99,39.547
"2024-05-07 14:30:00",924,12.22391,302,1,1.14,-99,4.38,-99,0.33752,-99,0.1828,-99,39.912
"2024-05-07 15:00:00",925,12.22643,302,1,1.497,-99,5.75,-99,0.44331,-99,0.24282,-99,39.926
"2024-05-07 15:30:00",926,12.22475,302,1,1.377,-99,5.29,-99,0.4081,-99,0.22196,-99,38.575
"2024-05-07 16:00:00",927,12.22391,302,1,1.145,-99,4.4,-99,0.33944,-99,0.238,-99,46.659
"2024-05-07 16:30:00",928,12.22307,302,1,1.515,-99,5.82,-99,0.4485,-99,0.23842,-99,37.843
"2024-05-07 17:00:00",929,12.21048,302,1,1.403,-99,5.39,-99,0.4154,-99,0.21002,-99,39.304
"2024-05-07 17:30:00",930,12.21719,302,1,1.153,-99,4.43,-99,0.34162,-99,0.1668,-99,41.907
"2024-05-07 18:00:00",931,12.21551,302,1,0.974,-99,3.74,-99,0.28864,-99,0.13208,-99,40.458
"2024-05-07 18:30:00",932,12.21971,302,1,0.841,-99,3.23,-99,0.24924,-99,0.13732,-99,35.948
"2024-05-07 19:00:00",933,12.22223,302,1,0.713,-99,2.74,-99,0.21094,-99,0.08026,-99,38.392
"2024-05-07 19:30:00",934,12.19285,302,1,0.534,-99,2.05,-99,0.15828,-99,0.05595,-99,38.92
"2024-05-07 20:00:00",935,12.21803,302,1,0.362,-99,1.39,-99,0.10746,-99,0.01332,-99,38.771
"2024-05-07 20:30:00",936,12.21635,302,1,0.203,-99,0.78,-99,0.06036,-99,-0.01343,-99,35.872
"2024-05-07 21:00:00",937,12.20628,302,1,0.102,-99,0.39,-99,0.03003,-99,-0.03205,-99,36.396
"2024-05-07 21:30:00",938,12.20796,302,1,0.023,-99,0.09,-99,0.00667,-99,-0.04529,-99,36.665
"2024-05-07 22:00:00",939,12.20712,302,1,0,-99,0,-99,0,-99,-0.05337,-99,36.617
"2024-05-07 22:30:00",940,12.20544,302,1,-0.03,-99,-0.12,-99,-0.01001,-99,-0.05885,-99,37.243
"2024-05-07 23:00:00",941,12.19956,302,1,-0.051,-99,-0.2,-99,-0.01657,-99,-0.06127,-99,36.818
"2024-05-07 23:30:00",942,12.19956,302,1,-0.041,-99,-0.16,-99,-0.01331,-99,-0.06385,-99,37.587
"2024-05-08 00:00:00",943,12.19621,302,1,-0.064,-99,-0.25,-99,-0.01989,-99,-0.06663,-99,34.945
"2024-05-08 00:30:00",944,12.19621,302,1,-0.098,-99,-0.38,-99,-0.02997,-99,-0.07217,-99,36.893
"2024-05-08 01:00:00",945,12.19117,302,1,-0.064,-99,-0.25,-99,-0.01989,-99,-0.06663,-99,36.89
"2024-05-08 01:30:00",946,12.19117,302,1,-0.064,-99,-0.25,-99,-0.01973,-99,-0.06625,-99,36.368
"2024-05-08 02:00:00",947,12.18781,302,1,-0.051,-99,-0.2,-99,-0.01647,-99,-0.06663,-99,35.583
"2024-05-08 02:30:00",948,12.18865,302,1,-0.064,-99,-0.25,-99,-0.01973,-99,-0.06127,-99,37.251
"2024-05-08 03:00:00",949,12.18865,302,1,-0.051,-99,-0.2,-99,-0.01651,-99,-0.06385,-99,35.789
"2024-05-08 03:30:00",950,12.16347,302,1,-0.064,-99,-0.25,-99,-0.01969,-99,-0.05839,-99,37.872
"2024-05-08 04:00:00",951,12.18613,302,1,-0.051,-99,-0.2,-99,-0.01633,-99,-0.06353,-99,36.512
"2024-05-08 04:30:00",952,12.18445,302,1,-0.074,-99,-0.29,-99,-0.02279,-99,-0.06353,-99,36.928
"2024-05-08 05:00:00",953,12.18278,302,1,-0.072,-99,-0.28,-99,-0.02261,-99,-0.06303,-99,37.236
"2024-05-08 05:30:00",954,12.18529,302,1,-0.095,-99,-0.37,-99,-0.02915,-99,-0.05779,-99,37.235
"2024-05-08 06:00:00",955,12.18362,302,1,-0.129,-99,-0.5,-99,-0.03909,-99,-0.08793,-99,37.359
"2024-05-08 06:30:00",956,12.18781,302,1,-0.03,-99,-0.12,-99,-0.00973,-99,-0.06081,-99,40.086
"2024-05-08 07:00:00",957,12.18445,302,1,-0.061,-99,-0.24,-99,-0.01945,-99,-0.05537,-99,35.754
"2024-05-08 07:30:00",958,12.17354,302,1,0.096,-99,0.37,-99,0.02861,-99,-0.02887,-99,37.18
"2024-05-08 08:00:00",959,12.17942,302,1,0.328,-99,1.26,-99,0.09708,-99,0.01812,-99,37.664
"2024-05-08 08:30:00",960,12.18362,302,1,0.708,-99,2.72,-99,0.20982,-99,0.09802,-99,40.827
"2024-05-08 09:00:00",961,12.18278,302,1,1.221,-99,4.69,-99,0.36123,-99,0.19266,-99,41.999
"2024-05-08 09:30:00",962,12.1769,302,1,1.445,-99,5.55,-99,0.42777,-99,0.24323,-99,40.321
"2024-05-08 10:00:00",963,12.19201,302,1,1.567,-99,6.02,-99,0.4643,-99,0.25324,-99,41.565
"2024-05-08 10:30:00",964,12.19621,302,1,1.775,-99,6.82,-99,0.5259,-99,0.30538,-99,39.688
"2024-05-08 11:00:00",965,12.19285,302,1,1.825,-99,7.01,-99,0.54004,-99,0.31495,-99,41.604
"2024-05-08 11:30:00",966,12.19705,302,1,1.82,-99,6.99,-99,0.53903,-99,0.33088,-99,42.302
"2024-05-08 12:00:00",967,12.2004,302,1,1.822,-99,7,-99,0.53968,-99,0.32277,-99,42.191
"2024-05-08 12:30:00",968,12.20712,302,1,1.838,-99,7.06,-99,0.54412,-99,0.3369,-99,40.578
"2024-05-08 13:00:00",969,12.20628,302,1,1.88,-99,7.22,-99,0.5566,-99,0.33394,-99,42.578
"2024-05-08 13:30:00",970,12.20964,302,1,1.822,-99,7,-99,0.53935,-99,0.3176,-99,41.655
"2024-05-08 14:00:00",971,12.2046,302,1,1.809,-99,6.95,-99,0.53581,-99,0.32245,-99,38.586
"2024-05-08 14:30:00",972,12.2046,302,1,1.762,-99,6.77,-99,0.52221,-99,0.34688,-99,38.33
"2024-05-08 15:00:00",973,12.21132,302,1,1.833,-99,7.04,-99,0.54262,-99,0.31872,-99,42.097
"2024-05-08 15:30:00",974,12.20712,302,1,1.757,-99,6.75,-99,0.5201,-99,0.29942,-99,43.352
"2024-05-08 16:00:00",975,12.21971,302,1,1.408,-99,5.41,-99,0.41667,-99,0.28011,-99,44.014
"2024-05-08 16:30:00",976,12.21384,302,1,1.643,-99,6.31,-99,0.48617,-99,0.2665,-99,40.441
"2024-05-08 17:00:00",977,12.20544,302,1,1.408,-99,5.41,-99,0.41684,-99,0.21002,-99,41.826
"2024-05-08 17:30:00",978,12.20376,302,1,1.122,-99,4.31,-99,0.33184,-99,0.1668,-99,38.15
"2024-05-08 18:00:00",979,12.2088,302,1,1.06,-99,4.07,-99,0.31378,-99,0.15254,-99,41.468
"2024-05-08 18:30:00",980,12.18613,302,1,0.812,-99,3.12,-99,0.24034,-99,0.10366,-99,38.588
"2024-05-08 19:00:00",981,12.20544,302,1,0.646,-99,2.48,-99,0.19088,-99,0.07959,-99,34.115
"2024-05-08 19:30:00",982,12.19117,302,1,0.518,-99,1.99,-99,0.1536,-99,0.0556,-99,35.787
"2024-05-08 20:00:00",983,12.20376,302,1,0.323,-99,1.24,-99,0.09592,-99,0.01878,-99,35.282
"2024-05-08 20:30:00",984,12.18613,302,1,0.242,-99,0.93,-99,0.07156,-99,-0.00271,-99,35.296
"2024-05-08 21:00:00",985,12.18613,302,1,0.247,-99,0.95,-99,0.07334,-99,0.01056,-99,37.689
"2024-05-08 21:30:00",986,12.18697,302,1,0.182,-99,0.7,-99,0.05364,-99,-0.00535,-99,37.019
"2024-05-08 22:00:00",987,12.1811,302,1,0.146,-99,0.56,-99,0.04339,-99,-0.02135,-99,36.876
"2024-05-08 22:30:00",988,12.18194,302,1,0.156,-99,0.6,-99,0.04633,-99,-0.01857,-99,34.9
"2024-05-08 23:00:00",989,12.18278,302,1,0.133,-99,0.51,-99,0.03956,-99,-0.02923,-99,38.479
"2024-05-08 23:30:00",990,12.17354,302,1,0.091,-99,0.35,-99,0.02672,-99,-0.02393,-99,37.008
"2024-05-09 00:00:00",991,12.17522,302,1,0.125,-99,0.48,-99,0.03686,-99,-0.02681,-99,37.223
"2024-05-09 00:30:00",992,12.17522,302,1,0.135,-99,0.52,-99,0.04036,-99,-0.03247,-99,37.657
"2024-05-09 01:00:00",993,12.16934,302,1,0.091,-99,0.35,-99,0.02681,-99,-0.03521,-99,35.235
"2024-05-09 01:30:00",994,12.15927,302,1,0.068,-99,0.26,-99,0.02033,-99,-0.03801,-99,38.507
"2024-05-09 02:00:00",995,12.16599,302,1,0.057,-99,0.22,-99,0.01676,-99,-0.04053,-99,36.525
"2024-05-09 02:30:00",996,12.16515,302,1,0.044,-99,0.17,-99,0.01344,-99,-0.04349,-99,37.265
"2024-05-09 03:00:00",997,12.16011,302,1,0.068,-99,0.26,-99,0.02016,-99,-0.04337,-99,38.521
"2024-05-09 03:30:00",998,12.15759,302,1,0.044,-99,0.17,-99,0.01348,-99,-0.04063,-99,36.299
"2024-05-09 04:00:00",999,12.15675,302,1,0.044,-99,0.17,-99,0.01348,-99,-0.04893,-99,37.333
"2024-05-09 04:30:00",1000,12.15508,302,1,0.044,-99,0.17,-99,0.01338,-99,-0.04319,-99,37.727
"2024-05-09 05:00:00",1001,12.15675,302,1,0.01,-99,0.04,-99,0.00338,-99,-0.05423,-99,37.124
"2024-05-09 05:30:00",1002,12.15256,302,1,0.01,-99,0.04,-99,0.00338,-99,-0.05129,-99,35.616
"2024-05-09 06:00:00",1003,12.13745,302,1,0,-99,0,-99,0,-99,-0.05439,-99,34.264
"2024-05-09 06:30:00",1004,12.14836,302,1,0.102,-99,0.39,-99,0.02992,-99,-0.04041,-99,38.37
"2024-05-09 07:00:00",1005,12.14752,302,1,0.211,-99,0.81,-99,0.06256,-99,-0.00807,-99,37.731
"2024-05-09 07:30:00",1006,12.1492,302,1,0.409,-99,1.57,-99,0.12087,-99,0.02656,-99,39.288
"2024-05-09 08:00:00",1007,12.1215,302,1,0.57,-99,2.19,-99,0.16864,-99,0.0633,-99,37.254
"2024-05-09 08:30:00",1008,12.12486,302,1,0.651,-99,2.5,-99,0.19246,-99,0.0794,-99,39.02
"2024-05-09 09:00:00",1009,12.14584,302,1,0.679,-99,2.61,-99,0.20101,-99,0.08218,-99,40.262
"2024-05-09 09:30:00",1010,12.13745,302,1,0.695,-99,2.67,-99,0.20556,-99,0.08744,-99,37.984
"2024-05-09 10:00:00",1011,12.13577,302,1,0.88,-99,3.38,-99,0.26037,-99,0.12863,-99,41.427
"2024-05-09 10:30:00",1012,12.1173,302,1,1.151,-99,4.42,-99,0.34092,-99,0.17895,-99,42.053
"2024-05-09 11:00:00",1013,12.15088,302,1,1.127,-99,4.33,-99,0.33366,-99,0.1717,-99,39.457
"2024-05-09 11:30:00",1014,12.13829,302,1,1.578,-99,6.06,-99,0.4669,-99,0.26441,-99,39.444
"2024-05-09 12:00:00",1015,12.15004,302,1,1.781,-99,6.84,-99,0.52747,-99,0.31433,-99,41.078
"2024-05-09 12:30:00",1016,12.12989,302,1,1.848,-99,7.1,-99,0.54722,-99,0.32994,-99,43.837
"2024-05-09 13:00:00",1017,12.15508,302,1,1.804,-99,6.93,-99,0.5341,-99,0.31626,-99,40.898
"2024-05-09 13:30:00",1018,12.16179,302,1,1.765,-99,6.78,-99,0.52294,-99,0.29364,-99,42.037
"2024-05-09 14:00:00",1019,12.16263,302,1,1.783,-99,6.85,-99,0.52809,-99,0.3041,-99,41.274
"2024-05-09 14:30:00",1020,12.15675,302,1,1.656,-99,6.36,-99,0.49022,-99,0.28694,-99,41.114
"2024-05-09 15:00:00",1021,12.16011,302,1,1.653,-99,6.35,-99,0.48959,-99,0.26256,-99,40.246
"2024-05-09 15:30:00",1022,12.15759,302,1,1.432,-99,5.5,-99,0.42422,-99,0.22078,-99,39.193
"2024-05-09 16:00:00",1023,12.15675,302,1,1.135,-99,4.36,-99,0.33588,-99,0.1668,-99,39.667
"2024-05-09 16:30:00",1024,12.1492,302,1,1.088,-99,4.18,-99,0.32205,-99,0.16438,-99,39.39
"2024-05-09 17:00:00",1025,12.12737,302,1,0.838,-99,3.22,-99,0.24828,-99,0.10702,-99,37.328
"2024-05-09 17:30:00",1026,12.14248,302,1,0.82,-99,3.15,-99,0.24276,-99,0.10366,-99,40.397
"2024-05-09 18:00:00",1027,12.13745,302,1,0.732,-99,2.81,-99,0.21688,-99,0.08654,-99,39.354
"2024-05-09 18:30:00",1028,12.14332,302,1,0.646,-99,2.48,-99,0.19123,-99,0.0654,-99,39.28
"2024-05-09 19:00:00",1029,12.12737,302,1,0.523,-99,2.01,-99,0.15467,-99,0.0489,-99,34.256
"2024-05-09 19:30:00",1030,12.13409,302,1,0.315,-99,1.21,-99,0.0933,-99,0.01356,-99,37.533
"2024-05-09 20:00:00",1031,12.13241,302,1,0.187,-99,0.72,-99,0.05552,-99,-0.01373,-99,38.649
"2024-05-09 20:30:00",1032,12.12905,302,1,0.117,-99,0.45,-99,0.03434,-99,-0.02457,-99,40.056
"2024-05-09 21:00:00",1033,12.12653,302,1,0.07,-99,0.27,-99,0.02062,-99,-0.04667,-99,37.446
"2024-05-09 21:30:00",1034,12.12318,302,1,0.057,-99,0.22,-99,0.01714,-99,-0.04093,-99,36.915
"2024-05-09 22:00:00",1035,12.11898,302,1,0.047,-99,0.18,-99,0.01366,-99,-0.04085,-99,37.017
"2024-05-09 22:30:00",1036,12.11646,302,1,0.034,-99,0.13,-99,0.01014,-99,-0.05717,-99,39.231
"2024-05-09 23:00:00",1037,12.11394,302,1,-0.007,-99,-0.03,-99,-0.00343,-99,-0.05439,-99,37.047
"2024-05-09 23:30:00",1038,12.10555,302,1,-0.007,-99,-0.03,-99,-0.00337,-99,-0.05971,-99,37.451
"2024-05-10 00:00:00",1039,12.08624,302,1,-0.007,-99,-0.03,-99,-0.00335,-99,-0.05393,-99,37.135
"2024-05-10 00:30:00",1040,12.10555,302,1,-0.007,-99,-0.03,-99,-0.00335,-99,-0.05393,-99,39.178
"2024-05-10 01:00:00",1041,12.10555,302,1,-0.007,-99,-0.03,-99,-0.00337,-99,-0.05703,-99,38.536
"2024-05-10 01:30:00",1042,12.10219,302,1,-0.054,-99,-0.21,-99,-0.01685,-99,-0.05971,-99,35.58
"2024-05-10 02:00:00",1043,12.09379,302,1,-0.03,-99,-0.12,-99,-0.01011,-99,-0.05685,-99,37.569
"2024-05-10 02:30:00",1044,12.10135,302,1,-0.054,-99,-0.21,-99,-0.01685,-99,-0.06489,-99,37.566
"2024-05-10 03:00:00",1045,12.09883,302,1,-0.054,-99,-0.21,-99,-0.01669,-99,-0.06489,-99,38.082
"2024-05-10 03:30:00",1046,12.09967,302,1,-0.064,-99,-0.25,-99,-0.02001,-99,-0.07029,-99,36.211
"2024-05-10 04:00:00",1047,12.09883,302,1,-0.098,-99,-0.38,-99,-0.02997,-99,-0.07013,-99,36.732
"2024-05-10 04:30:00",1048,12.09463,302,1,-0.074,-99,-0.29,-99,-0.02333,-99,-0.06749,-99,37.293
"2024-05-10 05:00:00",1049,12.10135,302,1,-0.074,-99,-0.29,-99,-0.02343,-99,-0.07029,-99,37.336
"2024-05-10 05:30:00",1050,12.09799,302,1,-0.088,-99,-0.34,-99,-0.02689,-99,-0.07313,-99,37.179
"2024-05-10 06:00:00",1051,12.09799,302,1,-0.088,-99,-0.34,-99,-0.02689,-99,-0.06769,-99,36.356
"2024-05-10 06:30:00",1052,12.09631,302,1,-0.108,-99,-0.42,-99,-0.03347,-99,-0.07575,-99,36.202
"2024-05-10 07:00:00",1053,12.09463,302,1,-0.108,-99,-0.42,-99,-0.03337,-99,-0.06735,-99,36.932
"2024-05-10 07:30:00",1054,12.09212,302,1,-0.098,-99,-0.38,-99,-0.02971,-99,-0.07253,-99,39.994
"2024-05-10 08:00:00",1055,12.08792,302,1,-0.03,-99,-0.12,-99,-0.00985,-99,-0.06163,-99,38.19
"2024-05-10 08:30:00",1056,12.09212,302,1,0.055,-99,0.21,-99,0.01632,-99,-0.03209,-99,37.861
"2024-05-10 09:00:00",1057,12.09379,302,1,0.208,-99,0.8,-99,0.06158,-99,-0.00265,-99,36.605
"2024-05-10 09:30:00",1058,12.09379,302,1,0.393,-99,1.51,-99,0.1166,-99,0.02923,-99,40.505
"2024-05-10 10:00:00",1059,12.09044,302,1,0.458,-99,1.76,-99,0.13572,-99,0.03476,-99,38.365
"2024-05-10 10:30:00",1060,12.07113,302,1,0.443,-99,1.7,-99,0.13124,-99,0.02964,-99,38.681
"2024-05-10 11:00:00",1061,12.08792,302,1,0.45,-99,1.73,-99,0.13353,-99,0.0376,-99,40.927
"2024-05-10 11:30:00",1062,12.08876,302,1,0.422,-99,1.62,-99,0.12492,-99,0.02432,-99,36.831
"2024-05-10 12:00:00",1063,12.07701,302,1,0.39,-99,1.5,-99,0.11538,-99,0.0216,-99,36.528
"2024-05-10 12:30:00",1064,12.0896,302,1,0.453,-99,1.74,-99,0.13442,-99,0.03233,-99,37.552
"2024-05-10 13:00:00",1065,12.07701,302,1,0.435,-99,1.67,-99,0.12854,-99,0.02432,-99,39.795
"2024-05-10 13:30:00",1066,12.08456,302,1,0.479,-99,1.84,-99,0.14168,-99,0.04228,-99,40.89
"2024-05-10 14:00:00",1067,12.0854,302,1,0.549,-99,2.11,-99,0.16271,-99,0.06366,-99,37.917
"2024-05-10 14:30:00",1068,12.08456,302,1,0.674,-99,2.59,-99,0.19937,-99,0.08954,-99,38.223
"2024-05-10 15:00:00",1069,12.08037,302,1,0.846,-99,3.25,-99,0.25088,-99,0.11092,-99,39.092
"2024-05-10 15:30:00",1070,12.08288,302,1,0.833,-99,3.2,-99,0.24696,-99,0.10022,-99,40.004
"2024-05-10 16:00:00",1071,12.08204,302,1,0.692,-99,2.66,-99,0.2052,-99,0.08152,-99,39.331
"2024-05-10 16:30:00",1072,12.07868,302,1,0.557,-99,2.14,-99,0.1653,-99,0.04083,-99,38.778
"2024-05-10 17:00:00",1073,12.07785,302,1,0.508,-99,1.95,-99,0.15,-99,0.05086,-99,37.208
"2024-05-10 17:30:00",1074,12.07449,302,1,0.453,-99,1.74,-99,0.13442,-99,0.03271,-99,37.386
"2024-05-10 18:00:00",1075,12.05014,302,1,0.393,-99,1.51,-99,0.11612,-99,0.01625,-99,36.967
"2024-05-10 18:30:00",1076,12.07029,302,1,0.333,-99,1.28,-99,0.09854,-99,-0.00273,-99,36.959
"2024-05-10 19:00:00",1077,12.06106,302,1,0.299,-99,1.15,-99,0.08844,-99,0.00268,-99,38.071
"2024-05-10 19:30:00",1078,12.06693,302,1,0.206,-99,0.79,-99,0.06123,-99,-0.02445,-99,38.499
"2024-05-10 20:00:00",1079,12.03587,302,1,0.138,-99,0.53,-99,0.04083,-99,-0.02707,-99,37.856
"2024-05-10 20:30:00",1080,12.0619,302,1,0.07,-99,0.27,-99,0.02052,-99,-0.03811,-99,39.516
"2024-05-10 21:00:00",1081,12.05938,302,1,0.047,-99,0.18,-99,0.01356,-99,-0.03801,-99,36.672
"2024-05-10 21:30:00",1082,12.04847,302,1,0.023,-99,0.09,-99,0.00678,-99,-0.05145,-99,35.738
"2024-05-10 22:00:00",1083,12.0535,302,1,0,-99,0,-99,0,-99,-0.05145,-99,37.14
"2024-05-10 22:30:00",1084,12.05014,302,1,0,-99,0,-99,0,-99,-0.05393,-99,37.391
"2024-05-10 23:00:00",1085,12.05014,302,1,-0.007,-99,-0.03,-99,-0.00337,-99,-0.03769,-99,36.148
"2024-05-10 23:30:00",1086,12.04511,302,1,-0.02,-99,-0.08,-99,-0.00683,-99,-0.04893,-99,34.262
"2024-05-11 00:00:00",1087,12.04595,302,1,-0.007,-99,-0.03,-99,-0.00335,-99,-0.05935,-99,36.71
"2024-05-11 00:30:00",1088,12.04679,302,1,-0.03,-99,-0.12,-99,-0.01025,-99,-0.05981,-99,37.31
"2024-05-11 01:00:00",1089,12.04427,302,1,-0.077,-99,-0.3,-99,-0.02351,-99,-0.07013,-99,37.081
"2024-05-11 01:30:00",1090,12.01321,302,1,-0.088,-99,-0.34,-99,-0.02679,-99,-0.06749,-99,35.787
"2024-05-11 02:00:00",1091,12.04343,302,1,-0.043,-99,-0.17,-99,-0.01349,-99,-0.05949,-99,36.635
"2024-05-11 02:30:00",1092,12.03503,302,1,0,-99,0,-99,0,-99,-0.05393,-99,37.404
"2024-05-11 03:00:00",1093,12.03587,302,1,0,-99,0,-99,0,-99,-0.05409,-99,36.596
"2024-05-11 03:30:00",1094,12.02496,302,1,-0.007,-99,-0.03,-99,-0.00345,-99,-0.06279,-99,35.65
"2024-05-11 04:00:00",1095,12.03503,302,1,-0.007,-99,-0.03,-99,-0.00337,-99,-0.05703,-99,37.068
"2024-05-11 04:30:00",1096,12.00397,302,1,-0.007,-99,-0.03,-99,-0.00337,-99,-0.05971,-99,36.144
"2024-05-11 05:00:00",1097,12.02832,302,1,0,-99,0,-99,0,-99,-0.05717,-99,36.543
"2024-05-11 05:30:00",1098,12.02916,302,1,0,-99,0,-99,0,-99,-0.05717,-99,37.333
"2024-05-11 06:00:00",1099,12.02664,302,1,0.01,-99,0.04,-99,0.00336,-99,-0.04869,-99,35.396
"2024-05-11 06:30:00",1100,12.0216,302,1,-0.03,-99,-0.12,-99,-0.01015,-99,-0.06229,-99,35.921
"2024-05-11 07:00:00",1101,12.02077,302,1,0.044,-99,0.17,-99,0.01328,-99,-0.04031,-99,36.752
"2024-05-11 07:30:00",1102,12.02328,302,1,0.156,-99,0.6,-99,0.04589,-99,-0.01605,-99,38.102
"2024-05-11 08:00:00",1103,12.02244,302,1,0.318,-99,1.22,-99,0.09404,-99,0.01846,-99,41.276
"2024-05-11 08:30:00",1104,12.02244,302,1,0.565,-99,2.17,-99,0.16702,-99,0.06077,-99,39.069
"2024-05-11 09:00:00",1105,12.02916,302,1,0.828,-99,3.18,-99,0.24476,-99,0.11591,-99,44.215
"2024-05-11 09:30:00",1106,12.02748,302,1,0.981,-99,3.77,-99,0.2905,-99,0.1427,-99,39.765
"2024-05-11 10:00:00",1107,12.02748,302,1,1.156,-99,4.44,-99,0.34253,-99,0.17846,-99,41.062
"2024-05-11 10:30:00",1108,12.02496,302,1,1.302,-99,5,-99,0.38532,-99,0.20433,-99,39.281
"2024-05-11 11:00:00",1109,12.03,302,1,1.299,-99,4.99,-99,0.38454,-99,0.21621,-99,41.398
"2024-05-11 11:30:00",1110,12.01237,302,1,1.26,-99,4.84,-99,0.37274,-99,0.20512,-99,39.166
"2024-05-11 12:00:00",1111,12.03336,302,1,1.296,-99,4.98,-99,0.3838,-99,0.22141,-99,42.727
"2024-05-11 12:30:00",1112,12.03587,302,1,1.265,-99,4.86,-99,0.3747,-99,0.2025,-99,42.986
"2024-05-11 13:00:00",1113,12.02664,302,1,1.325,-99,5.09,-99,0.39222,-99,0.215,-99,40.387
"2024-05-11 13:30:00",1114,12.04259,302,1,1.283,-99,4.93,-99,0.38013,-99,0.18966,-99,38.751
"2024-05-11 14:00:00",1115,12.03923,302,1,1.192,-99,4.58,-99,0.35302,-99,0.18037,-99,40.999
"2024-05-11 14:30:00",1116,12.01237,302,1,1.216,-99,4.67,-99,0.3599,-99,0.17504,-99,39.486
"2024-05-11 15:00:00",1117,12.02832,302,1,1.273,-99,4.89,-99,0.37717,-99,0.1938,-99,40.357
"2024-05-11 15:30:00",1118,12.01405,302,1,1.307,-99,5.02,-99,0.38712,-99,0.19209,-99,41.16
"2024-05-11 16:00:00",1119,12.03671,302,1,1.177,-99,4.52,-99,0.34852,-99,0.1706,-99,39.29
"2024-05-11 16:30:00",1120,12.03503,302,1,1.164,-99,4.47,-99,0.3445,-99,0.17307,-99,41.938
"2024-05-11 17:00:00",1121,12.03419,302,1,1.192,-99,4.58,-99,0.35302,-99,0.1706,-99,44.166
"2024-05-11 17:30:00",1122,12.03084,302,1,1.125,-99,4.32,-99,0.33304,-99,0.16192,-99,35.813
"2024-05-11 18:00:00",1123,12.03168,302,1,1.052,-99,4.04,-99,0.31118,-99,0.14174,-99,43.009
"2024-05-11 18:30:00",1124,12.0216,302,1,0.958,-99,3.68,-99,0.28395,-99,0.1395,-99,41.14
"2024-05-11 19:00:00",1125,12.03252,302,1,0.945,-99,3.63,-99,0.2795,-99,0.11165,-99,35.994
"2024-05-11 19:30:00",1126,12.02664,302,1,0.833,-99,3.2,-99,0.24632,-99,0.09609,-99,37.485
"2024-05-11 20:00:00",1127,12.0023,302,1,0.651,-99,2.5,-99,0.19258,-99,0.06556,-99,37.909
"2024-05-11 20:30:00",1128,12.01825,302,1,0.466,-99,1.79,-99,0.13814,-99,0.03002,-99,37.426
"2024-05-11 21:00:00",1129,12.01657,302,1,0.31,-99,1.19,-99,0.09172,-99,0.00542,-99,37.852
"2024-05-11 21:30:00",1130,11.99306,302,1,0.229,-99,0.88,-99,0.068,-99,-0.01089,-99,37.007
"2024-05-11 22:00:00",1131,12.01237,302,1,0.161,-99,0.62,-99,0.04776,-99,-0.02453,-99,36.333
"2024-05-11 22:30:00",1132,12.00985,302,1,0.128,-99,0.49,-99,0.03746,-99,-0.02997,-99,35.659
"2024-05-11 23:00:00",1133,12.00649,302,1,0.091,-99,0.35,-99,0.02702,-99,-0.03253,-99,35.942
"2024-05-11 23:30:00",1134,12.00314,302,1,0.057,-99,0.22,-99,0.01688,-99,-0.03801,-99,36.752
"2024-05-12 00:00:00",1135,12.00985,302,1,0.068,-99,0.26,-99,0.02026,-99,-0.04615,-99,37.948
"2024-05-12 00:30:00",1136,12.00482,302,1,0.034,-99,0.13,-99,0.01014,-99,-0.04349,-99,36.452
"2024-05-12 01:00:00",1137,12.00649,302,1,0.034,-99,0.13,-99,0.01014,-99,-0.05175,-99,36.092
"2024-05-12 01:30:00",1138,12.00062,302,1,0,-99,0,-99,0,-99,-0.05423,-99,38.495
"2024-05-12 02:00:00",1139,11.99474,302,1,0.023,-99,0.09,-99,0.00668,-99,-0.05159,-99,35.98
"2024-05-12 02:30:00",1140,12.00314,302,1,0.01,-99,0.04,-99,0.00338,-99,-0.04631,-99,37.754
"2024-05-12 03:00:00",1141,12.0023,302,1,0,-99,0,-99,0,-99,-0.05703,-99,37.398
"2024-05-12 03:30:00",1142,12.00314,302,1,-0.007,-99,-0.03,-99,-0.00335,-99,-0.05703,-99,36.058
"2024-05-12 04:00:00",1143,11.99978,302,1,-0.02,-99,-0.08,-99,-0.00667,-99,-0.05673,-99,35.684
"2024-05-12 04:30:00",1144,11.99894,302,1,0,-99,0,-99,0,-99,-0.04869,-99,36.295
"2024-05-12 05:00:00",1145,11.9939,302,1,-0.02,-99,-0.08,-99,-0.00667,-99,-0.05685,-99,36.821
"2024-05-12 05:30:00",1146,11.99894,302,1,-0.02,-99,-0.08,-99,-0.00669,-99,-0.05949,-99,35.811
"2024-05-12 06:00:00",1147,11.99558,302,1,-0.007,-99,-0.03,-99,-0.00337,-99,-0.05717,-99,36.306
"2024-05-12 06:30:00",1148,11.99642,302,1,-0.041,-99,-0.16,-99,-0.01341,-99,-0.05685,-99,40.076
"2024-05-12 07:00:00",1149,11.99642,302,1,0.01,-99,0.04,-99,0.00328,-99,-0.05121,-99,37.15
"2024-05-12 07:30:00",1150,11.99474,302,1,0.055,-99,0.21,-99,0.01642,-99,-0.04041,-99,37.897
"2024-05-12 08:00:00",1151,11.99138,302,1,0.122,-99,0.47,-99,0.03586,-99,-0.02681,-99,38.095
"2024-05-12 08:30:00",1152,11.99726,302,1,0.328,-99,1.26,-99,0.0968,-99,0.01592,-99,37.405
"2024-05-12 09:00:00",1153,11.9981,302,1,0.401,-99,1.54,-99,0.11849,-99,0.02646,-99,37.923
"2024-05-12 09:30:00",1154,11.98971,302,1,0.617,-99,2.37,-99,0.18233,-99,0.06642,-99,38.236
"2024-05-12 10:00:00",1155,11.99978,302,1,0.843,-99,3.24,-99,0.2501,-99,0.11622,-99,38.535
"2024-05-12 10:30:00",1156,12.00314,302,1,0.955,-99,3.67,-99,0.28293,-99,0.1353,-99,38.062
"2024-05-12 11:00:00",1157,12.00565,302,1,1.039,-99,3.99,-99,0.30759,-99,0.15334,-99,40.133
"2024-05-12 11:30:00",1158,12.00733,302,1,1.177,-99,4.52,-99,0.34831,-99,0.18704,-99,40.813
"2024-05-12 12:00:00",1159,12.00733,302,1,1.32,-99,5.07,-99,0.3906,-99,0.2078,-99,41.011
"2024-05-12 12:30:00",1160,11.98467,302,1,1.536,-99,5.9,-99,0.4549,-99,0.27503,-99,38.416
"2024-05-12 13:00:00",1161,11.98635,302,1,1.637,-99,6.29,-99,0.48458,-99,0.28842,-99,40.675
"2024-05-12 13:30:00",1162,12.01405,302,1,1.794,-99,6.89,-99,0.53088,-99,0.29444,-99,36.862
"2024-05-12 14:00:00",1163,12.00482,302,1,1.708,-99,6.56,-99,0.50571,-99,0.28616,-99,43.01
"2024-05-12 14:30:00",1164,12.01321,302,1,1.593,-99,6.12,-99,0.47156,-99,0.29878,-99,38.651
"2024-05-12 15:00:00",1165,12.01321,302,1,1.424,-99,5.47,-99,0.4217,-99,0.22842,-99,42.935
"2024-05-12 15:30:00",1166,12.00985,302,1,1.549,-99,5.95,-99,0.45842,-99,0.25822,-99,43.233
"2024-05-12 16:00:00",1167,12.01908,302,1,1.315,-99,5.05,-99,0.38894,-99,0.20655,-99,41.993
"2024-05-12 16:30:00",1168,12.01489,302,1,1.317,-99,5.06,-99,0.39036,-99,0.19882,-99,37.774
"2024-05-12 17:00:00",1169,12.01237,302,1,1.276,-99,4.9,-99,0.37775,-99,0.18622,-99,40.541
"2024-05-12 17:30:00",1170,12.00985,302,1,1.213,-99,4.66,-99,0.3594,-99,0.19006,-99,40.467
"2024-05-12 18:00:00",1171,11.9939,302,1,1.122,-99,4.31,-99,0.33236,-99,0.15912,-99,37.527
"2024-05-12 18:30:00",1172,12.01069,302,1,0.888,-99,3.41,-99,0.26296,-99,0.12192,-99,38.011
"2024-05-12 19:00:00",1173,12.01405,302,1,0.729,-99,2.8,-99,0.216,-99,0.0853,-99,38.547
"2024-05-12 19:30:00",1174,12.00482,302,1,0.591,-99,2.27,-99,0.17512,-99,0.05541,-99,37.52
"2024-05-12 20:00:00",1175,11.99474,302,1,0.393,-99,1.51,-99,0.1165,-99,0.0249,-99,36.183
"2024-05-12 20:30:00",1176,11.99894,302,1,0.263,-99,1.01,-99,0.07748,-99,-0.00553,-99,35.871
"2024-05-12 21:00:00",1177,11.96788,302,1,0.2,-99,0.77,-99,0.05935,-99,-0.01657,-99,37.012
"2024-05-12 21:30:00",1178,11.96956,302,1,0.141,-99,0.54,-99,0.0418,-99,-0.02765,-99,37.025
"2024-05-12 22:00:00",1179,11.96368,302,1,0.128,-99,0.49,-99,0.0381,-99,-0.02483,-99,38.753
"2024-05-12 22:30:00",1180,11.98383,302,1,0.07,-99,0.27,-99,0.02068,-99,-0.03583,-99,38.647
"2024-05-12 23:00:00",1181,11.98551,302,1,0.047,-99,0.18,-99,0.01374,-99,-0.04141,-99,37.6
"2024-05-12 23:30:00",1182,11.97543,302,1,0.047,-99,0.18,-99,0.01367,-99,-0.04399,-99,35.683
"2024-05-13 00:00:00",1183,11.97879,302,1,0.047,-99,0.18,-99,0.01379,-99,-0.04411,-99,36.289
"2024-05-13 00:30:00",1184,11.97711,302,1,0.023,-99,0.09,-99,0.0069,-99,-0.04963,-99,37.539
"2024-05-13 01:00:00",1185,11.97208,302,1,0.023,-99,0.09,-99,0.00686,-99,-0.04963,-99,37.34
"2024-05-13 01:30:00",1186,11.94605,302,1,0.034,-99,0.13,-99,0.01032,-99,-0.04411,-99,35.876
"2024-05-13 02:00:00",1187,11.95697,302,1,-0.007,-99,-0.03,-99,-0.00345,-99,-0.05243,-99,37.5
"2024-05-13 02:30:00",1188,11.96536,302,1,0,-99,0,-99,0,-99,-0.05779,-99,36.887
"2024-05-13 03:00:00",1189,11.94689,302,1,0,-99,0,-99,0,-99,-0.05513,-99,37.194
"2024-05-13 03:30:00",1190,11.93934,302,1,-0.02,-99,-0.08,-99,-0.00693,-99,-0.06067,-99,37.497
"2024-05-13 04:00:00",1191,11.95865,302,1,0,-99,0,-99,0,-99,-0.05811,-99,35.844
"2024-05-13 04:30:00",1192,11.95781,302,1,-0.007,-99,-0.03,-99,-0.00345,-99,-0.05235,-99,36.261
"2024-05-13 05:00:00",1193,11.95529,302,1,-0.007,-99,-0.03,-99,-0.00345,-99,-0.05527,-99,36.586
"2024-05-13 05:30:00",1194,11.94689,302,1,-0.007,-99,-0.03,-99,-0.00345,-99,-0.05811,-99,36.796
"2024-05-13 06:00:00",1195,11.95193,302,1,0,-99,0,-99,0,-99,-0.05527,-99,37.047
"2024-05-13 06:30:00",1196,11.94857,302,1,-0.007,-99,-0.03,-99,-0.00343,-99,-0.05235,-99,36.906
"2024-05-13 07:00:00",1197,11.94605,302,1,0.081,-99,0.31,-99,0.02364,-99,-0.03839,-99,37.57
"2024-05-13 07:30:00",1198,11.94522,302,1,0.146,-99,0.56,-99,0.0432,-99,-0.02453,-99,36.154
"2024-05-13 08:00:00",1199,11.94941,302,1,0.359,-99,1.38,-99,0.1067,-99,0.02142,-99,39.434
"2024-05-13 08:30:00",1200,11.94857,302,1,0.523,-99,2.01,-99,0.15464,-99,0.05344,-99,39.778
"2024-05-13 09:00:00",1201,11.94438,302,1,0.656,-99,2.52,-99,0.19414,-99,0.07724,-99,39.609
"2024-05-13 09:30:00",1202,11.95277,302,1,0.794,-99,3.05,-99,0.23542,-99,0.1115,-99,40.893
"2024-05-13 10:00:00",1203,11.95277,302,1,0.971,-99,3.73,-99,0.28766,-99,0.14386,-99,42.391
"2024-05-13 10:30:00",1204,11.962,302,1,1.073,-99,4.12,-99,0.31772,-99,0.1615,-99,41.035
"2024-05-13 11:00:00",1205,11.96284,302,1,1.08,-99,4.15,-99,0.31985,-99,0.15618,-99,41.305
"2024-05-13 11:30:00",1206,11.93682,302,1,1.106,-99,4.25,-99,0.32772,-99,0.17366,-99,41.083
"2024-05-13 12:00:00",1207,11.962,302,1,1.07,-99,4.11,-99,0.3171,-99,0.1622,-99,41.017
"2024-05-13 12:30:00",1208,11.97208,302,1,1.096,-99,4.21,-99,0.32458,-99,0.17512,-99,39.333
"2024-05-13 13:00:00",1209,11.97627,302,1,1.164,-99,4.47,-99,0.34454,-99,0.18468,-99,40.142
"2024-05-13 13:30:00",1210,11.95361,302,1,1.359,-99,5.22,-99,0.40269,-99,0.20948,-99,42.503
"2024-05-13 14:00:00",1211,11.97795,302,1,1.411,-99,5.42,-99,0.41792,-99,0.22673,-99,39.168
"2024-05-13 14:30:00",1212,11.97627,302,1,1.362,-99,5.23,-99,0.40288,-99,0.23394,-99,40.167
"2024-05-13 15:00:00",1213,11.98047,302,1,1.403,-99,5.39,-99,0.41523,-99,0.21413,-99,39.972
"2024-05-13 15:30:00",1214,11.96704,302,1,1.455,-99,5.59,-99,0.43076,-99,0.22554,-99,40.179
"2024-05-13 16:00:00",1215,11.97879,302,1,1.08,-99,4.15,-99,0.32017,-99,0.2141,-99,43.829
"2024-05-13 16:30:00",1216,11.97879,302,1,1.242,-99,4.77,-99,0.36802,-99,0.16637,-99,39.446
"2024-05-13 17:00:00",1217,11.9662,302,1,1.161,-99,4.46,-99,0.3436,-99,0.14781,-99,39.757
"2024-05-13 17:30:00",1218,11.95109,302,1,1.114,-99,4.28,-99,0.33008,-99,0.16204,-99,40.166
"2024-05-13 18:00:00",1219,11.9746,302,1,1.007,-99,3.87,-99,0.2986,-99,0.13604,-99,39.045
"2024-05-13 18:30:00",1220,11.97292,302,1,0.927,-99,3.56,-99,0.27473,-99,0.13025,-99,40.956
"2024-05-13 19:00:00",1221,11.94354,302,1,0.794,-99,3.05,-99,0.23478,-99,0.0824,-99,38.9
"2024-05-13 19:30:00",1222,11.962,302,1,0.591,-99,2.27,-99,0.17525,-99,0.05508,-99,38.858
"2024-05-13 20:00:00",1223,11.95613,302,1,0.39,-99,1.5,-99,0.1157,-99,0.01932,-99,36.151
"2024-05-13 20:30:00",1224,11.95613,302,1,0.234,-99,0.9,-99,0.06947,-99,-0.00833,-99,36.047
"2024-05-13 21:00:00",1225,11.95109,302,1,0.141,-99,0.54,-99,0.04149,-99,-0.02775,-99,37.415
"2024-05-13 21:30:00",1226,11.95193,302,1,0.104,-99,0.4,-99,0.03106,-99,-0.03029,-99,34.295
"2024-05-13 22:00:00",1227,11.95361,302,1,0.081,-99,0.31,-99,0.024,-99,-0.04421,-99,36.384
"2024-05-13 22:30:00",1228,11.95025,302,1,0.057,-99,0.22,-99,0.01714,-99,-0.04975,-99,33.775
"2024-05-13 23:00:00",1229,11.93598,302,1,0.047,-99,0.18,-99,0.01356,-99,-0.03817,-99,39.091
"2024-05-13 23:30:00",1230,11.94857,302,1,0.034,-99,0.13,-99,0.01011,-99,-0.04365,-99,35.444
"2024-05-14 00:00:00",1231,11.94689,302,1,0,-99,0,-99,0,-99,-0.04935,-99,35.693
"2024-05-14 00:30:00",1232,11.94354,302,1,-0.043,-99,-0.17,-99,-0.01361,-99,-0.06619,-99,35.85
"2024-05-14 01:00:00",1233,11.94438,302,1,0.01,-99,0.04,-99,0.00336,-99,-0.04375,-99,37.771
"2024-05-14 01:30:00",1234,11.94522,302,1,0,-99,0,-99,0,-99,-0.04659,-99,36.283
"2024-05-14 02:00:00",1235,11.94186,302,1,0.023,-99,0.09,-99,0.00678,-99,-0.04935,-99,36.113
"2024-05-14 02:30:00",1236,11.94018,302,1,0.01,-99,0.04,-99,0.0034,-99,-0.04963,-99,36.913
"2024-05-14 03:00:00",1237,11.94018,302,1,0.044,-99,0.17,-99,0.01344,-99,-0.03827,-99,37.793
"2024-05-14 03:30:00",1238,11.93934,302,1,0.023,-99,0.09,-99,0.00678,-99,-0.04683,-99,36.168
"2024-05-14 04:00:00",1239,11.93094,302,1,0.044,-99,0.17,-99,0.01348,-99,-0.03827,-99,37.617
"2024-05-14 04:30:00",1240,11.9343,302,1,0,-99,0,-99,0,-99,-0.04947,-99,36.043
"2024-05-14 05:00:00",1241,11.93011,302,1,0.01,-99,0.04,-99,0.00336,-99,-0.04667,-99,36.779
"2024-05-14 05:30:00",1242,11.92759,302,1,0.01,-99,0.04,-99,0.00336,-99,-0.04667,-99,36.565
"2024-05-14 06:00:00",1243,11.9385,302,1,0,-99,0,-99,0,-99,-0.04935,-99,35.743
"2024-05-14 06:30:00",1244,11.93598,302,1,0.034,-99,0.13,-99,0.01014,-99,-0.04947,-99,37.659
"2024-05-14 07:00:00",1245,11.90912,302,1,0.146,-99,0.56,-99,0.0432,-99,-0.02725,-99,39.175
"2024-05-14 07:30:00",1246,11.93346,302,1,0.247,-99,0.95,-99,0.07311,-99,-0.00279,-99,38.795
"2024-05-14 08:00:00",1247,11.93598,302,1,0.377,-99,1.45,-99,0.11193,-99,0.02702,-99,37.603
"2024-05-14 08:30:00",1248,11.90912,302,1,0.531,-99,2.04,-99,0.15717,-99,0.05636,-99,39.77
"2024-05-14 09:00:00",1249,11.93514,302,1,0.653,-99,2.51,-99,0.19372,-99,0.08324,-99,39.494
"2024-05-14 09:30:00",1250,11.91248,302,1,0.784,-99,3.01,-99,0.23206,-99,0.09966,-99,38.869
"2024-05-14 10:00:00",1251,11.94018,302,1,0.909,-99,3.49,-99,0.2689,-99,0.13814,-99,39.837
"2024-05-14 10:30:00",1252,11.94354,302,1,0.971,-99,3.73,-99,0.28766,-99,0.1324,-99,38.758
"2024-05-14 11:00:00",1253,11.91667,302,1,0.979,-99,3.76,-99,0.2896,-99,0.13532,-99,40.112
"2024-05-14 11:30:00",1254,11.92759,302,1,1.08,-99,4.15,-99,0.31991,-99,0.14834,-99,39.151
"2024-05-14 12:00:00",1255,11.94102,302,1,1.086,-99,4.17,-99,0.32128,-99,0.15828,-99,37.349
"2024-05-14 12:30:00",1256,11.92003,302,1,1.148,-99,4.41,-99,0.33986,-99,0.17694,-99,38.223
"2024-05-14 13:00:00",1257,11.94438,302,1,1.099,-99,4.22,-99,0.32494,-99,0.15412,-99,39.732
"2024-05-14 13:30:00",1258,11.9427,302,1,1.007,-99,3.87,-99,0.29822,-99,0.15289,-99,40.305
"2024-05-14 14:00:00",1259,11.9427,302,1,1.112,-99,4.27,-99,0.32947,-99,0.1739,-99,39.328
"2024-05-14 14:30:00",1260,11.9427,302,1,1.023,-99,3.93,-99,0.3028,-99,0.13972,-99,38.937
"2024-05-14 15:00:00",1261,11.93094,302,1,0.909,-99,3.49,-99,0.26874,-99,0.12877,-99,38.475
"2024-05-14 15:30:00",1262,11.93598,302,1,0.898,-99,3.45,-99,0.26596,-99,0.12768,-99,35.721
"2024-05-14 16:00:00",1263,11.91919,302,1,1.041,-99,4,-99,0.30855,-99,0.12548,-99,40.25
"2024-05-14 16:30:00",1264,11.9343,302,1,0.924,-99,3.55,-99,0.2738,-99,0.13098,-99,38.625
"2024-05-14 17:00:00",1265,11.92591,302,1,0.734,-99,2.82,-99,0.21774,-99,0.09346,-99,34.915
"2024-05-14 17:30:00",1266,11.93094,302,1,0.776,-99,2.98,-99,0.23004,-99,0.09869,-99,38.089
"2024-05-14 18:00:00",1267,11.92759,302,1,0.591,-99,2.27,-99,0.17525,-99,0.06108,-99,37.648
"2024-05-14 18:30:00",1268,11.93011,302,1,0.445,-99,1.71,-99,0.13208,-99,0.03321,-99,37.796
"2024-05-14 19:00:00",1269,11.92675,302,1,0.25,-99,0.96,-99,0.07383,-99,-0.00561,-99,38.589
"2024-05-14 19:30:00",1270,11.92255,302,1,0.094,-99,0.36,-99,0.02765,-99,-0.03045,-99,37.748
"2024-05-14 20:00:00",1271,11.91332,302,1,0.047,-99,0.18,-99,0.01379,-99,-0.03877,-99,35.892
"2024-05-14 20:30:00",1272,11.91248,302,1,-0.007,-99,-0.03,-99,-0.00345,-99,-0.06937,-99,35.827
"2024-05-14 21:00:00",1273,11.88561,302,1,-0.009,-99,-0.04,-99,-0.00347,-99,-0.06119,-99,35.667
"2024-05-14 21:30:00",1274,11.90408,302,1,0.023,-99,0.09,-99,0.00697,-99,-0.05017,-99,36.673
"2024-05-14 22:00:00",1275,11.9108,302,1,0.013,-99,0.05,-99,0.00348,-99,-0.03909,-99,35.382
"2024-05-14 22:30:00",1276,11.90408,302,1,-0.009,-99,-0.04,-99,-0.00353,-99,-0.06151,-99,36.578
"2024-05-14 23:00:00",1277,11.9024,302,1,-0.043,-99,-0.17,-99,-0.01405,-99,-0.07803,-99,37.725
"2024-05-14 23:30:00",1278,11.9024,302,1,-0.02,-99,-0.08,-99,-0.00703,-99,-0.06417,-99,38.548
"2024-05-15 00:00:00",1279,11.89989,302,1,-0.043,-99,-0.17,-99,-0.01385,-99,-0.05847,-99,37.367
"2024-05-15 00:30:00",1280,11.90072,302,1,-0.043,-99,-0.17,-99,-0.01399,-99,-0.07225,-99,34.968
"2024-05-15 01:00:00",1281,11.89821,302,1,-0.043,-99,-0.17,-99,-0.01399,-99,-0.06151,-99,37.364
"2024-05-15 01:30:00",1282,11.89737,302,1,-0.033,-99,-0.13,-99,-0.01051,-99,-0.06707,-99,37.977
"2024-05-15 02:00:00",1283,11.89737,302,1,-0.077,-99,-0.3,-99,-0.02417,-99,-0.07249,-99,35.699
"2024-05-15 02:30:00",1284,11.89065,302,1,-0.103,-99,-0.4,-99,-0.03135,-99,-0.06119,-99,39.495
"2024-05-15 03:00:00",1285,11.89317,302,1,-0.043,-99,-0.17,-99,-0.01385,-99,-0.05563,-99,40.283
"2024-05-15 03:30:00",1286,11.88897,302,1,-0.043,-99,-0.17,-99,-0.01387,-99,-0.05603,-99,35.55
"2024-05-15 04:00:00",1287,11.89149,302,1,-0.077,-99,-0.3,-99,-0.02417,-99,-0.06437,-99,36.138
"2024-05-15 04:30:00",1288,11.88813,302,1,-0.09,-99,-0.35,-99,-0.02763,-99,-0.07537,-99,36.638
"2024-05-15 05:00:00",1289,11.88981,302,1,-0.09,-99,-0.35,-99,-0.02769,-99,-0.06977,-99,35.275
"2024-05-15 05:30:00",1290,11.89149,302,1,-0.09,-99,-0.35,-99,-0.02749,-99,-0.07249,-99,35.08
"2024-05-15 06:00:00",1291,11.88561,302,1,-0.114,-99,-0.44,-99,-0.03439,-99,-0.07829,-99,37.621
"2024-05-15 06:30:00",1292,11.88813,302,1,-0.111,-99,-0.43,-99,-0.03415,-99,-0.06957,-99,37.422
"2024-05-15 07:00:00",1293,11.88645,302,1,-0.101,-99,-0.39,-99,-0.03089,-99,-0.07269,-99,37.528
"2024-05-15 07:30:00",1294,11.88645,302,1,-0.101,-99,-0.39,-99,-0.03121,-99,-0.06417,-99,34.193
"2024-05-15 08:00:00",1295,11.85959,302,1,-0.114,-99,-0.44,-99,-0.03449,-99,-0.07829,-99,36.599
"2024-05-15 08:30:00",1296,11.88729,302,1,-0.137,-99,-0.53,-99,-0.04127,-99,-0.07537,-99,38.455
"2024-05-15 09:00:00",1297,11.88226,302,1,-0.134,-99,-0.52,-99,-0.04085,-99,-0.07515,-99,36.745
"2024-05-15 09:30:00",1298,11.88394,302,1,-0.134,-99,-0.52,-99,-0.04057,-99,-0.07761,-99,36.59
"2024-05-15 10:00:00",1299,11.87302,302,1,-0.101,-99,-0.39,-99,-0.03103,-99,-0.07001,-99,36.581
