"TOA5","CR200Series_601","CR200X","No_SN","CR200X.Std.02","Sapflux2sensors1.CR2","63887","Table2"
"TIMESTAMP","RECORD","BattV_Min","id","SDI1","SapFlwTot1","VhOut1","VhIn1","AlphaOut1","AlphaIn1","BetaOut1","BetaIn1","tMaxTout1","tMaxTin1"
"TS","RN","Volts","","","unit","unit","unit","unit","unit","unit","unit","unit","unit"
"","","Min","Smp","Smp","Smp","Smp","Smp","Smp","Smp","Smp","Smp","Smp","Smp"
"2024-04-18 07:30:00",0,13.01046,601,1,1.765,3.49,2,0.27338,0.15706,0.15135,0.0367,32.587,24.863
"2024-04-18 08:00:00",1,12.9878,601,1,2.705,5.22,3.2,0.40947,0.25099,0.22998,0.0636,34.163,25.086
"2024-04-18 08:30:00",2,12.97688,601,1,3.448,6.56,4.18,0.51408,0.32786,0.29445,0.0921,34.535,25.717
"2024-04-18 09:00:00",3,12.96681,601,1,3.502,6.77,4.13,0.53102,0.32398,0.29396,0.08796,34.491,25.1
"2024-04-18 09:30:00",4,12.95926,601,1,3.569,6.69,4.43,0.52483,0.34737,0.31583,0.104,35.56,25.9
"2024-04-18 10:00:00",5,12.9475,601,1,4.196,7.77,5.31,0.60958,0.41667,0.36753,0.12154,34.822,26.256
"2024-04-18 10:30:00",6,12.95254,601,1,4.509,8.49,5.56,0.66598,0.43574,0.37645,0.12556,35.034,25.793
"2024-04-18 11:00:00",7,12.93995,601,1,4.596,8.49,5.84,0.66585,0.45782,0.38694,0.13176,34.513,26.101
"2024-04-18 11:30:00",8,12.94163,601,1,4.634,8.69,5.75,0.68142,0.45064,0.3943,0.13264,34.884,26.628
"2024-04-18 12:00:00",9,12.92568,601,1,4.544,8.54,5.62,0.67004,0.44103,0.38858,0.13188,34.64,26.379
"2024-04-18 12:30:00",10,12.92316,601,1,4.24,7.81,5.41,0.61223,0.42404,0.3903,0.129,35.521,26.116
"2024-04-18 13:00:00",11,12.924,601,1,4.583,8.64,5.64,0.67719,0.4426,0.39467,0.1297,34.995,26.426
"2024-04-18 13:30:00",12,12.92064,601,1,4.756,8.92,5.9,0.69928,0.46248,0.4039,0.13484,34.943,26.27
"2024-04-18 14:00:00",13,12.91645,601,1,4.563,8.54,5.68,0.6694,0.44526,0.39314,0.12994,34.072,26.072
"2024-04-18 14:30:00",14,12.91477,601,1,4.649,8.84,5.64,0.69315,0.44235,0.38564,0.12397,34.839,26.424
"2024-04-18 15:00:00",15,12.91309,601,1,4.461,8.54,5.35,0.66974,0.4192,0.37244,0.11956,34.99,25.747
"2024-04-18 15:30:00",16,12.89966,601,1,3.781,7.5,4.26,0.58826,0.33384,0.30639,0.08866,33.957,25.542
"2024-04-18 16:00:00",17,12.90721,601,1,3.068,6.13,3.41,0.48051,0.26764,0.24164,0.06582,33.113,24.701
"2024-04-18 16:30:00",18,12.9005,601,1,2.663,5.33,2.95,0.41807,0.23108,0.2158,0.05532,33.38,24.55
"2024-04-18 17:00:00",19,12.88371,601,1,2.255,4.53,2.48,0.35562,0.19414,0.18524,0.04327,33.008,24.441
"2024-04-18 17:30:00",20,12.8921,601,1,2.049,4.08,2.29,0.31994,0.17958,0.16836,0.04094,33.269,24.858
"2024-04-18 18:00:00",21,12.88539,601,1,1.81,3.58,2.05,0.28064,0.16045,0.15116,0.03161,31.477,24.578
"2024-04-18 18:30:00",22,12.87615,601,1,1.638,3.31,1.78,0.25943,0.13988,0.13636,0.0269,30.691,24.104
"2024-04-18 19:00:00",23,12.87112,601,1,1.326,2.68,1.44,0.20996,0.1132,0.1101,0.01867,32.979,24.316
"2024-04-18 19:30:00",24,12.87363,601,1,1.012,2.14,1,0.16798,0.07834,0.09092,0.00848,32.205,23.8
"2024-04-18 20:00:00",25,12.87028,601,1,0.78,1.65,0.77,0.12946,0.06026,0.07526,0.00168,31.337,23.76
"2024-04-18 20:30:00",26,12.86356,601,1,0.651,1.37,0.65,0.10708,0.05098,0.06311,-0.00173,30.708,24.222
"2024-04-18 21:00:00",27,12.86524,601,1,0.497,1.07,0.47,0.0843,0.03676,0.04648,-0.00527,31.498,23.918
"2024-04-18 21:30:00",28,12.86188,601,1,0.352,0.78,0.31,0.06108,0.02447,0.03818,-0.00529,29.62,24.118
"2024-04-18 22:00:00",29,12.84929,601,1,0.356,0.83,0.27,0.06507,0.02154,0.04306,-0.00357,31.482,23.908
"2024-04-18 22:30:00",30,12.84425,601,1,0.336,0.77,0.27,0.0606,0.02117,0.0402,-0.00701,30.92,24.172
"2024-04-18 23:00:00",31,12.85349,601,1,0.26,0.65,0.15,0.05086,0.01174,0.03136,-0.00681,29.942,25.009
"2024-04-18 23:30:00",32,12.84509,601,1,0.276,0.7,0.15,0.05472,0.01156,0.03662,-0.01179,31.443,23.45
"2024-04-19 00:00:00",33,12.84845,601,1,0.214,0.51,0.15,0.04026,0.01156,0.02923,-0.01009,32.066,23.657
"2024-04-19 00:30:00",34,12.84845,601,1,0.278,0.64,0.22,0.04994,0.0175,0.0348,-0.00849,31.333,23.757
"2024-04-19 01:00:00",35,12.83754,601,1,0.243,0.6,0.15,0.04708,0.0117,0.03342,-0.00695,31.022,23.86
"2024-04-19 01:30:00",36,12.84593,601,1,0.239,0.56,0.18,0.04428,0.01422,0.03616,-0.00665,30.712,24.12
"2024-04-19 02:00:00",37,12.84258,601,1,0.215,0.59,0.07,0.04624,0.00566,0.03233,-0.00995,30.781,24.186
"2024-04-19 02:30:00",38,12.84845,601,1,0.239,0.56,0.18,0.04423,0.01416,0.03052,-0.00997,30.669,24.179
"2024-04-19 03:00:00",39,12.84258,601,1,0.217,0.53,0.14,0.04185,0.01128,0.0287,-0.01157,31.038,24.028
"2024-04-19 03:30:00",40,12.84509,601,1,0.237,0.62,0.11,0.04878,0.00849,0.03614,-0.00995,30.992,23.983
"2024-04-19 04:00:00",41,12.8409,601,1,0.228,0.59,0.11,0.04612,0.00849,0.03414,-0.00833,31.302,24.134
"2024-04-19 04:30:00",42,12.83586,601,1,0.224,0.55,0.14,0.0433,0.0112,0.03034,-0.00663,30.881,23.975
"2024-04-19 05:00:00",43,12.84174,601,1,0.241,0.63,0.11,0.04902,0.00846,0.03434,-0.00995,31.027,24.021
"2024-04-19 05:30:00",44,12.83922,601,1,0.208,0.53,0.11,0.04135,0.00848,0.03245,-0.00667,30.936,24.028
"2024-04-19 06:00:00",45,12.83922,601,1,0.243,0.57,0.18,0.0449,0.01426,0.03276,-0.00835,31.133,23.969
"2024-04-19 06:30:00",46,12.84006,601,1,0.218,0.56,0.11,0.04375,0.00848,0.03434,-0.01167,30.88,23.715
"2024-04-19 07:00:00",47,12.83838,601,1,0.207,0.5,0.14,0.03941,0.01134,0.03258,-0.00835,31.142,23.975
"2024-04-19 07:30:00",48,12.83922,601,1,0.369,0.85,0.29,0.06629,0.02264,0.04775,-0.00503,31.136,24.231
"2024-04-19 08:00:00",49,12.83586,601,1,0.491,1.09,0.43,0.08542,0.03387,0.05166,-0.00333,31.403,23.979
"2024-04-19 08:30:00",50,12.83838,601,1,0.58,1.23,0.57,0.09672,0.04454,0.05886,0.00166,32.029,24.185
"2024-04-19 09:00:00",51,12.83754,601,1,0.76,1.57,0.79,0.12332,0.06177,0.07478,0.00824,30.511,23.607
"2024-04-19 09:30:00",52,12.83502,601,1,0.933,1.9,1,0.14896,0.07866,0.09292,0.01158,32.125,24.128
"2024-04-19 10:00:00",53,12.83838,601,1,1.075,2.19,1.15,0.17138,0.08992,0.09746,0.01492,32.133,24.395
"2024-04-19 10:30:00",54,12.8409,601,1,1.181,2.41,1.26,0.18914,0.09909,0.10412,0.0199,31.925,24.344
"2024-04-19 11:00:00",55,12.82914,601,1,1.13,2.29,1.22,0.1795,0.09584,0.10254,0.01656,33.051,24.487
"2024-04-19 11:30:00",56,12.84341,601,1,1.29,2.58,1.43,0.20269,0.11182,0.11332,0.02152,33.001,24.437
"2024-04-19 12:00:00",57,12.83922,601,1,1.483,2.96,1.65,0.23188,0.12938,0.12608,0.02492,32.213,24.222
"2024-04-19 12:30:00",58,12.8409,601,1,1.649,3.24,1.89,0.25418,0.14809,0.14338,0.03149,32.95,24.539
"2024-04-19 13:00:00",59,12.84258,601,1,1.876,3.64,2.2,0.28555,0.17216,0.1625,0.03978,33.309,24.901
"2024-04-19 13:30:00",60,12.84258,601,1,2.195,4.28,2.55,0.33556,0.20011,0.19084,0.05288,33.88,24.9
"2024-04-19 14:00:00",61,12.84425,601,1,2.372,4.64,2.74,0.36384,0.215,0.20201,0.05618,33.788,24.546
"2024-04-19 14:30:00",62,12.84761,601,1,2.189,4.29,2.52,0.33644,0.19726,0.18578,0.04806,33.518,24.696
"2024-04-19 15:00:00",63,12.84677,601,1,1.96,3.83,2.27,0.30034,0.17764,0.16784,0.04142,32.742,24.904
"2024-04-19 15:30:00",64,12.84845,601,1,1.82,3.59,2.07,0.28157,0.1625,0.15062,0.03821,32.784,24.376
"2024-04-19 16:00:00",65,12.84845,601,1,1.624,3.24,1.81,0.25428,0.1423,0.13915,0.02992,32.375,24.382
"2024-04-19 16:30:00",66,12.83838,601,1,1.541,3.09,1.7,0.2424,0.13353,0.13144,0.02816,32.525,24.274
"2024-04-19 17:00:00",67,12.84425,601,1,1.367,2.73,1.52,0.21378,0.11941,0.12002,0.02158,32.518,24.528
"2024-04-19 17:30:00",68,12.84509,601,1,1.236,2.5,1.34,0.1959,0.10502,0.10916,0.0182,32.322,24.329
"2024-04-19 18:00:00",69,12.84341,601,1,0.992,2.04,1.04,0.1599,0.0814,0.09136,0.01182,31.733,24.316
"2024-04-19 18:30:00",70,12.84174,601,1,0.808,1.66,0.85,0.13028,0.06656,0.07408,0.00846,31.169,23.855
"2024-04-19 19:00:00",71,12.84006,601,1,0.586,1.23,0.59,0.09631,0.04648,0.05668,0.0017,31.638,23.907
"2024-04-19 19:30:00",72,12.84174,601,1,0.478,1.07,0.41,0.08371,0.03211,0.05501,0,30.186,23.855
"2024-04-19 20:00:00",73,12.8367,601,1,0.42,0.93,0.37,0.07311,0.0292,0.04728,-0.00175,31.337,24.174
"2024-04-19 20:30:00",74,12.83838,601,1,0.375,0.86,0.3,0.06709,0.02364,0.04375,-0.00347,31.117,23.957
"2024-04-19 21:00:00",75,12.83166,601,1,0.285,0.7,0.18,0.0549,0.01416,0.03846,-0.00667,31.595,23.757
"2024-04-19 21:30:00",76,12.83502,601,1,0.288,0.67,0.22,0.05261,0.01704,0.03652,-0.00835,31.232,23.912
"2024-04-19 22:00:00",77,12.83418,601,1,0.243,0.57,0.18,0.04443,0.01416,0.03452,-0.00999,30.654,23.493
"2024-04-19 22:30:00",78,12.83082,601,1,0.194,0.46,0.14,0.03596,0.01134,0.02668,-0.00835,30.71,23.808
"2024-04-19 23:00:00",79,12.82914,601,1,0.141,0.43,0,0.0337,0,0.02678,-0.01167,31.22,24.214
"2024-04-19 23:30:00",80,12.82914,601,1,0.121,0.33,0.04,0.02598,0.0028,0.02492,-0.01167,31.122,23.701
"2024-04-20 00:00:00",81,12.82495,601,1,0.118,0.36,0,0.02836,0,0.02492,-0.01001,31.175,23.857
"2024-04-20 00:30:00",82,12.82914,601,1,0.121,0.33,0.04,0.02588,0.0028,0.02492,-0.01001,30.912,24.166
"2024-04-20 01:00:00",83,12.8283,601,1,0.121,0.33,0.04,0.02583,0.0028,0.02298,-0.01169,31.223,23.908
"2024-04-20 01:30:00",84,12.82747,601,1,0.089,0.3,-0.03,0.0234,-0.00287,0.02124,-0.01173,31.175,23.599
"2024-04-20 02:00:00",85,12.81907,601,1,0.089,0.27,0,0.02118,0,0.02166,-0.01201,31.636,23.645
"2024-04-20 02:30:00",86,12.82495,601,1,0.098,0.26,0.04,0.02076,0.00284,0.02118,-0.01173,30.712,23.706
"2024-04-20 03:00:00",87,12.82495,601,1,0.08,0.3,-0.06,0.0234,-0.00573,0.02124,-0.01517,30.55,24.219
"2024-04-20 03:30:00",88,12.82579,601,1,0.089,0.3,-0.03,0.02352,-0.00287,0.0213,-0.01181,30.981,23.971
"2024-04-20 04:00:00",89,12.82579,601,1,0.07,0.27,-0.06,0.02084,-0.00571,0.0213,-0.01347,30.471,23.978
"2024-04-20 04:30:00",90,12.82495,601,1,0.079,0.27,-0.03,0.02084,-0.00287,0.0213,-0.01173,30.616,23.453
"2024-04-20 05:00:00",91,12.82495,601,1,0.079,0.27,-0.03,0.02094,-0.00287,0.01942,-0.01181,31.027,23.708
"2024-04-20 05:30:00",92,12.82327,601,1,0.069,0.24,-0.03,0.0186,-0.00295,0.01978,-0.01207,30.861,24.117
"2024-04-20 06:00:00",93,12.82663,601,1,0.066,0.23,-0.03,0.01812,-0.00281,0.01924,-0.01175,30.815,23.808
"2024-04-20 06:30:00",94,12.82411,601,1,0.066,0.23,-0.03,0.0183,-0.00287,0.01937,-0.01355,30.817,23.913
"2024-04-20 07:00:00",95,12.82411,601,1,0.085,0.26,0,0.02064,0,0.01924,-0.01011,31.025,24.019
"2024-04-20 07:30:00",96,12.82327,601,1,0.153,0.4,0.07,0.03106,0.00569,0.02526,-0.01023,30.976,23.813
"2024-04-20 08:00:00",97,12.82411,601,1,0.259,0.61,0.19,0.04762,0.01452,0.0338,-0.00865,31.261,24.249
"2024-04-20 08:30:00",98,12.82411,601,1,0.394,0.85,0.37,0.06656,0.02898,0.04567,-0.00345,30.832,24.079
"2024-04-20 09:00:00",99,12.82411,601,1,0.455,0.98,0.43,0.07712,0.0336,0.05178,0,31.721,24.139
"2024-04-20 09:30:00",100,12.82495,601,1,0.462,1.03,0.4,0.08045,0.031,0.05207,-0.00169,31.354,23.928
"2024-04-20 10:00:00",101,12.82495,601,1,0.208,0.53,0.11,0.04135,0.00836,0.03264,-0.00837,31.403,23.822
"2024-04-20 10:30:00",102,12.82495,601,1,0.144,0.4,0.04,0.03106,0.0028,0.02504,-0.01175,30.624,23.874
"2024-04-20 11:00:00",103,12.82411,601,1,0.153,0.4,0.07,0.03139,0.00566,0.02518,-0.01011,31.283,23.965
"2024-04-20 11:30:00",104,12.8283,601,1,0.086,0.29,-0.03,0.0231,-0.00283,0.01914,-0.01503,31.073,24.067
"2024-04-20 12:00:00",105,12.82579,601,1,0.142,0.33,0.11,0.0255,0.00837,0.0248,-0.00835,30.867,24.119
"2024-04-20 12:30:00",106,12.82495,601,1,0.753,1.55,0.79,0.12185,0.06177,0.07232,0.0069,32.436,24.18
"2024-04-20 13:00:00",107,12.8283,601,1,1.479,2.92,1.68,0.22934,0.13156,0.12705,0.02612,32.962,24.55
"2024-04-20 13:30:00",108,12.83166,601,1,2.271,4.38,2.69,0.34332,0.21069,0.19286,0.05413,33.488,24.918
"2024-04-20 14:00:00",109,12.82998,601,1,3.286,6.35,3.88,0.49835,0.30394,0.27268,0.08186,34.066,25.652
"2024-04-20 14:30:00",110,12.82998,601,1,3.784,7.27,4.51,0.56974,0.35384,0.31328,0.09659,34.694,25.602
"2024-04-20 15:00:00",111,12.83082,601,1,3.647,6.94,4.42,0.54409,0.34686,0.30476,0.09302,34.525,25.279
"2024-04-20 15:30:00",112,12.83082,601,1,4.009,7.54,4.95,0.59114,0.3885,0.33288,0.10836,34.579,25.749
"2024-04-20 16:00:00",113,12.83334,601,1,4.218,7.97,5.17,0.6248,0.40544,0.35081,0.11363,34.78,25.952
"2024-04-20 16:30:00",114,12.8367,601,1,3.963,7.61,4.73,0.59648,0.37092,0.33,0.10233,34.359,25.273
"2024-04-20 17:00:00",115,12.83502,601,1,3.652,7.02,4.35,0.55016,0.34137,0.30538,0.09402,34.79,25.39
"2024-04-20 17:30:00",116,12.83502,601,1,3.188,6.21,3.71,0.48687,0.291,0.26455,0.07532,33.636,25.638
"2024-04-20 18:00:00",117,12.82998,601,1,2.558,5.02,2.94,0.3934,0.23082,0.21505,0.05644,34.007,25.179
"2024-04-20 18:30:00",118,12.83418,601,1,1.814,3.64,2,0.28538,0.15678,0.15383,0.03512,32.752,24.601
"2024-04-20 19:00:00",119,12.82495,601,1,1.358,2.75,1.47,0.21597,0.11536,0.12024,0.02026,32.287,24.704
"2024-04-20 19:30:00",120,12.83334,601,1,0.896,1.89,0.89,0.14834,0.06998,0.08456,0.01021,31.551,23.815
"2024-04-20 20:00:00",121,12.82579,601,1,0.635,1.34,0.63,0.10532,0.0496,0.06286,0.00336,30.871,24.123
"2024-04-20 20:30:00",122,12.82998,601,1,0.436,0.98,0.37,0.07681,0.02882,0.04641,-0.00169,31.329,24.168
"2024-04-20 21:00:00",123,12.82495,601,1,0.301,0.71,0.22,0.05576,0.01727,0.04061,-0.00843,31.334,24.173
"2024-04-20 21:30:00",124,12.82159,601,1,0.256,0.61,0.18,0.0475,0.0144,0.03672,-0.00843,31.07,24.325
"2024-04-20 22:00:00",125,12.81991,601,1,0.199,0.54,0.07,0.04197,0.00572,0.02898,-0.01011,31.01,23.59
"2024-04-20 22:30:00",126,12.81823,601,1,0.153,0.4,0.07,0.03174,0.00572,0.02707,-0.01011,30.284,23.955
"2024-04-20 23:00:00",127,12.81571,601,1,0.134,0.37,0.04,0.02923,0.00286,0.02334,-0.01179,31.222,23.646
"2024-04-20 23:30:00",128,12.80984,601,1,0.108,0.33,0,0.02623,0,0.02306,-0.01175,30.596,23.851
"2024-04-21 00:00:00",129,12.80228,601,1,0.08,0.3,-0.06,0.02316,-0.00571,0.02106,-0.01337,30.957,23.797
"2024-04-21 00:30:00",130,12.80312,601,1,0.108,0.33,0,0.02588,0,0.02303,-0.01169,31.027,23.864
"2024-04-21 01:00:00",131,12.80648,601,1,0.066,0.23,-0.03,0.0181,-0.00287,0.0211,-0.01169,31.287,23.864
"2024-04-21 01:30:00",132,12.79892,601,1,0.076,0.26,-0.03,0.02076,-0.00281,0.01924,-0.01001,30.756,23.751
"2024-04-21 02:00:00",133,12.8048,601,1,0.098,0.3,0,0.02316,0,0.02303,-0.01169,30.809,24.063
"2024-04-21 02:30:00",134,12.80312,601,1,0.153,0.4,0.07,0.03139,0.00566,0.02504,-0.00837,30.931,24.025
"2024-04-21 03:00:00",135,12.80312,601,1,0.211,0.54,0.11,0.04228,0.00858,0.03288,-0.01011,31.239,24.075
"2024-04-21 03:30:00",136,12.80396,601,1,0.272,0.66,0.18,0.05193,0.01426,0.03846,-0.00669,30.563,23.815
"2024-04-21 04:00:00",137,12.80312,601,1,0.281,0.61,0.26,0.0475,0.02002,0.03864,-0.00505,30.462,24.283
"2024-04-21 04:30:00",138,12.79976,601,1,0.346,0.77,0.3,0.06046,0.02326,0.04277,-0.00337,31.293,24.128
"2024-04-21 05:00:00",139,12.79809,601,1,0.381,0.85,0.33,0.06642,0.026,0.03882,-0.00505,31.556,23.974
"2024-04-21 05:30:00",140,12.79305,601,1,0.291,0.68,0.22,0.05301,0.01716,0.031,-0.01011,31.567,23.723
"2024-04-21 06:00:00",141,12.79641,601,1,0.365,0.84,0.29,0.06588,0.0228,0.04252,-0.00669,31.354,23.615
"2024-04-21 06:30:00",142,12.79641,601,1,0.375,0.83,0.33,0.06538,0.02574,0.0405,-0.00335,31.072,24.325
"2024-04-21 07:00:00",143,12.79473,601,1,0.606,1.26,0.62,0.0986,0.04878,0.06976,0.01007,30.773,25.113
"2024-04-21 07:30:00",144,12.78214,601,1,1.155,2.31,1.28,0.18134,0.10048,0.09458,0.01508,32.223,24.644
"2024-04-21 08:00:00",145,12.79221,601,1,1.553,3.09,1.74,0.2422,0.13622,0.1325,0.02714,32.422,24.689
"2024-04-21 08:30:00",146,12.78885,601,1,1.415,2.84,1.56,0.22254,0.12262,0.12121,0.02376,32.113,24.121
"2024-04-21 09:00:00",147,12.78969,601,1,1.48,3,1.6,0.23513,0.12571,0.12747,0.02552,32.019,24.439
"2024-04-21 09:30:00",148,12.78633,601,1,1.378,2.81,1.47,0.22068,0.11498,0.1187,0.02226,32.014,24.175
"2024-04-21 10:00:00",149,12.78969,601,1,1.261,2.56,1.36,0.20092,0.10626,0.10934,0.01881,31.951,24.375
"2024-04-21 10:30:00",150,12.78465,601,1,1.197,2.44,1.28,0.19128,0.10033,0.10532,0.01726,31.949,24.219
"2024-04-21 11:00:00",151,12.78381,601,1,0.964,2.03,0.96,0.15947,0.07559,0.09041,0.01021,31.537,24.532
"2024-04-21 11:30:00",152,12.77794,601,1,0.635,1.37,0.6,0.10734,0.04705,0.06514,0.00168,31.278,24.115
"2024-04-21 12:00:00",153,12.78298,601,1,0.423,0.93,0.38,0.07271,0.02956,0.04776,-0.00347,31.233,23.914
"2024-04-21 12:30:00",154,12.78046,601,1,0.218,0.59,0.08,0.04636,0.0059,0.03402,-0.00871,30.92,23.602
"2024-04-21 13:00:00",155,12.77962,601,1,0.237,0.58,0.15,0.0455,0.01169,0.03156,-0.00853,30.456,24.122
"2024-04-21 13:30:00",156,12.77794,601,1,0.163,0.42,0.08,0.03312,0.006,0.02646,-0.01061,30.872,23.864
"2024-04-21 14:00:00",157,12.7729,601,1,0.105,0.35,-0.03,0.02752,-0.00299,0.02028,-0.01233,30.565,23.816
"2024-04-21 14:30:00",158,12.7771,601,1,0.092,0.31,-0.03,0.02432,-0.00295,0.02376,-0.01025,29.253,24.012
"2024-04-21 15:00:00",159,12.7771,601,1,0.079,0.27,-0.03,0.02148,-0.00295,0.0216,-0.01537,30.916,23.91
"2024-04-21 15:30:00",160,12.77626,601,1,0.079,0.27,-0.03,0.02112,-0.00295,0.01956,-0.01367,30.741,23.999
"2024-04-21 16:00:00",161,12.76367,601,1,0.046,0.17,-0.03,0.01308,-0.00287,0.01555,-0.01179,30.856,23.698
"2024-04-21 16:30:00",162,12.76367,601,1,0.035,0.24,-0.14,0.01846,-0.01157,0.01951,-0.01355,30.537,23.637
"2024-04-21 17:00:00",163,12.77038,601,1,0.035,0.2,-0.1,0.01603,-0.00877,0.01967,-0.01367,30.687,23.686
"2024-04-21 17:30:00",164,12.77122,601,1,0.025,0.17,-0.1,0.0132,-0.00879,0.0157,-0.01539,30.958,23.799
"2024-04-21 18:00:00",165,12.77038,601,1,-0.01,0.1,-0.14,0.0081,-0.01175,0.0138,-0.01711,30.54,23.951
"2024-04-21 18:30:00",166,12.76703,601,1,0.015,0.14,-0.1,0.01074,-0.00879,0.01582,-0.01539,30.484,23.742
"2024-04-21 19:00:00",167,12.76451,601,1,0,0.17,-0.18,0.0133,-0.01453,0.0157,-0.01875,30.34,23.596
"2024-04-21 19:30:00",168,12.76199,601,1,0.002,0.1,-0.1,0.008,-0.00881,0.01582,-0.01541,31.056,23.745
"2024-04-21 20:00:00",169,12.76535,601,1,0.035,0.2,-0.1,0.01596,-0.00877,0.01572,-0.01539,30.391,24.062
"2024-04-21 20:30:00",170,12.76283,601,1,0.015,0.14,-0.1,0.01062,-0.00879,0.0157,-0.01539,31.016,23.856
"2024-04-21 21:00:00",171,12.75947,601,1,0.015,0.14,-0.1,0.01063,-0.00877,0.01374,-0.01537,30.3,23.55
"2024-04-21 21:30:00",172,12.76115,601,1,0.002,0.1,-0.1,0.00798,-0.00877,0.01374,-0.01535,30.867,23.967
"2024-04-21 22:00:00",173,12.75108,601,1,0.056,0.2,-0.03,0.01603,-0.00289,0.0177,-0.01361,30.254,23.504
"2024-04-21 22:30:00",174,12.75695,601,1,0.123,0.31,0.07,0.02394,0.00583,0.02355,-0.01195,30.453,23.706
"2024-04-21 23:00:00",175,12.75527,601,1,0.134,0.41,0,0.03226,0,0.02756,-0.01193,30.756,24.01
"2024-04-21 23:30:00",176,12.75779,601,1,0.182,0.45,0.11,0.03564,0.00898,0.0281,-0.01041,30.705,23.544
"2024-04-22 00:00:00",177,12.74772,601,1,0.127,0.35,0.04,0.02752,0.00298,0.02219,-0.01223,30.979,23.817
"2024-04-22 00:30:00",178,12.75191,601,1,0.246,0.57,0.19,0.04454,0.01506,0.03245,-0.00701,30.652,23.906
"2024-04-22 01:00:00",179,12.75275,601,1,0.243,0.6,0.15,0.04714,0.01206,0.0344,-0.01053,30.548,23.802
"2024-04-22 01:30:00",180,12.7494,601,1,0.189,0.5,0.08,0.03918,0.00606,0.02849,-0.00879,30.654,24.063
"2024-04-22 02:00:00",181,12.75108,601,1,0.153,0.43,0.04,0.0337,0.00304,0.02461,-0.01071,30.488,24.004
"2024-04-22 02:30:00",182,12.74688,601,1,0.073,0.29,-0.07,0.02264,-0.00613,0.01853,-0.01247,30.085,23.599
"2024-04-22 03:00:00",183,12.74352,601,1,0.107,0.29,0.04,0.02244,0.00304,0.02262,-0.01247,30.698,23.54
"2024-04-22 03:30:00",184,12.74268,601,1,0.153,0.43,0.04,0.03338,0.00304,0.02457,-0.01071,30.595,23.59
"2024-04-22 04:00:00",185,12.74352,601,1,0.169,0.44,0.08,0.03485,0.0059,0.02768,-0.01031,30.898,23.896
"2024-04-22 04:30:00",186,12.73849,601,1,0.25,0.62,0.15,0.0485,0.01187,0.0338,-0.00867,31.053,24.051
"2024-04-22 05:00:00",187,12.741,601,1,0.204,0.48,0.15,0.03772,0.01176,0.0278,-0.01033,30.535,23.533
"2024-04-22 05:30:00",188,12.7368,601,1,0.34,0.79,0.26,0.06211,0.02064,0.04178,-0.00517,30.592,24.108
"2024-04-22 06:00:00",189,12.73764,601,1,0.49,1.03,0.49,0.08064,0.0383,0.05145,-0.00173,31.307,23.736
"2024-04-22 06:30:00",190,12.7368,601,1,0.564,1.19,0.56,0.09327,0.04404,0.05725,0,31.526,23.952
"2024-04-22 07:00:00",191,12.73345,601,1,0.525,1.11,0.52,0.08723,0.04083,0.0549,0.00168,31.516,23.789
"2024-04-22 07:30:00",192,12.73429,601,1,0.74,1.52,0.78,0.11902,0.06096,0.071,0.00686,31.111,24.109
"2024-04-22 08:00:00",193,12.73597,601,1,1.045,2.1,1.15,0.16481,0.09028,0.09472,0.01547,32.155,24.165
"2024-04-22 08:30:00",194,12.73177,601,1,1.397,2.85,1.49,0.22372,0.11674,0.1224,0.02238,32.416,24.269
"2024-04-22 09:00:00",195,12.72757,601,1,1.671,3.28,1.92,0.25743,0.15094,0.14104,0.0353,33.097,24.69
"2024-04-22 09:30:00",196,12.74184,601,1,2.192,4.27,2.55,0.33464,0.19978,0.18662,0.0503,33.569,24.743
"2024-04-22 10:00:00",197,12.74436,601,1,2.775,5.36,3.28,0.4207,0.2572,0.23284,0.06448,34.142,24.644
"2024-04-22 10:30:00",198,12.741,601,1,3.19,6.16,3.77,0.48298,0.29544,0.26678,0.08084,32.904,24.65
"2024-04-22 11:00:00",199,12.7452,601,1,3.405,6.56,4.04,0.51452,0.31684,0.27281,0.08474,34.821,25.738
"2024-04-22 11:30:00",200,12.74268,601,1,3.467,6.59,4.21,0.51706,0.33052,0.28822,0.0898,34.5,25.26
"2024-04-22 12:00:00",201,12.75191,601,1,3.816,7.17,4.72,0.56266,0.36985,0.32738,0.10318,35.324,25.919
"2024-04-22 12:30:00",202,12.75443,601,1,4.063,7.8,4.85,0.6118,0.38003,0.35549,0.11232,34.191,25.925
"2024-04-22 13:00:00",203,12.75779,601,1,4.125,7.82,5.03,0.61346,0.39467,0.35017,0.11288,35.834,25.757
"2024-04-22 13:30:00",204,12.76115,601,1,4.107,7.82,4.97,0.61346,0.38994,0.3426,0.10876,34.745,26.589
"2024-04-22 14:00:00",205,12.76535,601,1,3.95,7.37,4.94,0.57826,0.38738,0.34002,0.1097,35.376,26.126
"2024-04-22 14:30:00",206,12.75947,601,1,4.22,8.09,5.05,0.6343,0.3958,0.34235,0.11296,33.958,25.54
"2024-04-22 15:00:00",207,12.76703,601,1,4.106,7.78,5.01,0.61,0.39322,0.33744,0.11438,34.168,25.18
"2024-04-22 15:30:00",208,12.7687,601,1,4.006,7.58,4.9,0.59406,0.38394,0.3265,0.10713,34.381,25.702
"2024-04-22 16:00:00",209,12.77122,601,1,3.93,7.49,4.75,0.58737,0.37266,0.31984,0.09962,34.666,25.583
"2024-04-22 16:30:00",210,12.76703,601,1,3.792,7.25,4.56,0.56862,0.35736,0.30969,0.09384,34.299,25.629
"2024-04-22 17:00:00",211,12.76954,601,1,3.528,6.83,4.15,0.53599,0.32557,0.28546,0.08508,34.11,25.281
"2024-04-22 17:30:00",212,12.76619,601,1,3.264,6.31,3.85,0.49446,0.30214,0.2649,0.07609,34.513,24.856
"2024-04-22 18:00:00",213,12.76451,601,1,2.971,5.73,3.52,0.44954,0.27589,0.24454,0.07059,33.986,25.005
"2024-04-22 18:30:00",214,12.76199,601,1,2.696,5.27,3.12,0.4133,0.24468,0.22012,0.06398,33.41,24.847
"2024-04-22 19:00:00",215,12.75863,601,1,2.222,4.43,2.48,0.34715,0.19452,0.18375,0.04526,33.099,24.535
"2024-04-22 19:30:00",216,12.75024,601,1,1.702,3.41,1.88,0.26719,0.14775,0.13928,0.02894,32.181,24.339
"2024-04-22 20:00:00",217,12.75108,601,1,1.287,2.61,1.39,0.20481,0.10904,0.10988,0.02038,32.358,24.526
"2024-04-22 20:30:00",218,12.75359,601,1,0.918,1.93,0.92,0.15159,0.07186,0.08547,0.00858,31.22,23.646
"2024-04-22 21:00:00",219,12.74772,601,1,0.68,1.46,0.65,0.11486,0.0508,0.06552,0.00168,31.224,24.061
"2024-04-22 21:30:00",220,12.74604,601,1,0.61,1.31,0.58,0.10242,0.04538,0.06034,-0.00179,31.638,23.906
"2024-04-22 22:00:00",221,12.741,601,1,0.561,1.21,0.53,0.09528,0.0419,0.05599,0,31.632,23.641
"2024-04-22 22:30:00",222,12.73597,601,1,0.477,1.02,0.46,0.07978,0.03582,0.04797,-0.00347,30.708,23.701
"2024-04-22 23:00:00",223,12.73345,601,1,0.41,0.93,0.34,0.07328,0.02672,0.04574,-0.00345,31.226,23.807
"2024-04-22 23:30:00",224,12.73177,601,1,0.416,0.91,0.38,0.07105,0.02973,0.0439,-0.00345,30.798,23.898
"2024-04-23 00:00:00",225,12.73009,601,1,0.369,0.84,0.3,0.06556,0.02385,0.04398,-0.00347,31.321,24.005
"2024-04-23 00:30:00",226,12.72757,601,1,0.334,0.8,0.23,0.06256,0.01786,0.0399,-0.00695,30.961,23.801
"2024-04-23 01:00:00",227,12.72338,601,1,0.343,0.8,0.26,0.06256,0.02074,0.04168,-0.00693,31.101,23.53
"2024-04-23 01:30:00",228,12.72421,601,1,0.317,0.72,0.26,0.0568,0.02074,0.03966,-0.00517,30.68,23.939
"2024-04-23 02:00:00",229,12.72338,601,1,0.33,0.79,0.23,0.06211,0.0177,0.03956,-0.00517,30.75,23.59
"2024-04-23 02:30:00",230,12.71918,601,1,0.317,0.72,0.26,0.05636,0.02064,0.03554,-0.00693,30.74,24.258
"2024-04-23 03:00:00",231,12.72002,601,1,0.365,0.83,0.3,0.06484,0.02364,0.04168,-0.00517,31.573,24.001
"2024-04-23 03:30:00",232,12.71918,601,1,0.33,0.76,0.26,0.0593,0.02064,0.03956,-0.00517,30.898,24
"2024-04-23 04:00:00",233,12.7175,601,1,0.329,0.72,0.3,0.05667,0.02358,0.03762,-0.00517,30.893,23.581
"2024-04-23 04:30:00",234,12.7091,601,1,0.307,0.72,0.23,0.05618,0.01788,0.03606,-0.00687,30.222,23.635
"2024-04-23 05:00:00",235,12.71078,601,1,0.26,0.65,0.15,0.05068,0.0117,0.03342,-0.00853,31.412,23.584
"2024-04-23 05:30:00",236,12.70827,601,1,0.247,0.61,0.15,0.04785,0.01169,0.03533,-0.00853,30.796,23.639
"2024-04-23 06:00:00",237,12.70994,601,1,0.24,0.59,0.15,0.04602,0.01176,0.03174,-0.01029,31.106,23.948
"2024-04-23 06:30:00",238,12.70407,601,1,0.214,0.51,0.15,0.04007,0.01174,0.02966,-0.00861,30.738,23.735
"2024-04-23 07:00:00",239,12.71078,601,1,0.362,0.82,0.3,0.06402,0.02358,0.03966,-0.00523,30.634,23.894
"2024-04-23 07:30:00",240,12.70491,601,1,0.776,1.59,0.82,0.12466,0.06414,0.0713,0.0069,31.215,24.054
"2024-04-23 08:00:00",241,12.69735,601,1,1.568,3.06,1.82,0.24008,0.14244,0.134,0.03124,33.087,24.527
"2024-04-23 08:30:00",242,12.70491,601,1,2.258,4.35,2.68,0.34079,0.21022,0.19732,0.05232,34.239,25.156
"2024-04-23 09:00:00",243,12.70827,601,1,2.563,4.95,3.03,0.38823,0.23793,0.22049,0.06256,34.35,24.85
"2024-04-23 09:30:00",244,12.7133,601,1,2.475,4.66,3.05,0.36538,0.23898,0.21886,0.06637,34.361,25.535
"2024-04-23 10:00:00",245,12.71834,601,1,2.912,5.52,3.55,0.4331,0.27868,0.27296,0.07822,36.397,25.489
"2024-04-23 10:30:00",246,12.72254,601,1,3.255,6.14,4,0.48162,0.31378,0.28207,0.08897,35.421,25.603
"2024-04-23 11:00:00",247,12.72925,601,1,3.608,6.97,4.26,0.54633,0.33446,0.2964,0.09159,34.68,25.852
"2024-04-23 11:30:00",248,12.73093,601,1,3.531,6.65,4.35,0.52166,0.34092,0.29552,0.09449,34.514,25.274
"2024-04-23 12:00:00",249,12.7368,601,1,3.757,7.17,4.53,0.56226,0.35563,0.31844,0.10012,35.138,25.636
"2024-04-23 12:30:00",250,12.74016,601,1,3.707,6.99,4.56,0.54782,0.35766,0.32726,0.10588,35.467,25.545
"2024-04-23 13:00:00",251,12.74352,601,1,3.803,7.13,4.72,0.5591,0.37032,0.32488,0.10746,35.194,25.952
"2024-04-23 13:30:00",252,12.74436,601,1,3.822,7.19,4.72,0.56418,0.3701,0.33036,0.10676,34.75,25.916
"2024-04-23 14:00:00",253,12.74856,601,1,3.848,7.22,4.77,0.56613,0.37381,0.33452,0.10802,35.297,25.638
"2024-04-23 14:30:00",254,12.74436,601,1,4.103,7.81,4.97,0.6126,0.3897,0.33715,0.10895,34.044,25.635
"2024-04-23 15:00:00",255,12.74688,601,1,3.944,7.55,4.73,0.59246,0.37128,0.32859,0.10102,35.143,25.897
"2024-04-23 15:30:00",256,12.74184,601,1,3.863,7.39,4.64,0.57964,0.36384,0.32054,0.09809,35.083,25.583
"2024-04-23 16:00:00",257,12.74184,601,1,3.723,7.16,4.43,0.56182,0.3476,0.29958,0.09266,34.621,25.536
"2024-04-23 16:30:00",258,12.74016,601,1,3.498,6.76,4.13,0.53043,0.32384,0.27975,0.08488,33.37,25.79
"2024-04-23 17:00:00",259,12.75108,601,1,3.13,6.08,3.66,0.47706,0.28683,0.25622,0.0747,33.895,25.066
"2024-04-23 17:30:00",260,12.74772,601,1,2.931,5.75,3.37,0.45102,0.26421,0.23601,0.06561,34.302,25.215
"2024-04-23 18:00:00",261,12.74604,601,1,2.516,4.9,2.93,0.38418,0.22982,0.21426,0.05772,33.637,24.808
"2024-04-23 18:30:00",262,12.74436,601,1,2.26,4.47,2.56,0.35024,0.20096,0.18781,0.04506,34.756,24.533
"2024-04-23 19:00:00",263,12.74184,601,1,1.846,3.69,2.05,0.28934,0.16068,0.15323,0.03311,32.019,24.285
"2024-04-23 19:30:00",264,12.74016,601,1,1.499,3.03,1.63,0.23738,0.12792,0.129,0.02232,32.426,24.172
"2024-04-23 20:00:00",265,12.7368,601,1,1.059,2.19,1.1,0.17137,0.08598,0.09455,0.01194,31.393,23.814
"2024-04-23 20:30:00",266,12.73177,601,1,0.706,1.49,0.7,0.1165,0.05514,0.0679,0.00506,31.021,23.859
"2024-04-23 21:00:00",267,12.73093,601,1,0.577,1.24,0.55,0.09754,0.04327,0.05814,-0.00175,31.919,24.183
"2024-04-23 21:30:00",268,12.72757,601,1,0.462,1.03,0.4,0.08106,0.03154,0.05016,-0.00505,31.183,23.45
"2024-04-23 22:00:00",269,12.72589,601,1,0.385,0.9,0.29,0.0702,0.0228,0.04443,-0.00505,29.762,24.006
"2024-04-23 22:30:00",270,12.72338,601,1,0.33,0.77,0.25,0.06015,0.01999,0.04061,-0.00843,31.885,23.897
"2024-04-23 23:00:00",271,12.72421,601,1,0.308,0.73,0.22,0.05728,0.01714,0.03872,-0.00845,31.235,23.812
"2024-04-23 23:30:00",272,12.71834,601,1,0.275,0.63,0.22,0.04913,0.01704,0.03686,-0.00851,31.118,23.802
"2024-04-24 00:00:00",273,12.71834,601,1,0.247,0.61,0.15,0.04785,0.01148,0.0373,-0.00849,31.014,24.27
"2024-04-24 00:30:00",274,12.72254,601,1,0.278,0.64,0.22,0.05006,0.01721,0.03316,-0.00683,30.876,23.972
"2024-04-24 01:00:00",275,12.71666,601,1,0.256,0.61,0.18,0.04762,0.0144,0.03518,-0.00849,30.917,23.754
"2024-04-24 01:30:00",276,12.71666,601,1,0.278,0.64,0.22,0.05044,0.01734,0.0373,-0.00855,30.864,23.963
"2024-04-24 02:00:00",277,12.7175,601,1,0.301,0.71,0.22,0.05547,0.01727,0.0373,-0.01025,31.395,23.556
"2024-04-24 02:30:00",278,12.71666,601,1,0.3,0.67,0.26,0.05232,0.02014,0.03905,-0.00509,31.349,24.34
"2024-04-24 03:00:00",279,12.7175,601,1,0.297,0.66,0.26,0.05208,0.02004,0.03704,-0.00509,30.571,23.823
"2024-04-24 03:30:00",280,12.7175,601,1,0.333,0.74,0.29,0.05833,0.0231,0.0393,-0.00509,30.715,23.967
"2024-04-24 04:00:00",281,12.71582,601,1,0.336,0.74,0.3,0.05833,0.02316,0.04322,-0.00519,31.125,23.809
"2024-04-24 04:30:00",282,12.7133,601,1,0.346,0.78,0.29,0.06104,0.02304,0.0393,-0.00681,31.191,23.87
"2024-04-24 05:00:00",283,12.71246,601,1,0.311,0.74,0.22,0.0579,0.01727,0.0412,-0.00855,31.34,23.764
"2024-04-24 05:30:00",284,12.7133,601,1,0.339,0.76,0.29,0.05993,0.02289,0.03912,-0.00681,31.251,23.928
"2024-04-24 06:00:00",285,12.71414,601,1,0.391,0.88,0.33,0.06896,0.02583,0.04513,-0.00343,31.864,23.868
"2024-04-24 06:30:00",286,12.71582,601,1,0.451,0.96,0.44,0.07567,0.03428,0.04878,0,31.125,23.964
"2024-04-24 07:00:00",287,12.71666,601,1,0.991,1.98,1.1,0.15496,0.08624,0.0921,0.01366,32.114,24.692
"2024-04-24 07:30:00",288,12.70743,601,1,1.633,3.23,1.85,0.25367,0.14516,0.13561,0.03076,31.542,24.536
"2024-04-24 08:00:00",289,12.71078,601,1,1.245,2.53,1.34,0.19848,0.10532,0.11265,0.02062,32.169,24.435
"2024-04-24 08:30:00",290,12.71162,601,1,1.588,3.12,1.82,0.24496,0.14244,0.13744,0.0292,32.748,24.596
"2024-04-24 09:00:00",291,12.71162,601,1,2.282,4.45,2.65,0.34901,0.20806,0.19528,0.05055,33.882,25.473
"2024-04-24 09:30:00",292,12.71078,601,1,2.649,5.23,3.01,0.40993,0.23622,0.22271,0.06018,35.14,25.223
"2024-04-24 10:00:00",293,12.71078,601,1,2.651,5.17,3.08,0.40544,0.24138,0.22224,0.06164,33.74,25.172
"2024-04-24 10:30:00",294,12.70407,601,1,2.267,4.53,2.52,0.35534,0.19772,0.19492,0.04624,32.906,24.909
"2024-04-24 11:00:00",295,12.70491,601,1,2.288,4.49,2.63,0.35246,0.2062,0.19238,0.0496,34.039,24.643
"2024-04-24 11:30:00",296,12.70575,601,1,2.558,4.97,2.99,0.3901,0.23483,0.21794,0.05626,33.992,25.166
"2024-04-24 12:00:00",297,12.71078,601,1,3.187,6.18,3.74,0.48442,0.29347,0.2685,0.08164,34.413,25.584
"2024-04-24 12:30:00",298,12.71414,601,1,3.474,6.61,4.21,0.5186,0.33044,0.295,0.09034,34.565,25.738
"2024-04-24 13:00:00",299,12.71414,601,1,3.353,6.44,4,0.50511,0.31336,0.28319,0.08276,34.247,25.578
"2024-04-24 13:30:00",300,12.71414,601,1,3.379,6.48,4.04,0.50799,0.31684,0.2848,0.0861,35.606,25.947
"2024-04-24 14:00:00",301,12.71498,601,1,3.661,7.01,4.39,0.54961,0.34436,0.30548,0.09334,34.839,25.594
"2024-04-24 14:30:00",302,12.70827,601,1,3.838,7.17,4.79,0.5621,0.37596,0.33452,0.10695,35.515,26.008
"2024-04-24 15:00:00",303,12.71414,601,1,4.505,8.57,5.46,0.6722,0.42836,0.37455,0.12442,34.911,26.077
"2024-04-24 15:30:00",304,12.71246,601,1,4.373,8.34,5.28,0.65375,0.41396,0.36481,0.11818,34.174,26.587
"2024-04-24 16:00:00",305,12.71246,601,1,4.22,8.11,5.03,0.63621,0.39455,0.35316,0.1077,35.055,26.221
"2024-04-24 16:30:00",306,12.72002,601,1,4.139,7.92,4.97,0.62146,0.3897,0.34072,0.10948,35.003,25.91
"2024-04-24 17:00:00",307,12.71918,601,1,3.75,7.12,4.56,0.55855,0.35742,0.32277,0.10077,35.147,25.328
"2024-04-24 17:30:00",308,12.72338,601,1,3.545,6.79,4.25,0.53214,0.33291,0.29514,0.0888,35.208,25.961
"2024-04-24 18:00:00",309,12.71582,601,1,3.145,6.08,3.71,0.47642,0.29106,0.26968,0.07562,34.687,25.44
"2024-04-24 18:30:00",310,12.72169,601,1,2.794,5.52,3.17,0.43302,0.24832,0.23378,0.06199,33.594,25.023
"2024-04-24 19:00:00",311,12.7133,601,1,2.122,4.21,2.39,0.3304,0.18713,0.18127,0.04276,33.692,24.448
"2024-04-24 19:30:00",312,12.72086,601,1,1.496,3.02,1.63,0.23686,0.12754,0.13216,0.02244,32.447,24.708
"2024-04-24 20:00:00",313,12.71078,601,1,1.014,2.1,1.05,0.16472,0.08238,0.09302,0.0102,31.248,24.237
"2024-04-24 20:30:00",314,12.71498,601,1,0.696,1.49,0.67,0.11712,0.0529,0.0713,0.0034,31.144,23.718
"2024-04-24 21:00:00",315,12.71246,601,1,0.561,1.21,0.53,0.09501,0.04139,0.05758,0,31.289,24.383
"2024-04-24 21:30:00",316,12.71078,601,1,0.433,0.99,0.35,0.07756,0.02707,0.04859,-0.00353,31.438,24.275
"2024-04-24 22:00:00",317,12.7091,601,1,0.385,0.88,0.31,0.06938,0.02413,0.04691,-0.00707,31.119,24.374
"2024-04-24 22:30:00",318,12.69567,601,1,0.323,0.73,0.27,0.05758,0.02088,0.03834,-0.00879,31.08,23.658
"2024-04-24 23:00:00",319,12.69483,601,1,0.288,0.66,0.23,0.0521,0.01804,0.03656,-0.00883,31.079,23.917
"2024-04-24 23:30:00",320,12.70407,601,1,0.288,0.66,0.23,0.05158,0.01788,0.0385,-0.00529,32.225,23.97
"2024-04-25 00:00:00",321,12.68896,601,1,0.275,0.66,0.19,0.0514,0.01522,0.03692,-0.00707,30.929,23.348
"2024-04-25 00:30:00",322,12.68728,601,1,0.259,0.61,0.19,0.04782,0.01522,0.03692,-0.00709,31.089,23.923
"2024-04-25 01:00:00",323,12.69148,601,1,0.256,0.6,0.19,0.0474,0.01529,0.03506,-0.01075,31.028,23.708
"2024-04-25 01:30:00",324,12.69232,601,1,0.252,0.59,0.19,0.04636,0.01492,0.03438,-0.00879,31.33,23.908
"2024-04-25 02:00:00",325,12.68224,601,1,0.311,0.73,0.23,0.05728,0.01788,0.0405,-0.00701,31.176,24.273
"2024-04-25 02:30:00",326,12.68812,601,1,0.301,0.7,0.23,0.05494,0.01797,0.03857,-0.00529,31.177,24.014
"2024-04-25 03:00:00",327,12.68392,601,1,0.326,0.74,0.27,0.05826,0.02105,0.03874,-0.00707,31.023,24.12
"2024-04-25 03:30:00",328,12.68392,601,1,0.317,0.72,0.26,0.0568,0.02074,0.04014,-0.00697,30.883,24.133
"2024-04-25 04:00:00",329,12.67721,601,1,0.291,0.67,0.23,0.05226,0.01788,0.03616,-0.01043,31.077,23.759
"2024-04-25 04:30:00",330,12.67049,601,1,0.285,0.69,0.19,0.05434,0.01486,0.03818,-0.01045,31.291,23.711
"2024-04-25 05:00:00",331,12.67637,601,1,0.253,0.63,0.15,0.04928,0.01188,0.03428,-0.00871,30.875,23.971
"2024-04-25 05:30:00",332,12.67637,601,1,0.263,0.66,0.15,0.0521,0.01194,0.0344,-0.01053,30.761,24.014
"2024-04-25 06:00:00",333,12.67721,601,1,0.269,0.64,0.19,0.04985,0.01506,0.03463,-0.01061,31.242,23.922
"2024-04-25 06:30:00",334,12.67301,601,1,0.397,0.88,0.35,0.06878,0.02707,0.0446,-0.00353,30.234,24.734
"2024-04-25 07:00:00",335,12.67553,601,1,0.868,1.74,0.96,0.1361,0.0752,0.07544,0.00702,31.694,24.116
"2024-04-25 07:30:00",336,12.67385,601,1,1.563,3.12,1.74,0.24475,0.13638,0.13218,0.02658,32.897,24.23
"2024-04-25 08:00:00",337,12.67133,601,1,1.797,3.53,2.06,0.27647,0.16152,0.16242,0.04238,33.676,24.85
"2024-04-25 08:30:00",338,12.65958,601,1,2.096,4.11,2.41,0.32196,0.18891,0.18122,0.04226,32.061,24.224
"2024-04-25 09:00:00",339,12.66965,601,1,2.288,4.46,2.66,0.35006,0.20826,0.19744,0.05482,32.851,24.854
"2024-04-25 09:30:00",340,12.67049,601,1,2.603,5.07,3.03,0.39751,0.23776,0.22634,0.06171,32.85,25.426
"2024-04-25 10:00:00",341,12.66377,601,1,2.694,4.93,3.47,0.38648,0.2724,0.25108,0.07214,36.485,25.322
"2024-04-25 10:30:00",342,12.66461,601,1,3.295,6.34,3.92,0.49706,0.30726,0.28124,0.08547,36.016,26.205
"2024-04-25 11:00:00",343,12.67217,601,1,3.413,6.65,3.97,0.52142,0.31159,0.28237,0.08128,34.257,24.598
"2024-04-25 11:30:00",344,12.67133,601,1,3.224,6.35,3.68,0.49828,0.28859,0.27046,0.07959,34.618,25.375
"2024-04-25 12:00:00",345,12.67553,601,1,2.949,5.85,3.32,0.45873,0.26048,0.23542,0.06283,33.725,25.316
"2024-04-25 12:30:00",346,12.67301,601,1,2.645,5.2,3.03,0.40772,0.238,0.22134,0.06114,33.677,25.006
"2024-04-25 13:00:00",347,12.67385,601,1,2.558,5.01,2.95,0.39307,0.2312,0.21688,0.05935,34.138,25.158
"2024-04-25 13:30:00",348,12.67385,601,1,2.547,5.05,2.87,0.39612,0.22519,0.21182,0.05261,33.043,25.466
"2024-04-25 14:00:00",349,12.66629,601,1,2.532,4.92,2.96,0.38593,0.23195,0.21822,0.0578,33.719,25.728
"2024-04-25 14:30:00",350,12.66965,601,1,2.756,5.33,3.25,0.4182,0.25474,0.23616,0.0685,34.771,25.112
"2024-04-25 15:00:00",351,12.66881,601,1,2.86,5.6,3.3,0.43902,0.2586,0.23938,0.06318,34.091,25.266
"2024-04-25 15:30:00",352,12.66881,601,1,2.769,5.36,3.26,0.42021,0.2555,0.23213,0.06643,34.033,25.625
"2024-04-25 16:00:00",353,12.67049,601,1,2.667,5.17,3.13,0.40544,0.24514,0.2141,0.06177,33.461,24.897
"2024-04-25 16:30:00",354,12.66965,601,1,2.516,4.92,2.91,0.38578,0.22789,0.20861,0.05471,33.356,24.793
"2024-04-25 17:00:00",355,12.66629,601,1,2.311,4.53,2.66,0.35563,0.20868,0.19163,0.04818,34.082,24.688
"2024-04-25 17:30:00",356,12.66126,601,1,2.147,4.23,2.45,0.33206,0.19252,0.17591,0.04842,33.466,24.798
"2024-04-25 18:00:00",357,12.66377,601,1,1.907,3.82,2.11,0.29958,0.16573,0.1551,0.03614,32.013,24.436
"2024-04-25 18:30:00",358,12.6621,601,1,1.801,3.6,2,0.28264,0.15655,0.15412,0.03608,32.186,24.862
"2024-04-25 19:00:00",359,12.6621,601,1,1.618,3.23,1.8,0.25344,0.14134,0.13547,0.02846,31.703,24.124
"2024-04-25 19:30:00",360,12.6495,601,1,1.428,2.88,1.56,0.22624,0.12244,0.12042,0.02121,32.179,24.185
"2024-04-25 20:00:00",361,12.64699,601,1,1.329,2.69,1.44,0.2113,0.11297,0.11307,0.0216,31.091,23.509
"2024-04-25 20:30:00",362,12.6537,601,1,1.156,2.36,1.23,0.18544,0.09616,0.10576,0.01978,31.197,23.354
"2024-04-25 21:00:00",363,12.65034,601,1,1.005,2.09,1.03,0.16417,0.08076,0.09134,0.01258,31.971,24.235
"2024-04-25 21:30:00",364,12.65118,601,1,0.889,1.86,0.9,0.14548,0.07044,0.0825,0.00714,30.985,24.082
"2024-04-25 22:00:00",365,12.64866,601,1,0.815,1.72,0.81,0.13465,0.06372,0.07379,0.00348,31.507,24.08
"2024-04-25 22:30:00",366,12.64531,601,1,0.763,1.56,0.81,0.12203,0.06333,0.07123,0.00348,31.497,23.918
"2024-04-25 23:00:00",367,12.64447,601,1,0.661,1.4,0.65,0.10948,0.05124,0.06969,0.00526,31.973,24.132
"2024-04-25 23:30:00",368,12.64279,601,1,0.615,1.29,0.62,0.10148,0.04878,0.06172,0.00178,31.867,24.545
"2024-04-26 00:00:00",369,12.64363,601,1,0.575,1.27,0.51,0.09955,0.03981,0.05974,0,31.817,24.236
"2024-04-26 00:30:00",370,12.64363,601,1,0.52,1.14,0.47,0.08946,0.03664,0.05363,-0.00181,31.081,23.919
"2024-04-26 01:00:00",371,12.63859,601,1,0.497,1.07,0.47,0.0843,0.03676,0.04775,-0.00181,31.091,24.081
"2024-04-26 01:30:00",372,12.63523,601,1,0.398,0.92,0.31,0.07226,0.0243,0.0432,-0.00713,31.141,23.975
"2024-04-26 02:00:00",373,12.63943,601,1,0.347,0.84,0.23,0.06608,0.01804,0.04476,-0.00535,30.928,23.349
"2024-04-26 02:30:00",374,12.63607,601,1,0.324,0.77,0.23,0.0606,0.01804,0.04083,-0.00709,30.877,23.711
"2024-04-26 03:00:00",375,12.63775,601,1,0.307,0.72,0.23,0.05649,0.01836,0.03522,-0.00719,31.542,23.809
"2024-04-26 03:30:00",376,12.63523,601,1,0.256,0.6,0.19,0.04714,0.015,0.03271,-0.00883,30.918,23.498
"2024-04-26 04:00:00",377,12.6302,601,1,0.266,0.63,0.19,0.04958,0.01506,0.03463,-0.01061,31.081,24.073
"2024-04-26 04:30:00",378,12.62768,601,1,0.23,0.56,0.15,0.04428,0.01204,0.03271,-0.00709,30.817,24.069
"2024-04-26 05:00:00",379,12.63355,601,1,0.253,0.63,0.15,0.04928,0.01206,0.03457,-0.00883,30.973,23.809
"2024-04-26 05:30:00",380,12.63104,601,1,0.23,0.56,0.15,0.04423,0.01199,0.03062,-0.00883,30.919,23.757
"2024-04-26 06:00:00",381,12.6302,601,1,0.221,0.56,0.12,0.04423,0.00903,0.03676,-0.00709,30.207,23.717
"2024-04-26 06:30:00",382,12.6302,601,1,0.221,0.56,0.12,0.04423,0.00903,0.03069,-0.01065,30.869,24.121
"2024-04-26 07:00:00",383,12.63355,601,1,0.295,0.72,0.19,0.05636,0.0148,0.0381,-0.00877,31.444,24.02
"2024-04-26 07:30:00",384,12.62852,601,1,0.563,1.15,0.6,0.09045,0.0469,0.06015,0,32.6,24.341
"2024-04-26 08:00:00",385,12.62936,601,1,0.977,2.07,0.96,0.1625,0.07538,0.0868,0.00522,32.443,23.872
"2024-04-26 08:30:00",386,12.6302,601,1,1.425,2.83,1.6,0.22189,0.1255,0.13462,0.02668,32.18,25.845
"2024-04-26 09:00:00",387,12.63272,601,1,1.78,3.48,2.06,0.27296,0.16185,0.15851,0.03697,32.849,25.267
"2024-04-26 09:30:00",388,12.63523,601,1,2.11,4.05,2.52,0.31756,0.19742,0.18567,0.05352,32.55,25.54
"2024-04-26 10:00:00",389,12.63607,601,1,2.597,5.11,2.97,0.40075,0.23316,0.2148,0.06114,33.991,24.595
"2024-04-26 10:30:00",390,12.63439,601,1,2.824,5.49,3.3,0.43076,0.25892,0.23542,0.0622,35.043,24.707
"2024-04-26 11:00:00",391,12.63523,601,1,2.918,5.7,3.38,0.4472,0.26524,0.2415,0.06666,34.467,25.069
"2024-04-26 11:30:00",392,12.63775,601,1,2.944,5.75,3.41,0.45102,0.26706,0.24034,0.06643,33.852,25.023
"2024-04-26 12:00:00",393,12.64363,601,1,3.045,5.87,3.61,0.46032,0.28274,0.28658,0.07959,35.589,26.075
"2024-04-26 12:30:00",394,12.64195,601,1,3.293,6.37,3.88,0.49979,0.30404,0.27324,0.0817,33.81,24.977
"2024-04-26 13:00:00",395,12.63272,601,1,3.443,6.64,4.08,0.52104,0.31975,0.28538,0.08339,34.478,25.647
"2024-04-26 13:30:00",396,12.64279,601,1,3.544,6.69,4.35,0.52438,0.34137,0.3103,0.09449,36.003,25.503
"2024-04-26 14:00:00",397,12.64615,601,1,3.618,6.87,4.4,0.53903,0.34538,0.31074,0.09466,34.761,25.768
"2024-04-26 14:30:00",398,12.64866,601,1,3.748,7.36,4.3,0.57744,0.3375,0.30484,0.08946,32.839,25.094
"2024-04-26 15:00:00",399,12.64615,601,1,3.376,6.52,3.99,0.51158,0.3132,0.27664,0.0789,33.6,25.601
"2024-04-26 15:30:00",400,12.64783,601,1,3.069,5.97,3.58,0.46822,0.2807,0.25005,0.07174,34.217,25.231
"2024-04-26 16:00:00",401,12.64363,601,1,2.798,5.43,3.28,0.42578,0.25732,0.22624,0.06092,34.095,24.439
"2024-04-26 16:30:00",402,12.64363,601,1,3.033,5.88,3.56,0.4614,0.27896,0.246,0.07304,33.846,25.278
"2024-04-26 17:00:00",403,12.64363,601,1,2.925,5.73,3.37,0.44968,0.26398,0.24112,0.06472,32.669,25.239
"2024-04-26 17:30:00",404,12.64195,601,1,2.725,5.29,3.19,0.41463,0.25018,0.2316,0.06114,34.321,24.502
"2024-04-26 18:00:00",405,12.64279,601,1,2.548,4.97,2.96,0.38966,0.2318,0.20982,0.06048,33.132,24.455
"2024-04-26 18:30:00",406,12.64195,601,1,2.324,4.58,2.65,0.35928,0.20786,0.19168,0.04818,33.639,24.552
"2024-04-26 19:00:00",407,12.63859,601,1,2.029,4.03,2.28,0.31604,0.17847,0.17313,0.04375,33.677,24.593
"2024-04-26 19:30:00",408,12.63607,601,1,1.676,3.39,1.82,0.2658,0.14284,0.14192,0.0299,32.227,24.907
"2024-04-26 20:00:00",409,12.63523,601,1,1.249,2.53,1.35,0.1987,0.10564,0.10987,0.0192,32.381,24.541
"2024-04-26 20:30:00",410,12.62936,601,1,0.947,1.97,0.97,0.15458,0.07632,0.08628,0.00884,31.734,24.16
"2024-04-26 21:00:00",411,12.6302,601,1,0.78,1.64,0.78,0.129,0.06096,0.07606,0.00532,31.183,24.02
"2024-04-26 21:30:00",412,12.62768,601,1,0.607,1.34,0.54,0.10506,0.04225,0.06333,0.00173,31.238,24.489
"2024-04-26 22:00:00",413,12.62348,601,1,0.532,1.12,0.53,0.08768,0.0419,0.05483,-0.00179,31.494,23.915
"2024-04-26 22:30:00",414,12.61509,601,1,0.414,0.94,0.34,0.07408,0.02689,0.04659,-0.00353,31.445,24.021
"2024-04-26 23:00:00",415,12.62348,601,1,0.362,0.81,0.31,0.06344,0.024,0.04088,-0.00535,30.764,24.434
"2024-04-26 23:30:00",416,12.62348,601,1,0.329,0.71,0.31,0.05541,0.024,0.03687,-0.00535,31.329,24.324
"2024-04-27 00:00:00",417,12.61761,601,1,0.326,0.74,0.27,0.05808,0.02105,0.04088,-0.00535,30.877,23.971
"2024-04-27 00:30:00",418,12.62012,601,1,0.301,0.7,0.23,0.05494,0.01797,0.03674,-0.00883,30.886,23.719
"2024-04-27 01:00:00",419,12.62012,601,1,0.23,0.56,0.15,0.04423,0.01204,0.03282,-0.01065,30.731,23.979
"2024-04-27 01:30:00",420,12.61593,601,1,0.266,0.63,0.19,0.04958,0.01492,0.03474,-0.00707,31.083,23.919
"2024-04-27 02:00:00",421,12.61425,601,1,0.266,0.63,0.19,0.04928,0.01492,0.03258,-0.00707,31.496,23.916
"2024-04-27 02:30:00",422,12.61677,601,1,0.266,0.63,0.19,0.04902,0.01488,0.03457,-0.00881,31.409,23.827
"2024-04-27 03:00:00",423,12.61761,601,1,0.279,0.67,0.19,0.05226,0.01492,0.03662,-0.00881,30.632,23.88
"2024-04-27 03:30:00",424,12.61677,601,1,0.268,0.6,0.23,0.04676,0.01788,0.03457,-0.00707,30.833,24.343
"2024-04-27 04:00:00",425,12.61509,601,1,0.275,0.66,0.19,0.05168,0.01486,0.0365,-0.00707,31.555,24.131
"2024-04-27 04:30:00",426,12.61257,601,1,0.266,0.63,0.19,0.04902,0.01488,0.0345,-0.00707,31.092,23.668
"2024-04-27 05:00:00",427,12.61593,601,1,0.243,0.56,0.19,0.04356,0.01488,0.03251,-0.00707,31.13,24.122
"2024-04-27 05:30:00",428,12.61173,601,1,0.266,0.63,0.19,0.04958,0.01498,0.03474,-0.00883,31.084,24.179
"2024-04-27 06:00:00",429,12.60417,601,1,0.268,0.6,0.23,0.04702,0.01797,0.03486,-0.00709,30.877,23.713
"2024-04-27 06:30:00",430,12.61005,601,1,0.276,0.7,0.15,0.0546,0.01194,0.03882,-0.00711,30.932,24.181
"2024-04-27 07:00:00",431,12.60921,601,1,0.532,1.12,0.53,0.08768,0.04178,0.05314,-0.00179,31.866,23.871
"2024-04-27 07:30:00",432,12.61005,601,1,1.148,2.27,1.3,0.17838,0.10156,0.10233,0.01606,32.438,24.284
"2024-04-27 08:00:00",433,12.60921,601,1,1.791,3.56,2.01,0.27892,0.15782,0.15256,0.03542,33.11,24.441
"2024-04-27 08:30:00",434,12.61425,601,1,2.054,4.02,2.37,0.31488,0.18558,0.17302,0.04246,32.598,24.758
"2024-04-27 09:00:00",435,12.60837,601,1,2.338,4.49,2.79,0.35229,0.21917,0.20711,0.0552,34.781,24.966
"2024-04-27 09:30:00",436,12.61257,601,1,2.613,4.96,3.18,0.3886,0.24944,0.23601,0.06982,35.04,25.795
"2024-04-27 10:00:00",437,12.61257,601,1,3.231,6.22,3.84,0.48775,0.3015,0.27491,0.08128,35.31,25.232
"2024-04-27 10:30:00",438,12.61509,601,1,3.203,6.19,3.78,0.48552,0.2964,0.26431,0.07567,34.422,24.915
"2024-04-27 11:00:00",439,12.61425,601,1,3.034,5.96,3.48,0.4673,0.27294,0.25282,0.07162,33.904,25.075
"2024-04-27 11:30:00",440,12.61761,601,1,2.719,5.32,3.14,0.41708,0.24632,0.22312,0.05993,33.786,24.701
"2024-04-27 12:00:00",441,12.61761,601,1,2.503,4.84,2.95,0.37928,0.2312,0.20919,0.05624,34.16,24.342
"2024-04-27 12:30:00",442,12.61677,601,1,2.625,5.1,3.07,0.3999,0.24042,0.22227,0.05974,33.895,25.899
"2024-04-27 13:00:00",443,12.60669,601,1,2.886,5.64,3.34,0.44211,0.26156,0.24343,0.067,33.744,25.328
"2024-04-27 13:30:00",444,12.61677,601,1,2.975,5.76,3.5,0.45135,0.27456,0.24924,0.07056,34.572,25.589
"2024-04-27 14:00:00",445,12.61341,601,1,3.214,6.14,3.87,0.48142,0.30332,0.27433,0.07959,34.941,25.539
"2024-04-27 14:30:00",446,12.61509,601,1,3.437,6.61,4.09,0.51837,0.3204,0.28298,0.08344,35.149,25.332
"2024-04-27 15:00:00",447,12.61593,601,1,3.171,6.16,3.71,0.48294,0.29126,0.26162,0.07518,34.377,25.388
"2024-04-27 15:30:00",448,12.61005,601,1,2.828,5.51,3.29,0.43218,0.25828,0.23834,0.06669,34.307,25.065
"2024-04-27 16:00:00",449,12.61677,601,1,2.942,5.65,3.51,0.44333,0.27528,0.25104,0.07222,34.266,25.28
"2024-04-27 16:30:00",450,12.60417,601,1,3.235,6.23,3.84,0.48892,0.30116,0.27282,0.08118,35.038,25.224
"2024-04-27 17:00:00",451,12.61257,601,1,2.838,5.55,3.28,0.4353,0.25718,0.23517,0.06472,34.158,25.069
"2024-04-27 17:30:00",452,12.61257,601,1,2.077,4.1,2.36,0.32172,0.1851,0.1778,0.04276,33.8,24.815
"2024-04-27 18:00:00",453,12.61005,601,1,1.734,3.5,1.89,0.2748,0.1481,0.1516,0.03025,33.081,24.405
"2024-04-27 18:30:00",454,12.59914,601,1,1.647,3.29,1.83,0.25814,0.14328,0.14264,0.02861,33.111,23.87
"2024-04-27 19:00:00",455,12.60585,601,1,1.407,2.89,1.48,0.22634,0.1163,0.12436,0.02148,32.184,24.341
"2024-04-27 19:30:00",456,12.60837,601,1,1.065,2.17,1.14,0.17038,0.08912,0.09809,0.01437,31.876,24.293
"2024-04-27 20:00:00",457,12.60417,601,1,0.77,1.64,0.75,0.12894,0.05874,0.07328,0.00538,31.408,23.98
"2024-04-27 20:30:00",458,12.60501,601,1,0.524,1.19,0.43,0.09336,0.03378,0.05606,-0.00181,31.41,23.826
"2024-04-27 21:00:00",459,12.60333,601,1,0.427,0.97,0.35,0.07574,0.0275,0.04764,-0.00539,31.556,23.976
"2024-04-27 21:30:00",460,12.59998,601,1,0.352,0.78,0.31,0.06145,0.0243,0.04139,-0.00533,30.933,24.184
"2024-04-27 22:00:00",461,12.59242,601,1,0.292,0.71,0.19,0.05541,0.01508,0.037,-0.00891,31.408,23.826
"2024-04-27 22:30:00",462,12.5983,601,1,0.278,0.63,0.23,0.0497,0.01804,0.03498,-0.00891,31.35,24.183
"2024-04-27 23:00:00",463,12.58906,601,1,0.22,0.53,0.15,0.04156,0.01209,0.03296,-0.01069,31.5,23.92
"2024-04-27 23:30:00",464,12.59494,601,1,0.22,0.53,0.15,0.04124,0.01204,0.03076,-0.01071,31.297,23.716
"2024-04-28 00:00:00",465,12.59326,601,1,0.199,0.53,0.08,0.04156,0.006,0.03088,-0.00891,31.029,24.281
"2024-04-28 00:30:00",466,12.58655,601,1,0.199,0.53,0.08,0.04124,0.006,0.03082,-0.00891,31.252,23.827
"2024-04-28 01:00:00",467,12.59326,601,1,0.188,0.46,0.12,0.03606,0.00906,0.029,-0.00897,31.298,23.717
"2024-04-28 01:30:00",468,12.58906,601,1,0.199,0.53,0.08,0.04168,0.00606,0.03112,-0.01253,31.398,23.817
"2024-04-28 02:00:00",469,12.59158,601,1,0.201,0.5,0.12,0.03918,0.00908,0.02915,-0.01083,31.403,24.237
"2024-04-28 02:30:00",470,12.58906,601,1,0.227,0.54,0.16,0.04228,0.01218,0.03132,-0.00717,30.818,23.654
"2024-04-28 03:00:00",471,12.58739,601,1,0.204,0.51,0.12,0.03975,0.00924,0.03154,-0.00911,31.393,23.657
"2024-04-28 03:30:00",472,12.5899,601,1,0.214,0.54,0.12,0.04216,0.00923,0.03154,-0.01097,31.201,24.19
"2024-04-28 04:00:00",473,12.59074,601,1,0.237,0.57,0.16,0.04494,0.01222,0.03139,-0.00905,31.353,24.186
"2024-04-28 04:30:00",474,12.58906,601,1,0.215,0.58,0.08,0.04517,0.00613,0.0336,-0.01089,30.988,23.977
"2024-04-28 05:00:00",475,12.58823,601,1,0.214,0.5,0.16,0.0393,0.01224,0.02932,-0.00911,30.715,24.124
"2024-04-28 05:30:00",476,12.5899,601,1,0.252,0.58,0.2,0.04517,0.01533,0.03156,-0.00731,31.357,23.774
"2024-04-28 06:00:00",477,12.58739,601,1,0.25,0.61,0.16,0.04806,0.01231,0.03784,-0.00731,31.152,23.983
"2024-04-28 06:30:00",478,12.58823,601,1,0.353,0.82,0.27,0.06398,0.02135,0.04396,-0.00909,31.4,23.818
"2024-04-28 07:00:00",479,12.57899,601,1,0.76,1.58,0.78,0.12372,0.06117,0.07581,0.00544,31.866,24.285
"2024-04-28 07:30:00",480,12.58655,601,1,1.303,2.62,1.43,0.20534,0.11238,0.11628,0.02178,32.592,24.182
"2024-04-28 08:00:00",481,12.57563,601,1,1.705,3.4,1.9,0.26641,0.14908,0.15323,0.03387,33.789,24.962
"2024-04-28 08:30:00",482,12.58655,601,1,1.99,3.94,2.25,0.30928,0.17682,0.17411,0.04287,33.063,24.912
"2024-04-28 09:00:00",483,12.58151,601,1,2.484,4.83,2.9,0.37894,0.22778,0.21774,0.06024,34.746,24.925
"2024-04-28 09:30:00",484,12.58319,601,1,3.295,6.34,3.92,0.49743,0.30759,0.27938,0.08698,34.209,25.538
"2024-04-28 10:00:00",485,12.59158,601,1,3.608,6.79,4.45,0.53211,0.34912,0.31844,0.0989,35.775,25.54
"2024-04-28 10:30:00",486,12.58319,601,1,3.969,7.58,4.78,0.59441,0.37512,0.33579,0.10304,35.772,25.697
"2024-04-28 11:00:00",487,12.59494,601,1,4.394,8.25,5.44,0.6468,0.4269,0.38003,0.12586,35.414,26.324
"2024-04-28 11:30:00",488,12.59662,601,1,4.484,8.27,5.71,0.64856,0.44801,0.39704,0.13328,35.003,26.016
"2024-04-28 12:00:00",489,12.59998,601,1,4.318,7.82,5.65,0.61292,0.44312,0.40544,0.13858,36.965,27.303
"2024-04-28 12:30:00",490,12.59242,601,1,4.757,9.15,5.66,0.71772,0.44396,0.40797,0.13494,35.003,26.326
"2024-04-28 13:00:00",491,12.60417,601,1,4.553,8.51,5.68,0.66712,0.44526,0.40706,0.13423,35.163,26.902
"2024-04-28 13:30:00",492,12.60501,601,1,4.529,8.39,5.73,0.65827,0.44919,0.40461,0.1359,35.686,26.851
"2024-04-28 14:00:00",493,12.59914,601,1,4.58,8.62,5.65,0.67618,0.44322,0.40794,0.13691,35.368,26.274
"2024-04-28 14:30:00",494,12.61005,601,1,4.685,8.92,5.67,0.69971,0.44429,0.39308,0.12789,35.36,25.698
"2024-04-28 15:00:00",495,12.60837,601,1,4.295,8.13,5.25,0.63787,0.41158,0.3778,0.12174,34.694,25.703
"2024-04-28 15:30:00",496,12.61005,601,1,4.223,8.07,5.08,0.63288,0.39806,0.36564,0.11386,34.906,26.071
"2024-04-28 16:00:00",497,12.61005,601,1,4.172,7.98,5.01,0.62618,0.39307,0.34593,0.11034,35.05,26.064
"2024-04-28 16:30:00",498,12.61089,601,1,4.076,7.82,4.87,0.61345,0.38198,0.33544,0.10647,34.875,25.789
"2024-04-28 17:00:00",499,12.60166,601,1,3.815,7.48,4.39,0.58686,0.3442,0.31428,0.09072,34.002,25.329
"2024-04-28 17:30:00",500,12.61257,601,1,3.476,6.74,4.08,0.52886,0.32004,0.29,0.08636,34.538,25.29
"2024-04-28 18:00:00",501,12.61005,601,1,3.094,6.01,3.62,0.47133,0.28421,0.25991,0.07555,34.483,25.078
"2024-04-28 18:30:00",502,12.61005,601,1,2.733,5.44,3.06,0.42676,0.24017,0.22862,0.06036,34.321,24.661
"2024-04-28 19:00:00",503,12.61173,601,1,2.149,4.31,2.37,0.33792,0.18568,0.18077,0.04528,33.071,25.073
"2024-04-28 19:30:00",504,12.60921,601,1,1.506,3.04,1.64,0.23862,0.12822,0.12854,0.02492,32.338,24.602
"2024-04-28 20:00:00",505,12.59746,601,1,1.038,2.18,1.04,0.17132,0.0817,0.09587,0.0105,32.078,24.339
"2024-04-28 20:30:00",506,12.60333,601,1,0.777,1.67,0.74,0.13084,0.0582,0.07606,0.00178,30.935,24.185
"2024-04-28 21:00:00",507,12.60082,601,1,0.635,1.34,0.63,0.10532,0.0492,0.06208,0.00178,31.348,24.182
"2024-04-28 21:30:00",508,12.59494,601,1,0.52,1.14,0.47,0.08946,0.03647,0.05712,-0.00179,31.297,23.872
"2024-04-28 22:00:00",509,12.59158,601,1,0.433,0.99,0.35,0.07756,0.02714,0.04898,-0.00359,31.762,24.025
"2024-04-28 22:30:00",510,12.58823,601,1,0.423,0.92,0.39,0.07226,0.03028,0.04726,-0.00533,31.251,23.929
"2024-04-28 23:00:00",511,12.58487,601,1,0.433,0.95,0.39,0.0747,0.03036,0.04939,-0.00539,31.509,24.342
"2024-04-28 23:30:00",512,12.58235,601,1,0.433,0.95,0.39,0.0747,0.03028,0.04764,-0.00723,31.154,24.244
"2024-04-29 00:00:00",513,12.58319,601,1,0.487,1.05,0.46,0.0822,0.03582,0.05327,-0.00181,31.358,24.19
"2024-04-29 00:30:00",514,12.58151,601,1,0.545,1.18,0.51,0.0926,0.03968,0.05642,-0.00183,31.879,24.037
"2024-04-29 01:00:00",515,12.58235,601,1,0.574,1.24,0.54,0.0974,0.04215,0.06387,0.00178,31.37,23.941
"2024-04-29 01:30:00",516,12.58067,601,1,0.6,1.28,0.58,0.10004,0.04526,0.0596,0.00178,31.613,24.187
"2024-04-29 02:00:00",517,12.5706,601,1,0.587,1.24,0.58,0.09713,0.04526,0.06172,0.00178,31.03,24.697
"2024-04-29 02:30:00",518,12.57647,601,1,0.57,1.19,0.58,0.09346,0.0455,0.0596,0.00178,31.405,24.083
"2024-04-29 03:00:00",519,12.57731,601,1,0.558,1.23,0.5,0.09634,0.03918,0.0615,-0.00357,31.721,24.137
"2024-04-29 03:30:00",520,12.57479,601,1,0.529,1.14,0.5,0.08919,0.03918,0.05948,-0.00181,31.293,24.284
"2024-04-29 04:00:00",521,12.57228,601,1,0.522,1.12,0.5,0.08819,0.03898,0.05294,0,31.133,24.125
"2024-04-29 04:30:00",522,12.56052,601,1,0.487,1.05,0.46,0.0822,0.03602,0.05306,0,31.714,24.288
"2024-04-29 05:00:00",523,12.56976,601,1,0.5,1.09,0.46,0.08553,0.03602,0.05105,-0.00179,31.667,23.927
"2024-04-29 05:30:00",524,12.5706,601,1,0.478,1.06,0.42,0.08339,0.03294,0.05306,-0.00359,31.822,24.501
"2024-04-29 06:00:00",525,12.56388,601,1,0.478,1.06,0.42,0.08313,0.03306,0.05306,-0.00359,30.881,24.132
"2024-04-29 06:30:00",526,12.56052,601,1,0.664,1.41,0.65,0.11028,0.05098,0.06517,0.00348,31.808,24.23
"2024-04-29 07:00:00",527,12.56472,601,1,1.217,2.48,1.3,0.19432,0.10156,0.10941,0.01937,32.013,24.278
"2024-04-29 07:30:00",528,12.55968,601,1,1.865,3.69,2.11,0.28924,0.16576,0.15665,0.03555,32.751,24.598
"2024-04-29 08:00:00",529,12.56304,601,1,2.535,4.91,2.98,0.3851,0.2339,0.21365,0.06018,33.89,24.909
"2024-04-29 08:30:00",530,12.56304,601,1,3.106,5.96,3.71,0.46775,0.29116,0.26023,0.07644,34.147,25.321
"2024-04-29 09:00:00",531,12.56304,601,1,3.319,6.25,4.09,0.48974,0.32104,0.28766,0.08902,36.131,25.64
"2024-04-29 09:30:00",532,12.5622,601,1,3.396,6.25,4.34,0.49044,0.33996,0.29698,0.0978,35.04,26.057
"2024-04-29 10:00:00",533,12.56388,601,1,3.506,6.3,4.64,0.49386,0.36414,0.33066,0.10518,37.494,26.015
"2024-04-29 10:30:00",534,12.56304,601,1,4.303,8.23,5.17,0.64562,0.40544,0.3576,0.11349,34.889,25.642
"2024-04-29 11:00:00",535,12.56472,601,1,4.418,8.41,5.35,0.65968,0.41984,0.37123,0.12144,34.889,26.06
"2024-04-29 11:30:00",536,12.56556,601,1,4.497,8.48,5.53,0.66499,0.43368,0.38204,0.12582,34.732,26.318
"2024-04-29 12:00:00",537,12.5706,601,1,4.143,7.57,5.35,0.59396,0.41992,0.38407,0.1294,37.584,27.251
"2024-04-29 12:30:00",538,12.57144,601,1,4.387,8.26,5.41,0.648,0.42413,0.37312,0.12468,36.093,27.105
"2024-04-29 13:00:00",539,12.57312,601,1,4.522,8.47,5.62,0.66412,0.44098,0.39308,0.13113,35.622,26.531
"2024-04-29 13:30:00",540,12.57563,601,1,4.368,8.21,5.4,0.64373,0.42311,0.38228,0.12651,35.573,25.91
"2024-04-29 14:00:00",541,12.57899,601,1,4.142,7.72,5.19,0.60542,0.40675,0.36288,0.1248,35.771,26.526
"2024-04-29 14:30:00",542,12.57647,601,1,4.326,8.3,5.17,0.65099,0.40544,0.36462,0.11222,34.526,26.372
"2024-04-29 15:00:00",543,12.56976,601,1,4.253,8.2,5.04,0.64272,0.39522,0.35887,0.1105,35.104,26.273
"2024-04-29 15:30:00",544,12.57479,601,1,3.976,7.61,4.77,0.59663,0.37419,0.33784,0.10091,34.484,25.651
"2024-04-29 16:00:00",545,12.56976,601,1,3.782,7.19,4.59,0.564,0.35999,0.32687,0.09854,34.41,25.844
"2024-04-29 16:30:00",546,12.57731,601,1,3.785,7.36,4.42,0.57691,0.34653,0.318,0.09169,35,25.754
"2024-04-29 17:00:00",547,12.57983,601,1,3.315,6.22,4.11,0.48775,0.32214,0.29593,0.08796,35.297,25.794
"2024-04-29 17:30:00",548,12.57647,601,1,3.21,6.23,3.76,0.4887,0.2949,0.27274,0.07568,34.474,24.969
"2024-04-29 18:00:00",549,12.57563,601,1,2.921,5.69,3.4,0.44642,0.26638,0.25388,0.07009,33.484,25.331
"2024-04-29 18:30:00",550,12.57731,601,1,2.514,4.94,2.88,0.38738,0.22588,0.21142,0.05622,33.386,24.71
"2024-04-29 19:00:00",551,12.56892,601,1,2.071,4.11,2.33,0.32216,0.18286,0.17808,0.04168,32.973,24.974
"2024-04-29 19:30:00",552,12.57312,601,1,1.436,2.94,1.52,0.23054,0.11926,0.12354,0.02364,32.24,24.657
"2024-04-29 20:00:00",553,12.5706,601,1,1.008,2.08,1.05,0.16331,0.08228,0.0957,0.01092,31.833,23.834
"2024-04-29 20:30:00",554,12.56304,601,1,0.742,1.59,0.71,0.12498,0.05606,0.07328,0.00538,31.673,24.244
"2024-04-29 21:00:00",555,12.56472,601,1,0.568,1.25,0.51,0.09772,0.04028,0.06044,0,31.395,23.814
"2024-04-29 21:30:00",556,12.56304,601,1,0.487,1.07,0.44,0.08394,0.0345,0.05508,-0.00371,31.093,24.342
"2024-04-29 22:00:00",557,12.55213,601,1,0.445,0.93,0.45,0.07302,0.03506,0.04928,-0.00185,31.512,23.67
"2024-04-29 22:30:00",558,12.55549,601,1,0.375,0.84,0.32,0.066,0.02497,0.04225,-0.00915,31.622,23.881
"2024-04-29 23:00:00",559,12.55549,601,1,0.417,0.93,0.36,0.07257,0.02834,0.04482,-0.00553,30.722,24.389
"2024-04-29 23:30:00",560,12.54625,601,1,0.4,0.88,0.36,0.06916,0.02824,0.0446,-0.00185,30.725,24.391
"2024-04-30 00:00:00",561,12.54541,601,1,0.423,0.95,0.36,0.07428,0.02805,0.05282,-0.00371,31.256,24.504
"2024-04-30 00:30:00",562,12.54457,601,1,0.462,1.03,0.4,0.08095,0.03142,0.04866,-0.00371,30.731,24.397
"2024-04-30 01:00:00",563,12.53282,601,1,0.487,1.07,0.44,0.08422,0.03428,0.05094,-0.00549,32.015,24.02
"2024-04-30 01:30:00",564,12.54122,601,1,0.503,1.05,0.51,0.08205,0.04028,0.05042,-0.00183,31.2,24.449
"2024-04-30 02:00:00",565,12.53702,601,1,0.484,1.07,0.43,0.0843,0.03378,0.05232,-0.00365,31.305,24.138
"2024-04-30 02:30:00",566,12.52862,601,1,0.512,1.08,0.51,0.08454,0.03981,0.05448,-0.00183,31.086,23.922
"2024-04-30 03:00:00",567,12.53618,601,1,0.484,1.07,0.43,0.08406,0.03358,0.05642,-0.00365,31.866,24.441
"2024-04-30 03:30:00",568,12.53954,601,1,0.478,1.09,0.39,0.08574,0.03076,0.05472,-0.00543,31.086,24.337
"2024-04-30 04:00:00",569,12.53534,601,1,0.5,1.08,0.47,0.08476,0.03664,0.05436,-0.00183,32.017,23.867
"2024-04-30 04:30:00",570,12.5345,601,1,0.487,1.04,0.47,0.08182,0.03676,0.05436,-0.00183,32.125,24.285
"2024-04-30 05:00:00",571,12.52359,601,1,0.493,1.06,0.47,0.08324,0.037,0.0505,-0.00183,31.228,23.909
"2024-04-30 05:30:00",572,12.53702,601,1,0.465,1.01,0.43,0.07958,0.03387,0.0503,-0.00183,31.551,23.973
"2024-04-30 06:00:00",573,12.5345,601,1,0.488,1.08,0.43,0.085,0.03387,0.0546,-0.00183,31.19,24.025
"2024-04-30 06:30:00",574,12.53282,601,1,0.657,1.37,0.67,0.10772,0.05238,0.06507,0,31.607,24.028
"2024-04-30 07:00:00",575,12.51855,601,1,1.178,2.41,1.25,0.18902,0.09822,0.10444,0.01445,32.594,24.183
"2024-04-30 07:30:00",576,12.52191,601,1,1.852,3.68,2.08,0.2885,0.16316,0.15866,0.0345,32.429,24.696
"2024-04-30 08:00:00",577,12.51771,601,1,2.568,5.04,2.95,0.39494,0.23144,0.21938,0.05862,34.463,24.65
"2024-04-30 08:30:00",578,12.5303,601,1,2.991,5.79,3.52,0.45428,0.2759,0.25076,0.06792,33.788,24.806
"2024-04-30 09:00:00",579,12.51939,601,1,3.394,6.45,4.12,0.50578,0.32339,0.29472,0.0889,35.494,25.839
"2024-04-30 09:30:00",580,12.5303,601,1,3.759,7.13,4.58,0.55902,0.35887,0.3098,0.09946,35.105,25.597
"2024-04-30 10:00:00",581,12.52862,601,1,3.768,7.1,4.64,0.55642,0.3637,0.32648,0.10324,36.395,25.645
"2024-04-30 10:30:00",582,12.53114,601,1,4.281,8.03,5.31,0.62944,0.41604,0.36068,0.11928,35.411,26.166
"2024-04-30 11:00:00",583,12.52611,601,1,4.26,8.05,5.22,0.63091,0.40947,0.36098,0.11666,34.898,26.065
"2024-04-30 11:30:00",584,12.52946,601,1,4.416,8.29,5.47,0.65002,0.42882,0.37188,0.12526,35.946,26.021
"2024-04-30 12:00:00",585,12.53618,601,1,4.409,8.22,5.52,0.64494,0.43255,0.3823,0.13353,34.49,26.487
"2024-04-30 12:30:00",586,12.53114,601,1,4.333,8.15,5.35,0.63919,0.41962,0.36635,0.12273,35.94,26.689
"2024-04-30 13:00:00",587,12.53198,601,1,4.474,8.4,5.54,0.65835,0.43436,0.38918,0.1241,35.589,25.922
"2024-04-30 13:30:00",588,12.53534,601,1,4.206,7.81,5.3,0.61246,0.41564,0.37455,0.12296,35.938,26.276
"2024-04-30 14:00:00",589,12.53954,601,1,4.349,8.39,5.15,0.65758,0.40412,0.38546,0.11776,34.343,25.923
"2024-04-30 14:30:00",590,12.54122,601,1,4.512,8.84,5.2,0.69315,0.4081,0.37403,0.11776,34.806,25.971
"2024-04-30 15:00:00",591,12.5429,601,1,4.175,8.19,4.8,0.64232,0.37612,0.34547,0.10397,34.32,25.49
"2024-04-30 15:30:00",592,12.54206,601,1,4.325,8.41,5.05,0.65927,0.39618,0.36266,0.10632,34.151,26.156
"2024-04-30 16:00:00",593,12.5429,601,1,4.041,7.77,4.81,0.60948,0.37682,0.34624,0.10224,34.885,25.795
"2024-04-30 16:30:00",594,12.54625,601,1,3.474,6.77,4.04,0.53062,0.3171,0.29498,0.08651,35.156,25.753
"2024-04-30 17:00:00",595,12.5429,601,1,3.063,6.03,3.5,0.47288,0.27486,0.25212,0.06984,33.693,25.124
"2024-04-30 17:30:00",596,12.5429,601,1,2.941,5.8,3.35,0.45504,0.26266,0.24806,0.0652,34.527,25.438
"2024-04-30 18:00:00",597,12.54206,601,1,2.443,4.83,2.77,0.37911,0.2175,0.21075,0.05384,34.366,25.123
"2024-04-30 18:30:00",598,12.53534,601,1,2.203,4.41,2.44,0.34616,0.19106,0.18747,0.04276,33.391,25.392
"2024-04-30 19:00:00",599,12.52946,601,1,1.451,2.95,1.56,0.23101,0.12217,0.1278,0.02202,31.982,24.401
"2024-04-30 19:30:00",600,12.53618,601,1,1.072,2.21,1.12,0.17316,0.0881,0.1006,0.01104,32.127,24.133
"2024-04-30 20:00:00",601,12.52862,601,1,0.863,1.81,0.87,0.14207,0.06831,0.0822,0.00722,31.819,24.236
"2024-04-30 20:30:00",602,12.52695,601,1,0.696,1.48,0.68,0.11572,0.05301,0.06766,0,31.565,24.657
"2024-04-30 21:00:00",603,12.5303,601,1,0.635,1.33,0.64,0.10412,0.05014,0.05935,0,31.465,23.881
"2024-04-30 21:30:00",604,12.52527,601,1,0.564,1.19,0.56,0.09304,0.04402,0.05968,-0.00185,31.886,24.042
"2024-04-30 22:00:00",605,12.52611,601,1,0.497,1.1,0.44,0.08624,0.03442,0.05737,-0.00185,31.814,24.232
"2024-04-30 22:30:00",606,12.52275,601,1,0.468,1.02,0.43,0.07978,0.03409,0.04847,-0.00549,31.197,24.031
"2024-04-30 23:00:00",607,12.51603,601,1,0.451,0.97,0.43,0.07642,0.03409,0.04836,-0.00365,31.616,24.448
"2024-04-30 23:30:00",608,12.50848,601,1,0.477,1.01,0.47,0.07934,0.037,0.0505,0,31.55,24.23
"2024-05-01 00:00:00",609,12.51519,601,1,0.481,1.06,0.43,0.08276,0.03396,0.05282,0,31.5,23.919
"2024-05-01 00:30:00",610,12.51603,601,1,0.474,1.04,0.43,0.08182,0.03378,0.05436,0,31.099,23.933
"2024-05-01 01:00:00",611,12.51352,601,1,0.481,1.06,0.43,0.08339,0.03344,0.05404,0,31.993,24.822
"2024-05-01 01:30:00",612,12.5026,601,1,0.484,1.03,0.47,0.0807,0.03647,0.05416,-0.00181,31.298,24.13
"2024-05-01 02:00:00",613,12.50764,601,1,0.445,0.96,0.42,0.0749,0.03329,0.0519,-0.00363,31.716,24.288
"2024-05-01 02:30:00",614,12.49757,601,1,0.467,0.98,0.47,0.07663,0.03664,0.0503,-0.00183,31.771,24.032
"2024-05-01 03:00:00",615,12.49673,601,1,0.414,0.97,0.31,0.07618,0.02447,0.05016,-0.00541,31.562,24.239
"2024-05-01 03:30:00",616,12.50512,601,1,0.426,0.93,0.39,0.07325,0.03046,0.04806,-0.00181,31.301,23.979
"2024-05-01 04:00:00",617,12.50176,601,1,0.404,0.9,0.35,0.07032,0.02752,0.04806,-0.00541,31.669,24.085
"2024-05-01 04:30:00",618,12.49924,601,1,0.404,0.9,0.35,0.07052,0.0275,0.04592,-0.00541,32.123,24.129
"2024-05-01 05:00:00",619,12.5026,601,1,0.4,0.89,0.35,0.06952,0.02738,0.04764,-0.00181,31.711,24.391
"2024-05-01 05:30:00",620,12.49757,601,1,0.404,0.9,0.35,0.07074,0.0275,0.04602,-0.00541,31.514,24.346
"2024-05-01 06:00:00",621,12.49924,601,1,0.417,0.94,0.35,0.07365,0.02762,0.05232,-0.00723,31.255,24.087
"2024-05-01 06:30:00",622,12.49757,601,1,0.548,1.15,0.55,0.09019,0.04294,0.05642,0,31.864,24.284
"2024-05-01 07:00:00",623,12.49001,601,1,0.985,2,1.06,0.15717,0.08274,0.09172,0.009,32.181,24.341
"2024-05-01 07:30:00",624,12.49757,601,1,1.36,2.71,1.52,0.2125,0.11885,0.12044,0.0216,32.967,24.552
"2024-05-01 08:00:00",625,12.49505,601,1,1.952,3.87,2.2,0.30327,0.17218,0.16934,0.0383,33.802,24.816
"2024-05-01 08:30:00",626,12.49421,601,1,2.596,5.05,3.03,0.39609,0.23764,0.21614,0.05992,34.111,25.699
"2024-05-01 09:00:00",627,12.49673,601,1,3.186,6.09,3.83,0.47755,0.30008,0.27238,0.0815,34.703,25.712
