"TOA5","CR300Series_405","CR300","27023","CR300-RF407.Std.10.03","CPU:CR300_sapflow.CR300","32345","Table2"
"TIMESTAMP","RECORD","BattV_Min","id","SDI1","SapFlwTot1","VhOuter1","VhInner1","AlphaOut1","AlphaIn1","BetaOut1","BetaIn1","tMaxTout1","tMaxTin1"
"TS","RN","Volts","","","literPerHour","heatVelocity","heatVelocity","logTRatio","logTRatio","logTRatio","logTRatio","second","second"
"","","Min","Smp","Smp","Smp","Smp","Smp","Smp","Smp","Smp","Smp","Smp","Smp"
"2024-05-01 15:30:00",0,12.76,405,1,-0.026,-0.12,-0.06,-0.012,-0.006,-0.06,-0.175,53.59,50.58
"2024-05-01 16:00:00",1,12.76,405,1,-0.005,-0.13,0.1,-0.012,0.009,-0.06,-0.171,52.88,52.1
"2024-05-01 16:30:00",2,12.75,405,1,-0.018,-0.15,0.03,-0.014,0.003,-0.063,-0.179,53.83,51.23
"2024-05-01 17:00:00",3,12.75,405,1,-0.027,-0.18,0,-0.017,0,-0.068,-0.177,52.57,49.56
"2024-05-01 17:30:00",4,12.75,405,1,-0.071,-0.29,-0.19,-0.027,-0.018,-0.079,-0.194,54,50.41
"2024-05-01 18:00:00",5,12.75,405,1,-0.086,-0.32,-0.26,-0.029,-0.024,-0.077,-0.199,53.4,50.23
"2024-05-01 18:30:00",6,12.75,405,1,-0.111,-0.35,-0.4,-0.032,-0.036,-0.084,-0.206,53.49,49.48
"2024-05-01 19:00:00",7,12.75,405,1,-0.141,-0.44,-0.51,-0.04,-0.046,-0.092,-0.221,51.85,48
"2024-05-01 19:30:00",8,12.74,405,1,-0.219,-0.65,-0.82,-0.058,-0.074,-0.109,-0.246,51.25,48.91
"2024-05-01 20:00:00",9,12.74,405,1,-0.254,-0.7,-1.01,-0.063,-0.091,-0.114,-0.259,52.29,49.95
"2024-05-01 20:30:00",10,12.74,405,1,-0.302,-0.88,-1.15,-0.078,-0.103,-0.123,-0.27,51.23,47.37
"2024-05-01 21:00:00",11,12.74,405,1,-0.315,-0.89,-1.23,-0.08,-0.109,-0.125,-0.278,52.01,48.73
"2024-05-01 21:30:00",12,12.73,405,1,-0.324,-0.89,-1.29,-0.079,-0.115,-0.122,-0.272,51.86,48.01
"2024-05-01 22:00:00",13,12.73,405,1,-0.334,-0.92,-1.33,-0.082,-0.118,-0.127,-0.275,52.01,49.15
"2024-05-01 22:30:00",14,12.72,405,1,-0.34,-0.97,-1.32,-0.087,-0.118,-0.126,-0.27,52.14,47.87
"2024-05-01 23:00:00",15,12.71,405,1,-0.351,-0.97,-1.39,-0.087,-0.124,-0.127,-0.278,53.16,48.63
"2024-05-01 23:30:00",16,12.71,405,1,-0.351,-1,-1.36,-0.089,-0.121,-0.131,-0.278,52.54,48.68
"2024-05-02 00:00:00",17,12.71,405,1,-0.345,-0.97,-1.35,-0.086,-0.121,-0.131,-0.273,52.64,49.36
"2024-05-02 00:30:00",18,12.71,405,1,-0.343,-0.93,-1.38,-0.083,-0.123,-0.123,-0.275,53.17,48.48
"2024-05-02 01:00:00",19,12.7,405,1,-0.348,-0.96,-1.38,-0.086,-0.123,-0.128,-0.278,52.52,48.4
"2024-05-02 01:30:00",20,12.7,405,1,-0.362,-0.99,-1.45,-0.088,-0.129,-0.128,-0.283,52.88,48.03
"2024-05-02 02:00:00",21,12.7,405,1,-0.355,-0.98,-1.41,-0.088,-0.126,-0.127,-0.275,53.46,48.61
"2024-05-02 02:30:00",22,12.7,405,1,-0.358,-0.96,-1.45,-0.086,-0.129,-0.124,-0.278,52.56,48.03
"2024-05-02 03:00:00",23,12.7,405,1,-0.35,-0.92,-1.44,-0.083,-0.129,-0.123,-0.278,54.42,49.16
"2024-05-02 03:30:00",24,12.69,405,1,-0.361,-1,-1.43,-0.09,-0.128,-0.127,-0.276,53.58,49.15
"2024-05-02 04:00:00",25,12.69,405,1,-0.364,-0.98,-1.47,-0.087,-0.131,-0.123,-0.276,53.23,48.81
"2024-05-02 04:30:00",26,12.69,405,1,-0.366,-1.03,-1.43,-0.092,-0.128,-0.13,-0.276,53.68,49.41
"2024-05-02 05:00:00",27,12.69,405,1,-0.372,-1.03,-1.47,-0.092,-0.131,-0.127,-0.274,53.15,49.04
"2024-05-02 05:30:00",28,12.69,405,1,-0.346,-0.94,-1.39,-0.084,-0.124,-0.122,-0.273,53.51,48.41
"2024-05-02 06:00:00",29,12.69,405,1,-0.349,-0.92,-1.43,-0.082,-0.127,-0.122,-0.273,52.61,49.74
"2024-05-02 06:30:00",30,12.69,405,1,-0.367,-1.02,-1.45,-0.091,-0.129,-0.128,-0.272,53.52,50.35
"2024-05-02 07:00:00",31,12.69,405,1,-0.334,-0.89,-1.36,-0.08,-0.122,-0.115,-0.267,54.31,48.94
"2024-05-02 07:30:00",32,12.69,405,1,-0.317,-0.84,-1.3,-0.075,-0.116,-0.109,-0.257,56.32,49.71
"2024-05-02 08:00:00",33,12.69,405,1,-0.282,-0.77,-1.13,-0.069,-0.101,-0.102,-0.233,56.63,52.93
"2024-05-02 08:30:00",34,12.69,405,1,-0.275,-0.84,-1.01,-0.075,-0.09,-0.112,-0.224,53.66,50.8
"2024-05-02 09:00:00",35,12.69,405,1,0.218,1.29,0.12,0.114,0.011,-99,-0.14,-99,56.63
"2024-05-02 09:30:00",36,12.7,405,1,-0.118,-0.71,-0.06,-0.064,-0.007,-99,-99,-99,-99
"2024-05-02 10:00:00",37,12.7,405,1,0.415,2.19,0.52,0.194,0.046,-99,-0.12,-99,56.29
"2024-05-02 10:30:00",38,12.7,405,1,-0.386,-1.85,-0.69,-0.164,-0.062,-0.184,-0.22,46.55,48.26
"2024-05-02 11:00:00",39,12.7,405,1,0.078,0,0.54,0,0.048,-99,-0.069,-99,64.3
"2024-05-02 11:30:00",40,12.71,405,1,-0.457,-2.41,-0.58,-0.214,-0.052,-0.198,-0.193,47.25,50.89
"2024-05-02 12:00:00",41,12.71,405,1,0.21,1.03,0.35,0.091,0.031,0.032,-0.172,56.13,51.29
"2024-05-02 12:30:00",42,12.71,405,1,0.158,0.86,0.17,0.076,0.015,0.002,-0.171,59.28,49.61
"2024-05-02 13:00:00",43,12.72,405,1,-0.154,-0.89,-0.12,-0.079,-0.011,-0.103,-0.175,51.17,50.81
"2024-05-02 13:30:00",44,12.72,405,1,-0.041,-0.25,-0.02,-0.023,-0.003,-0.077,-0.186,53.05,49.88
"2024-05-02 14:00:00",45,12.72,405,1,0,-0.1,0.1,-0.009,0.009,-0.058,-0.168,54.19,49.92
"2024-05-02 14:30:00",46,12.72,405,1,-0.022,-0.15,0,-0.014,0,-0.059,-0.172,54.61,51.43
"2024-05-02 15:00:00",47,12.72,405,1,-0.031,-0.12,-0.09,-0.012,-0.009,-0.057,-0.18,55.57,51.88
"2024-05-02 15:30:00",48,12.72,405,1,-0.017,-0.1,-0.02,-0.009,-0.003,-0.059,-0.177,55.06,52.62
"2024-05-02 16:00:00",49,12.72,405,1,-0.013,-0.12,0.03,-0.012,0.003,-0.058,-0.171,54.96,50.85
"2024-05-02 16:30:00",50,12.72,405,1,-0.001,-0.04,0.03,-0.005,0.003,-0.056,-0.179,53.77,50.08
"2024-05-02 17:00:00",51,12.72,405,1,-0.007,-0.05,0,-0.005,0,-0.056,-0.179,54.19,50.18
"2024-05-02 17:30:00",52,12.72,405,1,-0.064,-0.27,-0.16,-0.024,-0.015,-0.072,-0.189,53.07,50.88
"2024-05-02 18:00:00",53,12.72,405,1,-0.047,-0.16,-0.16,-0.015,-0.015,-0.068,-0.198,53.38,50.36
"2024-05-02 18:30:00",54,12.72,405,1,-0.086,-0.32,-0.26,-0.029,-0.024,-0.079,-0.198,53.12,51.19
"2024-05-02 19:00:00",55,12.72,405,1,-0.138,-0.46,-0.47,-0.042,-0.042,-0.091,-0.218,53.25,49.81
"2024-05-02 19:30:00",56,12.72,405,1,-0.202,-0.61,-0.75,-0.055,-0.067,-0.104,-0.235,52.53,48.94
"2024-05-02 20:00:00",57,12.72,405,1,-0.248,-0.69,-0.98,-0.062,-0.088,-0.113,-0.258,51.65,47.8
"2024-05-02 20:30:00",58,12.71,405,1,-0.278,-0.82,-1.05,-0.074,-0.094,-0.121,-0.266,52.21,47.52
"2024-05-02 21:00:00",59,12.7,405,1,-0.3,-0.84,-1.18,-0.075,-0.106,-0.118,-0.269,52.7,48.43
"2024-05-02 21:30:00",60,12.7,405,1,-0.306,-0.84,-1.22,-0.075,-0.109,-0.12,-0.27,52.76,48.49
"2024-05-02 22:00:00",61,12.7,405,1,-0.321,-0.91,-1.25,-0.081,-0.111,-0.122,-0.267,51.19,48.84
"2024-05-02 22:30:00",62,12.69,405,1,-0.327,-0.93,-1.27,-0.083,-0.113,-0.126,-0.269,52.87,48.45
"2024-05-02 23:00:00",63,12.69,405,1,-0.327,-0.93,-1.27,-0.083,-0.113,-0.127,-0.271,52.24,48.96
"2024-05-02 23:30:00",64,12.69,405,1,-0.327,-0.9,-1.3,-0.081,-0.116,-0.123,-0.271,53.98,48.72
"2024-05-03 00:00:00",65,12.68,405,1,-0.335,-0.97,-1.28,-0.087,-0.114,-0.124,-0.264,53.21,49.77
"2024-05-03 00:30:00",66,12.68,405,1,-0.343,-0.95,-1.36,-0.085,-0.121,-0.125,-0.273,53.05,49.2
"2024-05-03 01:00:00",67,12.68,405,1,-0.348,-0.95,-1.39,-0.085,-0.124,-0.125,-0.272,52.9,48.63
"2024-05-03 01:30:00",68,12.68,405,1,-0.343,-0.92,-1.39,-0.082,-0.124,-0.123,-0.272,53.01,49.73
"2024-05-03 02:00:00",69,12.68,405,1,-0.326,-0.87,-1.33,-0.078,-0.118,-0.118,-0.27,54.1,49.57
"2024-05-03 02:30:00",70,12.68,405,1,-0.36,-0.99,-1.43,-0.089,-0.127,-0.131,-0.276,53.53,49.26
"2024-05-03 03:00:00",71,12.68,405,1,-0.35,-0.91,-1.45,-0.082,-0.129,-0.125,-0.283,51.76,48.58
"2024-05-03 03:30:00",72,12.67,405,1,-0.351,-0.99,-1.37,-0.089,-0.123,-0.129,-0.275,53.38,49.11
"2024-05-03 04:00:00",73,12.67,405,1,-0.362,-1.11,-1.32,-0.099,-0.118,-0.134,-0.273,53.94,49.25
"2024-05-03 04:30:00",74,12.67,405,1,-0.347,-0.94,-1.4,-0.084,-0.125,-0.129,-0.274,52.54,48.53
"2024-05-03 05:00:00",75,12.66,405,1,-0.346,-0.91,-1.42,-0.082,-0.126,-0.124,-0.278,53.37,49.78
"2024-05-03 05:30:00",76,12.67,405,1,-0.334,-0.91,-1.34,-0.081,-0.12,-0.124,-0.275,53.06,48.53
"2024-05-03 06:00:00",77,12.66,405,1,-0.331,-0.9,-1.33,-0.08,-0.119,-0.121,-0.269,54.14,49.04
"2024-05-03 06:30:00",78,12.66,405,1,-0.319,-0.85,-1.3,-0.076,-0.116,-0.116,-0.267,53.14,48.87
"2024-05-03 07:00:00",79,12.66,405,1,-0.294,-0.83,-1.15,-0.075,-0.103,-0.115,-0.257,54.46,49.19
"2024-05-03 07:30:00",80,12.66,405,1,-0.254,-0.73,-0.98,-0.066,-0.088,-0.107,-0.241,53.05,49.76
"2024-05-03 08:00:00",81,12.66,405,1,-0.201,-0.5,-0.86,-0.045,-0.077,-0.09,-0.231,54.43,49.59
"2024-05-03 08:30:00",82,12.66,405,1,-0.206,-0.7,-0.68,-0.063,-0.061,-0.103,-0.213,52.19,50.42
"2024-05-03 09:00:00",83,12.66,405,1,0.207,1.24,0.1,0.11,0.009,-99,-0.162,-99,52.07
"2024-05-03 09:30:00",84,12.66,405,1,-0.276,-1.62,-0.18,-0.144,-0.017,-0.158,-0.111,56.21,61.52
"2024-05-03 10:00:00",85,12.66,405,1,0.281,1.65,0.17,0.146,0.015,0.053,-0.169,57.3,49.44
"2024-05-03 10:30:00",86,12.66,405,1,-0.095,-0.43,-0.2,-0.039,-0.019,-0.107,-0.198,49.48,49.38
"2024-05-03 11:00:00",87,12.66,405,1,0.433,1.96,0.89,0.173,0.079,-99,-0.095,-99,54.28
"2024-05-03 11:30:00",88,12.66,405,1,-0.217,-1.35,-0.06,-0.121,-0.006,-0.136,-0.18,48.71,49.29
"2024-05-03 12:00:00",89,12.67,405,1,0.194,1.11,0.15,0.098,0.013,0.012,-0.195,54.72,48.36
"2024-05-03 12:30:00",90,12.66,405,1,0.11,0.45,0.28,0.039,0.025,-0.025,-0.172,54.88,49.78
"2024-05-03 13:00:00",91,12.66,405,1,-0.115,-0.84,0.1,-0.075,0.009,-0.117,-0.176,51.54,50.03
"2024-05-03 13:30:00",92,12.66,405,1,-0.042,-0.34,0.07,-0.031,0.006,-0.086,-0.185,52.65,49.78
"2024-05-03 14:00:00",93,12.66,405,1,2.704,17.43,-99,1.543,-99,0.257,-99,53.47,50.19
"2024-05-03 14:30:00",94,12.66,405,1,-99,-99,-99,-99,-99,0.297,-99,54.91,51.48
"2024-05-03 15:00:00",95,12.67,405,1,0.993,-99,6.86,-99,0.607,-0.824,-0.668,55.42,50.57
"2024-05-03 15:30:00",96,12.66,405,1,-0.748,5.05,-10.59,0.447,-0.938,-0.075,-1.734,51.98,48.7
"2024-05-03 16:00:00",97,12.66,405,1,-1.165,-10.46,3.16,-0.927,0.28,0.126,-1.257,53.91,49.9
"2024-05-03 16:30:00",98,12.66,405,1,-99,-99,-99,-99,-99,-0.469,-1.798,53.12,48.85
"2024-05-03 17:00:00",99,12.66,405,1,-2.91,-99,-20.12,-99,-1.781,0.217,-1.579,53.76,49.64
"2024-05-03 17:30:00",100,12.66,405,1,1.504,9.69,-99,0.857,-99,0.178,-1.67,53.87,49.44
"2024-05-03 18:00:00",101,12.66,405,1,-0.742,-4.79,-99,-0.425,-99,-0.011,-2.293,53.46,48.09
"2024-05-03 18:30:00",102,12.65,405,1,-0.128,-0.13,-0.75,-0.013,-0.067,-0.072,-0.246,53.52,48.41
"2024-05-03 19:00:00",103,12.65,405,1,-0.23,-0.64,-0.91,-0.058,-0.082,-0.107,-0.248,53.18,48.08
"2024-05-03 19:30:00",104,12.65,405,1,-0.241,-0.56,-1.07,-0.05,-0.096,-0.095,-0.262,52.73,48.61
"2024-05-03 20:00:00",105,12.64,405,1,-0.303,-0.84,-1.2,-0.075,-0.107,-0.113,-0.265,53.21,49.35
"2024-05-03 20:30:00",106,12.64,405,1,-0.327,-0.94,-1.26,-0.084,-0.113,-0.124,-0.27,51.57,48.55
"2024-05-03 21:00:00",107,12.63,405,1,-0.321,-0.87,-1.29,-0.078,-0.115,-0.121,-0.272,53.45,48.08
"2024-05-03 21:30:00",108,12.63,405,1,-0.355,-1.01,-1.38,-0.09,-0.123,-0.128,-0.275,53.25,48.97
"2024-05-03 22:00:00",109,12.63,405,1,-0.382,-1.1,-1.47,-0.098,-0.131,-0.137,-0.278,52.17,48.05
"2024-05-03 22:30:00",110,12.63,405,1,-0.349,-0.93,-1.42,-0.083,-0.127,-0.123,-0.274,53.2,48.92
"2024-05-03 23:00:00",111,12.62,405,1,-0.319,-0.75,-1.41,-0.067,-0.125,-0.108,-0.273,54.04,49.19
"2024-05-03 23:30:00",112,12.62,405,1,-0.378,-1.12,-1.42,-0.1,-0.127,-0.134,-0.278,53.05,49.04
"2024-05-04 00:00:00",113,12.62,405,1,-0.386,-1.15,-1.44,-0.103,-0.128,-0.135,-0.275,53.36,49.35
"2024-05-04 00:30:00",114,12.62,405,1,-0.361,-1.03,-1.4,-0.092,-0.125,-0.127,-0.27,53.26,48.99
"2024-05-04 01:00:00",115,12.62,405,1,-0.39,-1.15,-1.47,-0.103,-0.131,-0.132,-0.272,52.73,49.44
"2024-05-04 01:30:00",116,12.62,405,1,-0.369,-1.04,-1.44,-0.093,-0.128,-0.13,-0.275,53.23,47.96
"2024-05-04 02:00:00",117,12.61,405,1,-0.321,-0.77,-1.4,-0.069,-0.125,-0.11,-0.269,53.96,48.43
"2024-05-04 02:30:00",118,12.61,405,1,-0.356,-0.96,-1.44,-0.086,-0.129,-0.126,-0.276,53.17,48.74
"2024-05-04 03:00:00",119,12.61,405,1,-1.417,0,-9.8,0,-0.869,0.455,-99,52.81,49.37
"2024-05-04 03:30:00",120,12.61,405,1,0.99,6.38,-99,0.564,-99,0.053,-99,52.13,49.1
"2024-05-04 04:00:00",121,12.61,405,1,1.083,6.98,-99,0.618,-99,0.115,-99,53.26,49.41
"2024-05-04 04:30:00",122,12.61,405,1,0.551,-99,3.81,-99,0.337,-0.941,-99,52.75,48.63
"2024-05-04 05:00:00",123,12.61,405,1,2.683,17.29,-99,1.53,-99,0.404,-99,53.57,49.72
"2024-05-04 05:30:00",124,12.61,405,1,-0.329,-0.86,-1.36,-0.077,-0.121,-0.115,-0.267,54.13,48.6
"2024-05-04 06:00:00",125,12.61,405,1,1.283,8.27,-99,0.732,-99,0.29,-99,53.03,49.43
"2024-05-04 06:30:00",126,12.6,405,1,-2.478,-99,-17.13,-99,-1.517,0.063,-99,53.42,49.82
"2024-05-04 07:00:00",127,12.61,405,1,-99,-99,-99,-99,-99,0.721,-2.472,54.92,50.23
"2024-05-04 07:30:00",128,12.61,405,1,-99,-99,-99,-99,-99,-0.311,-2.201,53.38,49.36
"2024-05-04 08:00:00",129,12.61,405,1,0.784,5.05,-99,0.447,-99,0.105,-1.678,54.44,49.33
"2024-05-04 08:30:00",130,12.61,405,1,-0.044,-0.29,-99,-0.027,-99,0.141,-1.632,53.55,49.85
"2024-05-04 09:00:00",131,12.61,405,1,-7.08,-21.41,-25.98,-1.896,-2.3,-0.524,-1.93,53.55,50.11
"2024-05-04 09:30:00",132,12.6,405,1,0.712,4.59,-99,0.406,-99,-0.015,-1.249,54.18,50.33
"2024-05-04 10:00:00",133,12.6,405,1,-6.53,-9.55,-34.9,-0.846,-3.089,0.222,-2.147,52.69,49.41
"2024-05-04 10:30:00",134,12.6,405,1,-99,-99,-61.47,-99,-5.441,0.101,-2.14,54.42,48.91
"2024-05-04 11:00:00",135,12.6,405,1,-2.518,-7.36,-9.52,-0.652,-0.844,-0.135,-1.775,54.92,48.82
"2024-05-04 11:30:00",136,12.6,405,1,-99,-99,-99,-99,-99,0.212,-1.641,55.13,50.6
"2024-05-04 12:00:00",137,12.6,405,1,-99,-99,-99,-99,-99,0.161,-2.023,53.93,49.5
"2024-05-04 12:30:00",138,12.6,405,1,-99,-99,-99,-99,-99,-0.266,-1.894,54.99,49.46
"2024-05-04 13:00:00",139,12.6,405,1,-0.221,15.27,-17.91,1.351,-1.586,0.448,-2.068,54.68,49.57
"2024-05-04 13:30:00",140,12.6,405,1,-1.695,-10.93,-99,-0.968,-99,-0.095,-1.38,54.37,50.51
"2024-05-04 14:00:00",141,12.6,405,1,-99,-99,-99,-99,-99,-0.007,-3.276,54.61,33.08
"2024-05-04 14:30:00",142,12.6,405,1,-99,-99,-99,-99,-99,-99,-3.309,58.78,56.74
"2024-05-04 15:00:00",143,12.6,405,1,-99,-99,-99,-99,-99,-99,-99,-99,-99
"2024-05-04 15:30:00",144,12.6,405,1,-99,-99,-99,-99,-99,-99,-99,-99,-99
"2024-05-04 16:00:00",145,12.6,405,1,-99,-99,-99,-99,-99,-0.005,-3.3,36.61,47.92
"2024-05-04 16:30:00",146,12.6,405,1,-0.001,-0.01,-99,-0.002,-99,-0.002,-99,53.84,48.97
"2024-05-04 17:00:00",147,12.6,405,1,-99,-99,-99,-99,-99,-99,-99,53.71,-99
"2024-05-04 17:30:00",148,12.6,405,1,-99,-99,-99,-99,-99,-0.026,-3.207,12.84,25.55
"2024-05-04 18:00:00",149,12.6,405,1,-99,-99,-99,-99,-99,-0.015,-3.246,22.56,55.85
"2024-05-04 18:30:00",150,12.6,405,1,-99,-99,-99,-99,-99,-99,-99,-99,-99
"2024-05-04 19:00:00",151,12.6,405,1,-99,-99,-99,-99,-99,-99,-3.256,-99,44.28
"2024-05-04 19:30:00",152,12.6,405,1,-99,-99,-99,-99,-99,-99,-3.221,-99,57.51
"2024-05-04 20:00:00",153,12.59,405,1,-3.298,-21.26,-99,-1.882,-99,-0.135,-99,56.41,-99
"2024-05-04 20:30:00",154,12.6,405,1,-99,-99,-99,-99,-99,0.007,-3.274,61.97,39.78
"2024-05-04 21:00:00",155,12.59,405,1,-7.539,-99,-52.11,-99,-4.613,0.121,-3.118,42.05,55.71
"2024-05-04 21:30:00",156,12.59,405,1,-99,-99,-99,-99,-99,-99,-99,15.09,-99
"2024-05-04 22:00:00",157,12.59,405,1,-99,-99,-99,-99,-99,-99,-99,-99,-99
"2024-05-04 22:30:00",158,12.59,405,1,-99,-99,-99,-99,-99,-99,-3.267,-99,41.31
"2024-05-04 23:00:00",159,12.59,405,1,-1.234,-7.96,-99,-0.705,-99,-99,-99,-99,-99
"2024-05-04 23:30:00",160,12.59,405,1,-99,-99,-99,-99,-99,-99,-3.314,-99,53.28
"2024-05-05 00:00:00",161,12.59,405,1,-99,-99,-99,-99,-99,-0.006,-99,59.52,-99
"2024-05-05 00:30:00",162,12.58,405,1,-4.937,-99,-34.13,-99,-3.021,0.033,-2.235,66.21,52.34
"2024-05-05 01:00:00",163,12.58,405,1,-4.289,-99,-29.65,-99,-2.625,0.057,-2.001,68.14,57.03
"2024-05-05 01:30:00",164,12.58,405,1,-99,-99,-99,-99,-99,-99,-2.164,-99,46.31
"2024-05-05 02:00:00",165,12.58,405,1,-99,-99,-99,-99,-99,0.015,-1.636,56.9,50.96
"2024-05-05 02:30:00",166,12.58,405,1,-5.739,-5.09,-34.21,-0.452,-3.029,-0.043,-1.879,60.64,48.86
"2024-05-05 03:00:00",167,12.58,405,1,-3.01,-99,-20.81,-99,-1.843,-0.096,-1.83,54.65,49.94
"2024-05-05 03:30:00",168,12.58,405,1,-0.446,-99,-3.09,-99,-0.275,-99,-1.858,-99,52.33
"2024-05-05 04:00:00",169,12.58,405,1,-99,-99,-99,-99,-99,-0.153,-1.983,54.96,51.25
"2024-05-05 04:30:00",170,12.58,405,1,-99,-99,-99,-99,-99,0.015,-99,63.61,-99
"2024-05-05 05:00:00",171,12.58,405,1,-99,-99,-99,-99,-99,-99,-99,-99,-99
"2024-05-05 05:30:00",172,12.58,405,1,-99,-99,-99,-99,-99,-99,-2.891,-99,57.18
"2024-05-05 06:00:00",173,12.58,405,1,-99,-99,-99,-99,-99,-99,-99,-99,-99
"2024-05-05 06:30:00",174,12.58,405,1,-99,-99,-99,-99,-99,-99,-3.296,-99,22.21
"2024-05-05 07:00:00",175,12.58,405,1,-99,-99,-99,-99,-99,-99,-3.321,-99,29.58
"2024-05-05 07:30:00",176,12.58,405,1,-99,-99,-99,-99,-99,0.229,-99,33.09,-99
"2024-05-05 08:00:00",177,12.58,405,1,-4.667,-3.48,-28.53,-0.309,-2.526,-0.194,-1.771,34.14,48.65
"2024-05-05 08:30:00",178,12.58,405,1,-3.847,-24.8,-99,-2.196,-99,-0.19,-99,55.92,53.47
"2024-05-05 09:00:00",179,12.58,405,1,-0.053,-0.05,-0.32,-0.005,-0.029,-0.036,-0.171,61.69,53.25
"2024-05-05 09:30:00",180,12.58,405,1,-0.012,0.1,-0.2,0.009,-0.018,-0.036,-0.162,59.99,52.37
"2024-05-05 10:00:00",181,12.58,405,1,-0.014,-0.09,-0.01,-0.009,-0.002,-0.054,-0.165,54.76,51.06
"2024-05-05 10:30:00",182,12.59,405,1,0.03,0.1,0.1,0.009,0.009,-0.032,-0.151,56.83,52.56
"2024-05-05 11:00:00",183,12.59,405,1,0.06,-0.05,0.47,-0.005,0.041,-0.038,-0.108,58.24,54.39
"2024-05-05 11:30:00",184,12.59,405,1,0.147,0.53,0.45,0.047,0.039,0,-0.122,57.53,52.59
"2024-05-05 12:00:00",185,12.59,405,1,0.11,0.11,0.64,0.01,0.056,-0.031,-0.11,54.29,54.19
"2024-05-05 12:30:00",186,12.6,405,1,0.081,0.16,0.39,0.015,0.035,-0.033,-0.129,54.95,51.93
"2024-05-05 13:00:00",187,12.6,405,1,0.073,0.11,0.39,0.01,0.035,-0.036,-0.137,54.18,51.32
"2024-05-05 13:30:00",188,12.6,405,1,0.04,0.08,0.19,0.007,0.017,-0.034,-0.144,55.96,52.36
"2024-05-05 14:00:00",189,12.6,405,1,-0.039,-0.12,-0.15,-0.011,-0.014,-0.059,-0.184,52.83,50.79
"2024-05-05 14:30:00",190,12.6,405,1,-0.06,-0.17,-0.24,-0.016,-0.022,-0.06,-0.185,55.05,51.61
"2024-05-05 15:00:00",191,12.6,405,1,-0.046,-0.11,-0.21,-0.011,-0.019,-0.055,-0.183,55.1,51.25
"2024-05-05 15:30:00",192,12.6,405,1,-0.076,-0.2,-0.32,-0.019,-0.029,-0.066,-0.19,54.4,50.8
"2024-05-05 16:00:00",193,12.6,405,1,-0.139,-0.39,-0.55,-0.035,-0.05,-0.074,-0.213,53.93,50.75
"2024-05-05 16:30:00",194,12.59,405,1,-0.21,-0.62,-0.79,-0.055,-0.071,-0.096,-0.224,53.65,50.36
"2024-05-05 17:00:00",195,12.59,405,1,-0.116,-0.37,-0.41,-0.034,-0.037,-0.072,-0.195,54.68,51.66
"2024-05-05 17:30:00",196,12.59,405,1,-0.129,-0.42,-0.45,-0.038,-0.041,-0.079,-0.2,53.96,51.2
"2024-05-05 18:00:00",197,12.59,405,1,-0.159,-0.48,-0.59,-0.044,-0.053,-0.09,-0.22,53.45,49.6
"2024-05-05 18:30:00",198,12.59,405,1,-0.224,-0.6,-0.91,-0.054,-0.081,-0.097,-0.237,53.09,49.5
"2024-05-05 19:00:00",199,12.59,405,1,-0.287,-0.8,-1.13,-0.072,-0.101,-0.111,-0.254,52.65,50.46
"2024-05-05 19:30:00",200,12.59,405,1,-99,-99,-99,-99,-99,-0.01,-99,53.42,49.41
"2024-05-05 20:00:00",201,12.58,405,1,-1.858,-11.98,-99,-1.061,-99,0.231,-99,53.75,48.38
"2024-05-05 20:30:00",202,12.58,405,1,1.733,-99,11.98,-99,1.06,-0.453,-99,53.56,48.71
"2024-05-05 21:00:00",203,12.58,405,1,-99,-99,-99,-99,-99,-0.385,-99,53.58,48.06
"2024-05-05 21:30:00",204,12.57,405,1,-99,-99,-99,-99,-99,0.372,-99,53.86,50.26
"2024-05-05 22:00:00",205,12.57,405,1,-0.053,-3.75,3.65,-0.333,0.323,-0.055,-99,53.63,48.95
"2024-05-05 22:30:00",206,12.57,405,1,-99,-99,-99,-99,-99,-0.107,-99,53.03,48.6
"2024-05-05 23:00:00",207,12.57,405,1,-99,-99,-99,-99,-99,-0.005,-1.565,52.76,49.74
"2024-05-05 23:30:00",208,12.57,405,1,-2.113,-99,-14.61,-99,-1.294,0.33,-1.765,53.93,48.67
"2024-05-06 00:00:00",209,12.56,405,1,-99,-99,-99,-99,-99,-0.465,-1.862,52.94,48.94
"2024-05-06 00:30:00",210,12.57,405,1,-1.561,-10.07,-99,-0.892,-99,-0.231,-1.367,53.03,49.59
"2024-05-06 01:00:00",211,12.57,405,1,-99,-99,-99,-99,-99,-0.374,-1.824,53.35,49.76
"2024-05-06 01:30:00",212,12.56,405,1,-99,-99,-99,-99,-99,-0.151,-2.189,53.88,48.35
"2024-05-06 02:00:00",213,12.56,405,1,-2.447,-99,-16.92,-99,-1.499,-0.224,-0.155,53.42,49.56
"2024-05-06 02:30:00",214,12.56,405,1,3.333,21.48,-99,1.901,-99,0.148,-1.749,63.05,49.19
"2024-05-06 03:00:00",215,12.56,405,1,-2.56,-8.8,-8.26,-0.779,-0.732,-0.383,-1.697,54.28,48.91
"2024-05-06 03:30:00",216,12.56,405,1,0.168,1.08,-99,0.096,-99,-0.096,-2.368,53.34,48.65
"2024-05-06 04:00:00",217,12.55,405,1,0.711,4.58,-99,0.406,-99,0.144,-1.397,53.07,49.48
"2024-05-06 04:30:00",218,12.56,405,1,-99,-99,-99,-99,-99,-0.097,-1.94,54.28,49.59
"2024-05-06 05:00:00",219,12.56,405,1,-6.908,-15.52,-31.11,-1.375,-2.754,-0.746,-1.659,54.96,50.11
"2024-05-06 05:30:00",220,12.56,405,1,-0.789,-99,-5.46,-99,-0.484,0.202,-1.768,55.67,50.56
"2024-05-06 06:00:00",221,12.55,405,1,-2.793,-18.01,-99,-1.595,-99,-0.32,-0.365,53.39,50.11
"2024-05-06 06:30:00",222,12.55,405,1,-99,-99,-99,-99,-99,0.561,-1.473,54.83,49.72
"2024-05-06 07:00:00",223,12.55,405,1,-99,-99,-99,-99,-99,-0.188,-1.948,53.59,49.74
"2024-05-06 07:30:00",224,12.55,405,1,2.232,1.05,14.3,0.093,-99,-0.061,1.224,54.55,49.45
"2024-05-06 08:00:00",225,12.55,405,1,-99,-99,-99,-99,-99,0.624,-0.897,55.18,50.08
"2024-05-06 08:30:00",226,12.55,405,1,-99,-99,-99,-99,-99,0.436,-99,55.05,49.68
"2024-05-06 09:00:00",227,12.55,405,1,6.065,16.11,24.64,1.426,2.181,0.433,-99,54.63,50.2
"2024-05-06 09:30:00",228,12.55,405,1,-0.008,-0.06,-99,-0.007,-99,-0.069,-99,54.37,50.52
"2024-05-06 10:00:00",229,12.55,405,1,-99,-99,-99,-99,-99,-0.009,-99,51.98,49.63
"2024-05-06 10:30:00",230,12.55,405,1,0.163,1.05,-99,0.093,-99,0.089,-99,55.91,51.07
"2024-05-06 11:00:00",231,12.55,405,1,-1.806,-99,-12.49,-99,-1.106,-0.081,-1.322,57.91,52.8
"2024-05-06 11:30:00",232,12.55,405,1,0.001,0.23,-0.24,0.02,-0.022,-0.016,-0.176,58.58,53.22
"2024-05-06 12:00:00",233,12.55,405,1,0.066,0.25,0.19,0.022,0.017,-0.012,-0.136,58,53.89
"2024-05-06 12:30:00",234,12.56,405,1,-0.05,-0.03,-0.32,-0.004,-0.03,-0.048,-0.196,54.54,49.85
"2024-05-06 13:00:00",235,12.56,405,1,-0.072,-0.37,-0.11,-0.034,-0.011,-0.069,-0.174,53.47,51.96
"2024-05-06 13:30:00",236,12.56,405,1,-0.069,-0.22,-0.25,-0.02,-0.023,-0.06,-0.184,55.72,50.77
"2024-05-06 14:00:00",237,12.56,405,1,-0.107,-0.4,-0.32,-0.036,-0.029,-0.076,-0.191,52.79,51.02
"2024-05-06 14:30:00",238,12.55,405,1,-0.088,-0.31,-0.28,-0.028,-0.026,-0.069,-0.193,54.26,50.25
"2024-05-06 15:00:00",239,12.56,405,1,-0.054,-0.25,-0.11,-0.023,-0.011,-0.061,-0.173,55.05,52.45
"2024-05-06 15:30:00",240,12.56,405,1,0.019,0,0.13,-0.001,0.012,-0.045,-0.151,55.4,51.54
"2024-05-06 16:00:00",241,12.55,405,1,0.029,-0.03,0.23,-0.004,0.021,-0.042,-0.146,56.38,51.95
"2024-05-06 16:30:00",242,12.55,405,1,-0.004,-0.03,0,-0.004,0,-0.062,-0.18,52.61,50.84
"2024-05-06 17:00:00",243,12.56,405,1,-0.121,-0.35,-0.47,-0.032,-0.042,-0.077,-0.209,53.38,50.36
"2024-05-06 17:30:00",244,12.55,405,1,-0.165,-0.48,-0.63,-0.044,-0.057,-0.085,-0.222,54.11,49.42
"2024-05-06 18:00:00",245,12.55,405,1,-2.708,-99,-18.72,-99,-1.658,-0.115,-99,53.6,48.5
"2024-05-06 18:30:00",246,12.55,405,1,-99,-99,-99,-99,-99,0.331,-99,53.28,50.52
"2024-05-06 19:00:00",247,12.55,405,1,-99,-99,-99,-99,-99,-0.175,-99,52.67,48.66
"2024-05-06 19:30:00",248,12.55,405,1,-99,-99,-99,-99,-99,-99,-99,-99,-99
"2024-05-06 20:00:00",249,12.54,405,1,-99,-99,-99,-99,-99,-0.106,-1.577,50.34,48.31
"2024-05-06 20:30:00",250,12.54,405,1,-1.101,-7.1,-99,-0.629,-99,-0.164,-0.903,53.2,48.77
"2024-05-06 21:00:00",251,12.54,405,1,4.141,49.63,-24.6,4.393,-2.178,0.087,-1.22,69.1,48.84
"2024-05-06 21:30:00",252,12.54,405,1,-5.398,14.2,-52.54,1.257,-4.651,0.063,-1.08,52.46,50.85
"2024-05-06 22:00:00",253,12.53,405,1,0.375,-99,2.59,-99,0.229,0.006,-99,50.36,-99
"2024-05-06 22:30:00",254,12.53,405,1,-3.295,-99,-22.78,-99,-2.017,0.026,-1.596,58.2,51.46
"2024-05-06 23:00:00",255,12.53,405,1,-99,-99,-99,-99,-99,-99,-99,-99,-99
"2024-05-06 23:30:00",256,12.53,405,1,-99,-99,-99,-99,-99,-0.089,-2.09,53.42,54.85
"2024-05-07 00:00:00",257,12.53,405,1,-99,-99,-99,-99,-99,-99,-2.273,-99,42.65
"2024-05-07 00:30:00",258,12.53,405,1,-2.195,-99,-15.18,-99,-1.344,0.051,-1.599,54.36,47.45
"2024-05-07 01:00:00",259,12.52,405,1,-1.98,-99,-13.69,-99,-1.212,0.009,-1.654,57.38,50.61
"2024-05-07 01:30:00",260,12.52,405,1,-99,-99,-99,-99,-99,0.131,-1.839,53.18,50.84
"2024-05-07 02:00:00",261,12.52,405,1,-1.214,-7.83,-99,-0.694,-99,-0.003,-99,65.98,-99
"2024-05-07 02:30:00",262,12.52,405,1,-99,-99,-99,-99,-99,-99,-99,-99,-99
"2024-05-07 03:00:00",263,12.52,405,1,-99,-99,-99,-99,-99,-99,-99,52.97,-99
"2024-05-07 03:30:00",264,12.52,405,1,-99,-99,-72.82,-99,-6.446,-99,-99,67.7,-99
"2024-05-07 04:00:00",265,12.52,405,1,-99,-99,-99,-99,-99,-0.004,-99,46.52,-99
"2024-05-07 04:30:00",266,12.52,405,1,-99,-99,-99,-99,-99,-99,-99,-99,-99
"2024-05-07 05:00:00",267,12.51,405,1,-99,-99,-99,-99,-99,-99,-99,-99,-99
"2024-05-07 05:30:00",268,12.52,405,1,-99,-99,-99,-99,-99,-99,-99,54.43,-99
"2024-05-07 06:00:00",269,12.51,405,1,-99,-99,-99,-99,-99,-99,-99,61.4,-99
"2024-05-07 06:30:00",270,12.51,405,1,-99,-99,-62.47,-99,-5.53,-99,-99,48.63,-99
"2024-05-07 07:00:00",271,12.51,405,1,-99,-99,-99,-99,-99,-0.002,-99,68.16,-99
"2024-05-07 07:30:00",272,12.51,405,1,-99,-99,-99,-99,-99,-0.035,-2.408,17.2,42.52
"2024-05-07 08:00:00",273,12.51,405,1,-99,-99,-99,-99,-99,0.016,-2.75,48.85,74.42
"2024-05-07 08:30:00",274,12.51,405,1,-0.851,-5.49,-99,-0.486,-99,-0.079,-1.562,52.59,49.7
"2024-05-07 09:00:00",275,12.51,405,1,-0.575,-3.71,-99,-0.329,-99,-0.382,-1.389,55.44,50.6
"2024-05-07 09:30:00",276,12.51,405,1,-4.019,-25.91,-99,-2.294,-99,-0.209,-0.713,55.53,52.51
"2024-05-07 10:00:00",277,12.51,405,1,-0.075,-0.37,-0.13,-0.034,-0.013,-0.054,-0.159,58.06,55.04
"2024-05-07 10:30:00",278,12.51,405,1,-0.019,0,-0.14,0,-0.013,-0.039,-0.165,57.95,52.59
"2024-05-07 11:00:00",279,12.51,405,1,-0.015,-0.03,-0.08,-0.004,-0.008,-0.044,-0.17,54.36,51.34
"2024-05-07 11:30:00",280,12.51,405,1,0.263,1.06,0.68,0.094,0.06,-99,-0.089,-99,55.72
"2024-05-07 12:00:00",281,12.51,405,1,0.393,1.46,1.15,0.129,0.101,0.058,-0.1,57.3,51.79
"2024-05-07 12:30:00",282,12.51,405,1,0.119,0.41,0.38,0.036,0.034,-0.021,-0.148,53.03,51.11
"2024-05-07 13:00:00",283,12.52,405,1,-0.108,-0.33,-0.4,-0.03,-0.036,-0.074,-0.209,53.42,49.31
"2024-05-07 13:30:00",284,12.52,405,1,0.033,0,0.23,-0.001,0.021,-0.034,-0.147,57,51.9
"2024-05-07 14:00:00",285,12.52,405,1,0.063,0.06,0.37,0.005,0.033,-0.034,-0.146,54.69,50.16
"2024-05-07 14:30:00",286,12.52,405,1,0.205,0.67,0.7,0.059,0.062,0.015,-0.116,59.17,52.24
"2024-05-07 15:00:00",287,12.52,405,1,0.096,0.17,0.48,0.015,0.042,-0.032,-0.136,53.63,51.03
"2024-05-07 15:30:00",288,12.52,405,1,0.109,0.14,0.6,0.012,0.053,-0.029,-0.124,55.41,52.65
"2024-05-07 16:00:00",289,12.52,405,1,0.073,-0.03,0.54,-0.004,0.048,-0.044,-0.13,54.51,50.66
"2024-05-07 16:30:00",290,12.52,405,1,0.116,0.33,0.45,0.03,0.04,-0.022,-0.147,55.57,50.32
"2024-05-07 17:00:00",291,12.52,405,1,0.055,-0.03,0.41,-0.004,0.036,-0.049,-0.144,52.6,50.98
"2024-05-07 17:30:00",292,12.52,405,1,0.005,-0.07,0.11,-0.007,0.009,-0.063,-0.173,52.04,50.11
"2024-05-07 18:00:00",293,12.52,405,1,-0.117,-0.59,-0.18,-0.053,-0.017,-0.09,-0.19,52.89,51.12
"2024-05-07 18:30:00",294,12.51,405,1,-0.146,-0.4,-0.59,-0.036,-0.053,-0.087,-0.222,52.25,49.07
"2024-05-07 19:00:00",295,12.52,405,1,-0.207,-0.49,-0.91,-0.044,-0.081,-0.089,-0.245,53.07,49.06
"2024-05-07 19:30:00",296,12.51,405,1,1.365,8.8,-99,0.778,-99,0.17,-99,52.64,48.79
"2024-05-07 20:00:00",297,12.51,405,1,-99,-99,-99,-99,-99,-0.112,-0.261,53.81,47.88
"2024-05-07 20:30:00",298,12.51,405,1,-99,-99,-99,-99,-99,-0.12,-0.27,53.19,48.66
"2024-05-07 21:00:00",299,12.5,405,1,-99,-99,-99,-99,-99,-0.115,-0.265,52.26,48.82
"2024-05-07 21:30:00",300,12.5,405,1,-99,-99,-99,-99,-99,-0.763,-99,52.49,48.37
"2024-05-07 22:00:00",301,12.5,405,1,6.871,44.28,-99,3.92,-99,0.228,-99,53.2,48.36
"2024-05-07 22:30:00",302,12.49,405,1,-0.343,-0.93,-1.38,-0.083,-0.123,-0.125,-0.273,53.85,48.9
"2024-05-07 23:00:00",303,12.49,405,1,-0.34,-0.92,-1.37,-0.082,-0.122,-0.118,-0.269,53.14,48.87
"2024-05-07 23:30:00",304,12.49,405,1,-0.332,-0.87,-1.37,-0.078,-0.123,-0.116,-0.275,53.49,48.8
"2024-05-08 00:00:00",305,12.48,405,1,-0.341,-0.88,-1.42,-0.078,-0.126,-0.119,-0.276,53.42,48.73
"2024-05-08 00:30:00",306,12.48,405,1,-0.359,-0.93,-1.49,-0.084,-0.133,-0.119,-0.284,53.07,48.95
"2024-05-08 01:00:00",307,12.48,405,1,-0.343,-0.9,-1.41,-0.08,-0.126,-0.118,-0.275,53.78,48.68
"2024-05-08 01:30:00",308,12.48,405,1,-0.352,-0.93,-1.44,-0.083,-0.129,-0.118,-0.277,54.04,49.51
"2024-05-08 02:00:00",309,12.48,405,1,-0.338,-0.85,-1.43,-0.076,-0.127,-0.114,-0.268,54.26,49.16
"2024-05-08 02:30:00",310,12.47,405,1,-0.339,-0.92,-1.36,-0.082,-0.121,-0.115,-0.268,54.49,50.06
"2024-05-08 03:00:00",311,12.47,405,1,-99,-99,-99,-99,-99,-0.098,-2.919,52.77,47.72
"2024-05-08 03:30:00",312,12.48,405,1,-99,-99,-99,-99,-99,-99,-99,-99,-99
"2024-05-08 04:00:00",313,12.47,405,1,-99,-99,-99,-99,-99,-0.005,-99,32.18,-99
"2024-05-08 04:30:00",314,12.47,405,1,-99,-99,-99,-99,-99,-99,-99,-99,-99
"2024-05-08 05:00:00",315,12.47,405,1,-99,-99,-99,-99,-99,-99,-99,-99,-99
"2024-05-08 05:30:00",316,12.47,405,1,-99,-99,-99,-99,-99,-99,-99,-99,-99
"2024-05-08 06:00:00",317,12.47,405,1,-99,-99,-99,-99,-99,-99,-99,-99,-99
"2024-05-08 06:30:00",318,12.47,405,1,-99,-99,-99,-99,-99,-99,-99,-99,-99
"2024-05-08 07:00:00",319,12.47,405,1,-99,-99,-99,-99,-99,-99,-99,-99,-99
"2024-05-08 07:30:00",320,12.46,405,1,-99,-99,-99,-99,-99,-99,-99,-99,-99
"2024-05-08 08:00:00",321,12.47,405,1,2.279,14.69,-99,1.3,-99,-99,-2.468,-99,69.49
"2024-05-08 08:30:00",322,12.47,405,1,-99,-99,-99,-99,-99,0.933,-99,59.38,53.24
"2024-05-08 09:00:00",323,12.47,405,1,1.499,0.1,10.25,0.009,0.907,-99,-99,55.08,51.33
"2024-05-08 09:30:00",324,12.47,405,1,1.08,6.96,0,0.616,0,-99,-99,64.99,52.49
"2024-05-08 10:00:00",325,12.47,405,1,-1.351,-8.74,0.03,-0.775,0.002,-99,-99,54.49,52.57
"2024-05-08 10:30:00",326,12.47,405,1,-1.873,-99,-12.95,-99,-1.147,-99,-99,50.98,50.51
"2024-05-08 11:00:00",327,12.47,405,1,1.32,-99,9.12,-99,0.807,-99,-99,51.87,58.69
"2024-05-08 11:30:00",328,12.48,405,1,1.824,11.1,0.7,0.983,0.062,-99,-99,-99,57.47
"2024-05-08 12:00:00",329,12.48,405,1,1.521,-99,10.51,-99,0.93,-99,-99,51.88,48.5
"2024-05-08 12:30:00",330,12.48,405,1,2.146,-79.03,14.83,-6.995,1.313,-99,-99,65.13,54.83
"2024-05-08 13:00:00",331,12.48,405,1,2.226,14.16,0.2,1.253,0.018,-99,-99,51.75,50.92
"2024-05-08 13:30:00",332,12.49,405,1,1.516,-99,10.48,-99,0.928,-99,-99,52.95,51.39
"2024-05-08 14:00:00",333,12.49,405,1,1.515,-99,10.47,-99,0.926,-99,-99,56.22,52.63
"2024-05-08 14:30:00",334,12.49,405,1,-1.426,-99,-9.86,-99,-0.874,-99,-99,55.59,52
"2024-05-08 15:00:00",335,12.49,405,1,1.974,12.21,0.55,1.081,0.049,-99,-99,56.5,51.83
"2024-05-08 15:30:00",336,12.49,405,1,2.252,14.43,0.09,1.277,0.008,-99,-99,53.69,50.67
"2024-05-08 16:00:00",337,12.49,405,1,2.135,13.77,-0.01,1.218,-0.001,-99,-99,52.83,50.69
"2024-05-08 16:30:00",338,12.49,405,1,2.534,-99,17.51,-99,1.55,-99,-99,53.83,50.45
"2024-05-08 17:00:00",339,12.49,405,1,2.746,1.59,17.27,0.141,1.529,-99,-99,54.73,50.99
"2024-05-08 17:30:00",340,12.49,405,1,2.035,12.89,0.24,1.141,0.021,-99,-99,54.28,51.79
"2024-05-08 18:00:00",341,12.49,405,1,2.041,13.1,0.06,1.16,0.005,-99,-99,55.16,50.69
"2024-05-08 18:30:00",342,12.49,405,1,2.466,-99,17.04,-99,1.508,-99,-99,53.47,50.61
"2024-05-08 19:00:00",343,12.49,405,1,2.738,1.52,17.29,0.134,1.53,-99,-99,52.91,49.32
"2024-05-08 19:30:00",344,12.48,405,1,-1.635,-99,-11.31,-99,-1.002,-99,-99,51.98,48.96
"2024-05-08 20:00:00",345,12.48,405,1,1.102,7.1,-99,-99,-99,1.333,-99,52.72,48.97
"2024-05-08 20:30:00",346,12.47,405,1,0.729,4.7,-99,-99,-99,1.431,-99,53.46,47.68
"2024-05-08 21:00:00",347,12.47,405,1,-3.994,-25.75,-99,-2.28,-99,-0.062,-0.846,50.01,49.18
"2024-05-08 21:30:00",348,12.47,405,1,-99,-99,-99,-99,-99,-0.004,-1.03,26.8,43.62
"2024-05-08 22:00:00",349,12.47,405,1,-99,-99,-99,-99,-99,-0.329,-1.201,61.58,49.98
"2024-05-08 22:30:00",350,12.46,405,1,-99,-99,-99,-99,-99,-99,-99,-99,-99
"2024-05-08 23:00:00",351,12.46,405,1,-99,-99,-99,-99,-99,-99,-99,-99,-99
"2024-05-08 23:30:00",352,12.46,405,1,-99,-99,-99,-99,-99,-99,-99,-99,-99
"2024-05-09 00:00:00",353,12.45,405,1,1.719,0.05,11.83,0.004,1.047,-99,-99,54,48.23
"2024-05-09 00:30:00",354,12.45,405,1,0.715,-99,4.94,-99,0.437,-99,-99,53.35,48.14
"2024-05-09 01:00:00",355,12.45,405,1,1.197,8.88,-1.25,0.786,-0.112,-99,-99,54.04,48.99
"2024-05-09 01:30:00",356,12.44,405,1,1.135,8.52,-1.29,0.754,-0.115,-99,-99,52.92,48.6
"2024-05-09 02:00:00",357,12.45,405,1,1.571,-0.2,11.07,-0.019,0.98,-99,-99,52.89,48.93
"2024-05-09 02:30:00",358,12.44,405,1,-0.997,-99,-6.9,-99,-0.612,-99,-99,53.84,48.79
"2024-05-09 03:00:00",359,12.44,405,1,1.484,-0.23,10.5,-0.021,0.93,-99,-99,53.64,49.16
"2024-05-09 03:30:00",360,12.44,405,1,1.249,-99,8.63,-99,0.764,-99,-99,52.3,48.7
"2024-05-09 04:00:00",361,12.44,405,1,-1.569,-8.89,-1.32,-0.787,-0.117,-99,-99,53.41,48.57
"2024-05-09 04:30:00",362,12.43,405,1,1.224,-99,8.46,-99,0.749,-99,-99,53.33,48.65
"2024-05-09 05:00:00",363,12.43,405,1,0.918,7.11,-1.28,0.629,-0.114,-99,-99,53.31,48.47
"2024-05-09 05:30:00",364,12.43,405,1,-2.212,-0.64,-14.61,-0.058,-1.294,-99,-99,54.07,48.65
"2024-05-09 06:00:00",365,12.43,405,1,0.863,6.81,-1.34,0.603,-0.119,-99,-99,54.76,49.18
"2024-05-09 06:30:00",366,12.43,405,1,-0.183,-99,-1.27,-99,-0.113,-99,-99,53.54,49.58
"2024-05-09 07:00:00",367,12.43,405,1,-1.482,-8.66,-0.96,-0.767,-0.086,-99,-99,56.34,50.03
"2024-05-09 07:30:00",368,12.42,405,1,-6.066,-99,-41.93,-99,-3.712,-99,-2.408,70.93,68.76
"2024-05-09 08:00:00",369,12.43,405,1,-99,-99,-99,-99,-99,0.651,-0.051,55.5,51.54
"2024-05-09 08:30:00",370,12.43,405,1,-2.523,3.15,-20.82,0.279,-1.844,0.005,-1.217,54.63,49.58
"2024-05-09 09:00:00",371,12.43,405,1,-99,-99,-99,-99,-99,-0.395,-0.889,53.82,50.22
"2024-05-09 09:30:00",372,12.43,405,1,-8.65,-22.62,-35.53,-2.003,-3.146,-0.095,-1.09,55.72,51.76
"2024-05-09 10:00:00",373,12.43,405,1,-1.23,-99,-8.51,-99,-0.754,0.335,-99,54.52,51.29
"2024-05-09 10:30:00",374,12.43,405,1,1.694,10.92,-99,0.966,-99,0.447,-0.62,55.55,49.25
"2024-05-09 11:00:00",375,12.43,405,1,1.064,6.86,-99,0.189,-99,1.203,-99,55.99,50.79
"2024-05-09 11:30:00",376,12.43,405,1,1.55,9.99,-99,-99,-99,1.07,-99,54.38,50.64
"2024-05-09 12:00:00",377,12.43,405,1,-1.166,-7.95,0.46,-0.705,0.04,-99,-99,55.96,53.31
"2024-05-09 12:30:00",378,12.43,405,1,1.477,9.12,0.43,0.807,0.038,-99,-99,-99,54.21
"2024-05-09 13:00:00",379,12.43,405,1,-1.734,-99,-11.99,-99,-1.062,-99,-99,52.8,51.24
"2024-05-09 13:30:00",380,12.43,405,1,-1.313,-99,-9.08,-99,-0.804,-99,-99,54.53,52.6
"2024-05-09 14:00:00",381,12.43,405,1,1.722,10.36,0.79,0.917,0.07,-99,-99,56.13,52.02
"2024-05-09 14:30:00",382,12.43,405,1,2.141,0.78,13.96,0.069,1.236,-99,-99,58,52.22
"2024-05-09 15:00:00",383,12.44,405,1,1.472,-99,10.17,-99,0.9,-99,-99,55.5,51.91
"2024-05-09 15:30:00",384,12.44,405,1,1.923,12.03,0.39,1.065,0.035,-99,-99,52.48,51.28
"2024-05-09 16:00:00",385,12.44,405,1,2.364,1.12,15.14,0.099,1.34,-99,-99,54.37,51.35
"2024-05-09 16:30:00",386,12.44,405,1,2.474,1.26,15.75,0.112,1.394,-99,-99,54.73,50.98
"2024-05-09 17:00:00",387,12.44,405,1,2.266,-99,15.66,-99,1.386,-99,-99,54.2,51.71
"2024-05-09 17:30:00",388,12.44,405,1,2.351,0.97,15.21,0.086,1.346,-99,-99,55.45,51.13
"2024-05-09 18:00:00",389,12.44,405,1,1.786,11.37,0.15,1.007,0.014,-99,-99,53.95,51.3
"2024-05-09 18:30:00",390,12.44,405,1,1.341,8.64,-99,-99,-99,1.673,-99,55.14,49
"2024-05-09 19:00:00",391,12.44,405,1,-99,-99,-99,-99,-99,-0.197,-1.617,53.46,49.13
"2024-05-09 19:30:00",392,12.43,405,1,-99,-99,-99,-99,-99,0.879,-1.089,51.66,48.07
"2024-05-09 20:00:00",393,12.43,405,1,-99,-99,-99,-99,-99,-99,-99,-99,-99
"2024-05-09 20:30:00",394,12.42,405,1,-1,-99,-6.92,-99,-0.613,-99,-99,51.64,47.32
"2024-05-09 21:00:00",395,12.42,405,1,1.593,-0.24,11.27,-0.022,0.997,-99,-99,52.19,48.44
"2024-05-09 21:30:00",396,12.42,405,1,0.96,7.28,-1.17,0.644,-0.105,-99,-99,52.92,47.87
"2024-05-09 22:00:00",397,12.41,405,1,-99,-99,-99,-99,-99,-99,-99,-99,-99
"2024-05-09 22:30:00",398,12.41,405,1,-99,-99,-99,-99,-99,-99,-99,-99,-99
"2024-05-09 23:00:00",399,12.4,405,1,-99,-99,-99,-99,-99,-99,-99,-99,-99
"2024-05-09 23:30:00",400,12.4,405,1,-99,-99,-99,-99,-99,-99,-99,-99,-99
"2024-05-10 00:00:00",401,12.4,405,1,-99,-99,-99,-99,-99,-99,-99,51.52,-99
"2024-05-10 00:30:00",402,12.4,405,1,-99,-99,-99,-99,-99,-99,-99,-99,-99
"2024-05-10 01:00:00",403,12.4,405,1,-99,-99,-99,-99,-99,-99,-99,-99,-99
"2024-05-10 01:30:00",404,12.4,405,1,-99,-99,-99,-99,-99,-99,-99,-99,-99
"2024-05-10 02:00:00",405,12.4,405,1,-3.425,-99,-23.68,-99,-2.097,-0.101,-2.876,50.79,53.64
"2024-05-10 02:30:00",406,12.39,405,1,-99,-99,-99,-99,-99,-99,-99,-99,-99
"2024-05-10 03:00:00",407,12.39,405,1,-99,-99,-99,-99,-99,-99,-99,-99,-99
"2024-05-10 03:30:00",408,12.39,405,1,-99,-99,-99,-99,-99,-99,-99,-99,-99
"2024-05-10 04:00:00",409,12.39,405,1,-99,-99,-99,-99,-99,-99,-99,-99,-99
"2024-05-10 04:30:00",410,12.39,405,1,-99,-99,-99,-99,-99,-99,-99,-99,-99
"2024-05-10 05:00:00",411,12.39,405,1,-99,-99,-99,-99,-99,-99,-99,-99,-99
"2024-05-10 05:30:00",412,12.38,405,1,-99,-99,-99,-99,-99,-99,-99,-99,-99
"2024-05-10 06:00:00",413,12.38,405,1,-99,-99,-99,-99,-99,-99,-99,-99,-99
"2024-05-10 06:30:00",414,12.38,405,1,-99,-99,-99,-99,-99,-99,-99,-99,-99
"2024-05-10 07:00:00",415,12.38,405,1,-99,-99,-99,-99,-99,-99,-99,-99,-99
"2024-05-10 07:30:00",416,12.38,405,1,-99,-99,-99,-99,-99,-99,-99,-99,-99
"2024-05-10 08:00:00",417,12.38,405,1,-99,-99,-99,-99,-99,-99,-99,-99,-99
"2024-05-10 08:30:00",418,12.38,405,1,-99,-99,-99,-99,-99,-99,-99,-99,-99
"2024-05-10 09:00:00",419,12.38,405,1,-99,-99,-99,-99,-99,-99,-99,-99,-99
"2024-05-10 09:30:00",420,12.38,405,1,-99,-99,-99,-99,-99,-99,-99,-99,-99
"2024-05-10 10:00:00",421,12.38,405,1,-99,-99,-99,-99,-99,-99,-99,-99,-99
"2024-05-10 10:30:00",422,12.38,405,1,-99,-99,-99,-99,-99,-99,-99,-99,-99
"2024-05-10 11:00:00",423,12.38,405,1,-99,-99,-99,-99,-99,-0.002,-99,48.62,62.37
"2024-05-10 11:30:00",424,12.38,405,1,1.722,6.82,4.59,-0.338,0.406,1.611,-99,56.01,50.59
"2024-05-10 12:00:00",425,12.38,405,1,1.567,10.1,-99,-99,-99,1.827,-99,54.33,49.27
"2024-05-10 12:30:00",426,12.38,405,1,-1.575,-99,-10.89,-99,-0.965,-99,-99,53.84,50.09
"2024-05-10 13:00:00",427,12.38,405,1,-1.13,-99,-7.82,-99,-0.693,-99,-99,54.21,50.09
"2024-05-10 13:30:00",428,12.38,405,1,-99,-99,-99,-99,-99,0.359,-1.849,54.62,49.77
"2024-05-10 14:00:00",429,12.37,405,1,-99,-99,-99,-99,-99,0.787,-0.229,54.35,50.38
"2024-05-10 14:30:00",430,12.37,405,1,1.536,9.9,-99,-99,-99,1.607,-99,54.46,50.13
"2024-05-10 15:00:00",431,12.37,405,1,-3.74,-23.32,-0.85,-2.065,-0.076,0.071,-1.007,54.33,50.37
"2024-05-10 15:30:00",432,12.37,405,1,1.472,9.49,-99,-99,-99,2.292,-99,54.67,49.82
"2024-05-10 16:00:00",433,12.37,405,1,-5.006,-15.71,-17.76,-1.391,-1.573,0.573,-0.714,52.37,50.24
"2024-05-10 16:30:00",434,12.37,405,1,-99,-99,-99,-99,-99,-0.072,-1.562,53.3,48.61
"2024-05-10 17:00:00",435,12.37,405,1,-6.357,-99,-43.94,-99,-3.89,-99,-2.667,-99,47.64
"2024-05-10 17:30:00",436,12.37,405,1,-99,-99,-99,-99,-99,-99,-99,-99,-99
"2024-05-10 18:00:00",437,12.37,405,1,-99,-99,-99,-99,-99,-99,-99,-99,-99
"2024-05-10 18:30:00",438,12.36,405,1,-99,-99,-99,-99,-99,-99,-99,-99,-99
"2024-05-10 19:00:00",439,12.36,405,1,-99,-99,-99,-99,-99,-99,-99,-99,-99
"2024-05-10 19:30:00",440,12.35,405,1,-99,-99,-99,-99,-99,-99,-99,-99,-99
"2024-05-10 20:00:00",441,12.36,405,1,-99,-99,-99,-99,-99,-99,-99,-99,-99
"2024-05-10 20:30:00",442,12.35,405,1,-99,-99,-99,-99,-99,-99,-99,-99,-99
"2024-05-10 21:00:00",443,12.35,405,1,-99,-99,-99,-99,-99,-99,-99,-99,-99
"2024-05-10 21:30:00",444,12.35,405,1,-99,-99,-99,-99,-99,-99,-99,-99,-99
"2024-05-10 22:00:00",445,12.35,405,1,-99,-99,-99,-99,-99,-99,-99,-99,-99
"2024-05-10 22:30:00",446,12.34,405,1,-99,-99,-99,-99,-99,-99,-99,-99,-99
"2024-05-10 23:00:00",447,12.35,405,1,-99,-99,-99,-99,-99,-99,-99,-99,-99
"2024-05-10 23:30:00",448,12.34,405,1,-99,-99,-99,-99,-99,-99,-99,-99,-99
"2024-05-11 00:00:00",449,12.34,405,1,-99,-99,-99,-99,-99,-99,-99,-99,-99
"2024-05-11 00:30:00",450,12.34,405,1,-99,-99,-99,-99,-99,-99,-99,-99,-99
"2024-05-11 01:00:00",451,12.34,405,1,-99,-99,-99,-99,-99,-99,-99,-99,-99
"2024-05-11 01:30:00",452,12.34,405,1,-99,-99,-99,-99,-99,-99,-99,-99,-99
"2024-05-11 02:00:00",453,12.34,405,1,-99,-99,-99,-99,-99,-99,-99,-99,-99
"2024-05-11 02:30:00",454,12.33,405,1,-99,-99,-99,-99,-99,-99,-99,-99,-99
"2024-05-11 03:00:00",455,12.34,405,1,-99,-99,-99,-99,-99,-99,-99,-99,-99
"2024-05-11 03:30:00",456,12.33,405,1,-99,-99,-99,-99,-99,-99,-99,-99,-99
"2024-05-11 04:00:00",457,12.33,405,1,-99,-99,-99,-99,-99,-99,-99,-99,-99
"2024-05-11 04:30:00",458,12.33,405,1,-99,-99,-99,-99,-99,-99,-99,-99,-99
"2024-05-11 05:00:00",459,12.33,405,1,-99,-99,-99,-99,-99,-99,-99,-99,-99
"2024-05-11 05:30:00",460,12.33,405,1,-99,-99,-99,-99,-99,-99,-99,-99,-99
"2024-05-11 06:00:00",461,12.33,405,1,-99,-99,-99,-99,-99,-99,-99,-99,-99
"2024-05-11 06:30:00",462,12.32,405,1,-99,-99,-99,-99,-99,-99,-99,-99,-99
"2024-05-11 07:00:00",463,12.33,405,1,-99,-99,-99,-99,-99,-99,-99,-99,-99
"2024-05-11 07:30:00",464,12.32,405,1,-99,-99,-99,-99,-99,-99,-99,-99,-99
"2024-05-11 08:00:00",465,12.33,405,1,-99,-99,-99,-99,-99,-99,-99,-99,-99
"2024-05-11 08:30:00",466,12.32,405,1,-99,-99,-99,-99,-99,-99,-99,-99,-99
"2024-05-11 09:00:00",467,12.33,405,1,-99,-99,-99,-99,-99,-99,-99,-99,-99
"2024-05-11 09:30:00",468,12.33,405,1,-99,-99,-99,-99,-99,-0.823,-2.718,31.46,69.66
"2024-05-11 10:00:00",469,12.33,405,1,-99,-99,-99,-99,-99,-99,-3.178,-99,54.59
"2024-05-11 10:30:00",470,12.33,405,1,-99,-99,-99,-99,-99,-99,-99,-99,56.39
"2024-05-11 11:00:00",471,12.33,405,1,-5.934,-9.49,-30.84,-0.841,-2.731,-0.542,-2.493,55.16,55.21
"2024-05-11 11:30:00",472,12.34,405,1,-5.101,0.13,-35.4,0.012,-3.134,0.91,-2.386,56.61,54.83
"2024-05-11 12:00:00",473,12.33,405,1,1.382,8.91,-99,-99,-99,1.012,-1.026,54.98,50.65
"2024-05-11 12:30:00",474,12.33,405,1,-3.479,-23.07,0.69,-2.043,0.061,-99,-99,59.02,53.81
"2024-05-11 13:00:00",475,12.34,405,1,3.264,16.95,4.38,1.5,0.388,-99,-99,55.93,52.34
"2024-05-11 13:30:00",476,12.34,405,1,1.91,12.31,-99,1.09,-99,-99,-99,54.38,50.05
"2024-05-11 14:00:00",477,12.34,405,1,0.68,4.14,0.26,0.366,0.023,-99,-99,55.48,52.62
"2024-05-11 14:30:00",478,12.34,405,1,-5.355,-28.8,-6.13,-2.55,-0.544,-99,-99,59.35,53.05
"2024-05-11 15:00:00",479,12.34,405,1,4.15,22.57,4.48,1.997,0.397,-99,-99,53.74,51.6
"2024-05-11 15:30:00",480,12.34,405,1,0.954,-0.96,7.62,-0.086,0.674,-99,-99,54.73,50.77
"2024-05-11 16:00:00",481,12.35,405,1,0.884,-1.22,7.42,-0.108,0.656,-99,-99,55.63,51.15
"2024-05-11 16:30:00",482,12.35,405,1,2.965,11.95,7.68,1.057,0.68,-99,-99,53.76,50.89
"2024-05-11 17:00:00",483,12.35,405,1,-1.376,-1.2,-8.23,-0.107,-0.729,-99,-99,54.44,50.48
"2024-05-11 17:30:00",484,12.35,405,1,2.864,11.27,7.71,0.997,0.682,-99,-99,55.6,50.18
"2024-05-11 18:00:00",485,12.35,405,1,0.415,-99,2.87,-99,0.254,-99,-99,52.67,50.01
"2024-05-11 18:30:00",486,12.35,405,1,-99,-99,-99,-99,-99,-99,-99,53.1,48.98
"2024-05-11 19:00:00",487,12.35,405,1,-1.49,-9.61,0,-0.851,-0.001,-99,-99,51.97,49.83
"2024-05-11 19:30:00",488,12.34,405,1,-99,-99,-99,-99,-99,0.88,-99,53.35,49.02
"2024-05-11 20:00:00",489,12.33,405,1,-3.431,-22.12,-99,-1.959,-99,0.403,-1.24,54.19,48.41
"2024-05-11 20:30:00",490,12.33,405,1,-99,-99,-99,-99,-99,0.754,-1.37,53.37,49.62
"2024-05-11 21:00:00",491,12.33,405,1,-5.426,-7.81,-29.13,-0.692,-2.579,0.033,-2.154,52.78,48.67
"2024-05-11 21:30:00",492,12.32,405,1,-99,-99,-99,-99,-99,0.127,-1.87,51.76,48.89
"2024-05-11 22:00:00",493,12.32,405,1,-99,-99,-99,-99,-99,0.437,-2.382,54.42,49.57
"2024-05-11 22:30:00",494,12.31,405,1,-2.037,-18.07,5.29,-1.6,0.469,0.432,-0.711,53.64,48.8
"2024-05-11 23:00:00",495,12.32,405,1,1.93,12.44,-99,-99,-99,1.895,-99,52.89,48.93
"2024-05-11 23:30:00",496,12.31,405,1,-99,-99,-99,-99,-99,-99,-0.572,52.08,49.58
"2024-05-12 00:00:00",497,12.31,405,1,1.907,12.29,-99,-99,-99,1.189,-1.215,52.99,48.66
"2024-05-12 00:30:00",498,12.3,405,1,-2.559,-16.5,-99,-1.461,-99,0.26,-99,54.32,48.37
"2024-05-12 01:00:00",499,12.3,405,1,-1.599,-3.32,-7.5,-0.295,-0.665,-99,-99,53.34,49.37
"2024-05-12 01:30:00",500,12.3,405,1,-99,-99,-99,-99,-99,-0.443,-1.702,53.18,49.06
"2024-05-12 02:00:00",501,12.3,405,1,-2.576,11.48,-30.12,-99,-2.667,1.077,-2.095,53.5,48.09
"2024-05-12 02:30:00",502,12.3,405,1,-3.142,-23.76,3.76,-2.104,0.332,-99,-99,52.88,49.65
"2024-05-12 03:00:00",503,12.29,405,1,-99,-99,-99,-99,-99,-99,-99,56.52,47.29
"2024-05-12 03:30:00",504,12.3,405,1,-1.582,-99,-10.94,-99,-0.969,-0.098,-1.894,53.51,48.3
"2024-05-12 04:00:00",505,12.3,405,1,-99,-99,-99,-99,-99,0.062,-1.88,54.14,50.01
"2024-05-12 04:30:00",506,12.3,405,1,-3.453,-22.26,-99,-1.971,-99,-0.072,-2.315,46.41,47.18
"2024-05-12 05:00:00",507,12.29,405,1,-99,-99,-99,-99,-99,-99,-99,-99,-99
"2024-05-12 05:30:00",508,12.29,405,1,-99,-99,-99,-99,-99,0.051,-2.256,50.46,50.72
"2024-05-12 06:00:00",509,12.29,405,1,-99,-99,-99,-99,-99,0.69,-2.656,52.74,49.36
"2024-05-12 06:30:00",510,12.29,405,1,-8.19,-14.26,-41.31,-1.263,-3.657,0.368,-2.227,53.99,49.3
"2024-05-12 07:00:00",511,12.29,405,1,-4.361,-99,-30.15,-99,-2.669,0.177,-2.133,53.61,50.95
"2024-05-12 07:30:00",512,12.29,405,1,-6.16,15.59,-59.3,1.38,-5.25,0.055,-2.175,53.31,48.46
"2024-05-12 08:00:00",513,12.29,405,1,-99,-99,-99,-99,-99,0.346,-1.49,54.77,53.35
"2024-05-12 08:30:00",514,12.29,405,1,-5.111,-99,-35.33,-99,-3.127,-0.027,-2.023,52.61,48.28
"2024-05-12 09:00:00",515,12.29,405,1,3.758,24.22,-65.77,2.143,-5.822,-0.005,-2.837,56.19,47.13
"2024-05-12 09:30:00",516,12.29,405,1,-0.126,-0.82,-99,-0.073,-99,0.008,-1.923,54.29,48.86
"2024-05-12 10:00:00",517,12.29,405,1,0.846,5.45,-99,2.315,-99,1.059,-2.224,56.6,54.31
"2024-05-12 10:30:00",518,12.29,405,1,-8.22,-34.3,-20.03,-3.037,-1.774,0.141,0.695,56.01,52.78
"2024-05-12 11:00:00",519,12.29,405,1,-99,-99,-99,-99,-99,-99,-99,56.07,57.58
"2024-05-12 11:30:00",520,12.29,405,1,-1.167,-99,-8.07,-99,-0.715,-99,-99,60.43,65.43
"2024-05-12 12:00:00",521,12.29,405,1,2.036,13.12,-99,-2.303,-99,1.716,-99,52.46,50.53
"2024-05-12 12:30:00",522,12.3,405,1,-0.779,-99,-5.39,-99,-0.478,-99,-99,63.99,55.65
"2024-05-12 13:00:00",523,12.3,405,1,-5.285,-34.08,0.01,-3.017,0.001,-99,-99,52.18,51.71
"2024-05-12 13:30:00",524,12.3,405,1,0.421,-99,2.91,-99,0.257,-99,-99,52.69,50.76
"2024-05-12 14:00:00",525,12.3,405,1,-99,-99,-99,-99,-99,0.577,-99,53.21,47.64
"2024-05-12 14:30:00",526,12.3,405,1,1.547,9.97,-99,-99,-99,1.521,-99,54.44,51.42
"2024-05-12 15:00:00",527,12.3,405,1,-4.28,-27.59,-99,-2.443,-99,-99,-99,57.98,50.74
"2024-05-12 15:30:00",528,12.3,405,1,-99,-99,-99,-99,-99,-99,-99,54.16,50.93
"2024-05-12 16:00:00",529,12.3,405,1,-99,-99,-99,-99,-99,-99,-99,55.21,50.88
"2024-05-12 16:30:00",530,12.3,405,1,-99,-99,-99,-99,-99,-99,-99,51.67,50.63
"2024-05-12 17:00:00",531,12.3,405,1,-99,-99,-99,-99,-99,-99,-99,55.07,50.23
"2024-05-12 17:30:00",532,12.3,405,1,-3.977,-99,-27.49,-99,-2.434,-99,-99,53.25,50.39
"2024-05-12 18:00:00",533,12.3,405,1,-0.887,-99,-6.14,-99,-0.545,-99,-99,55.22,51.26
"2024-05-12 18:30:00",534,12.3,405,1,1.848,11.91,-99,-0.863,-99,1.226,-99,53.25,49.49
"2024-05-12 19:00:00",535,12.3,405,1,1.787,11.52,-99,-99,-99,1.044,-99,53.47,49.51
"2024-05-12 19:30:00",536,12.3,405,1,3.604,8.53,15.76,-99,-99,1.387,1.584,55.21,50.73
"2024-05-12 20:00:00",537,12.29,405,1,-99,-99,-99,-99,-99,-99,-99,50.92,48.99
"2024-05-12 20:30:00",538,12.29,405,1,2.062,13.29,-99,-99,-99,1.417,0.233,52.37,47.68
"2024-05-12 21:00:00",539,12.29,405,1,-99,-99,-99,-99,-99,0.715,-2.02,52.55,48.22
"2024-05-12 21:30:00",540,12.29,405,1,-99,-99,-99,-99,-99,0.486,-1.199,52.96,48.99
"2024-05-12 22:00:00",541,12.29,405,1,-5.377,3.37,-40.78,0.298,-3.61,0.275,-1.966,52.72,49.12
"2024-05-12 22:30:00",542,12.28,405,1,2.092,13.48,-99,-99,-99,1.001,-1.103,52.22,48.99
"2024-05-12 23:00:00",543,12.28,405,1,2.587,-99,17.88,-99,-99,0.639,1.939,56.56,49.31
"2024-05-12 23:30:00",544,12.28,405,1,-10.63,-14.08,-58.36,-1.247,-5.166,0.528,-1.89,53,49.26
"2024-05-13 00:00:00",545,12.27,405,1,-5.438,-99,-37.59,-99,-3.328,-0.004,-2.527,49.43,47.87
"2024-05-13 00:30:00",546,12.27,405,1,-0.289,-1.87,-99,-0.166,-99,-99,-99,53.81,49.84
"2024-05-13 01:00:00",547,12.27,405,1,0.093,-3.18,4.05,-0.282,0.358,-99,-99,53.84,49.36
"2024-05-13 01:30:00",548,12.26,405,1,2.533,6.33,10.72,0.56,0.949,-99,-99,52.71,48.23
"2024-05-13 02:00:00",549,12.26,405,1,-3.599,-21.88,-1.42,-1.937,-0.126,-99,-99,54.31,48.52
"2024-05-13 02:30:00",550,12.26,405,1,-3.565,-21.66,-1.42,-1.918,-0.127,-99,-99,54.02,48.08
"2024-05-13 03:00:00",551,12.26,405,1,-3.135,-23.45,3.47,-2.077,0.307,-99,-99,53.59,48.9
"2024-05-13 03:30:00",552,12.26,405,1,-1.587,-3.7,-7.01,-0.328,-0.621,-99,-99,52.98,49.23
"2024-05-13 04:00:00",553,12.25,405,1,-1.576,-8.85,-1.41,-0.784,-0.126,-99,-99,53.4,48.91
"2024-05-13 04:30:00",554,12.25,405,1,-1.593,-3.92,-6.81,-0.348,-0.604,-99,-99,53.35,48.87
"2024-05-13 05:00:00",555,12.25,405,1,-3.301,-19.94,-1.44,-1.766,-0.128,-99,-99,52.58,49.19
"2024-05-13 05:30:00",556,12.25,405,1,-1.562,-3.92,-6.6,-0.348,-0.585,-99,-99,53.89,50.29
"2024-05-13 06:00:00",557,12.25,405,1,-3.168,-19.12,-1.4,-1.693,-0.125,-99,-99,54.37,49.15
"2024-05-13 06:30:00",558,12.24,405,1,-3.12,-13.8,-6.77,-1.223,-0.6,-99,-99,55.41,49.98
"2024-05-13 07:00:00",559,12.24,405,1,-1.527,-4,-6.27,-0.355,-0.556,-99,-99,55.55,50.49
"2024-05-13 07:30:00",560,12.24,405,1,-99,-99,-99,-99,-99,-0.192,-2.44,60.39,50.06
"2024-05-13 08:00:00",561,12.24,405,1,-14.3,-44.01,-51.67,-3.896,-4.574,-0.023,-2.462,57.62,51.11
"2024-05-13 08:30:00",562,12.25,405,1,-9.61,-43.92,-19.33,-3.888,-1.711,-0.033,-2.009,57.3,51.71
"2024-05-13 09:00:00",563,12.25,405,1,-99,-99,-99,-99,-99,-99,-99,55.81,51.85
"2024-05-13 09:30:00",564,12.25,405,1,-2.267,-18.62,4.29,-1.649,0.38,-99,-99,-99,-99
"2024-05-13 10:00:00",565,12.25,405,1,0.432,2.33,0.49,0.206,0.043,-99,-99,63.15,59.03
"2024-05-13 10:30:00",566,12.26,405,1,2.878,12.06,6.96,1.068,0.616,-99,-99,50.86,49.3
"2024-05-13 11:00:00",567,12.26,405,1,-2.78,-99,-19.22,-99,-1.702,-99,-99,57.85,56.29
"2024-05-13 11:30:00",568,12.26,405,1,-1.325,-9.15,0.65,-0.811,0.058,-99,-99,57.45,58.8
"2024-05-13 12:00:00",569,12.27,405,1,-0.164,-99,-1.14,-99,-0.101,-99,-99,52.96,50.46
"2024-05-13 12:30:00",570,12.27,405,1,0.655,3.69,0.57,0.326,0.051,-99,-99,-99,57.54
"2024-05-13 13:00:00",571,12.27,405,1,0.013,-99,0.09,-99,0.008,-99,-99,50.28,52.52
"2024-05-13 13:30:00",572,12.27,405,1,-1.172,-7.56,-99,-0.67,-99,-99,-99,53.94,50.35
"2024-05-13 14:00:00",573,12.27,405,1,0.009,0.06,-99,0.005,-99,-99,-99,54.93,50.82
"2024-05-13 14:30:00",574,12.28,405,1,-3.854,-99,-26.64,-99,-2.359,-99,-99,56.38,51.18
"2024-05-13 15:00:00",575,12.28,405,1,-0.955,-1.72,-4.76,-0.153,-0.423,-99,-99,58.5,51.11
"2024-05-13 15:30:00",576,12.27,405,1,-99,-99,-99,-99,-99,-99,-99,56.51,53.86
"2024-05-13 16:00:00",577,12.28,405,1,-7.98,-51.44,-99,-4.554,-99,-99,-99,53.46,52.05
"2024-05-13 16:30:00",578,12.28,405,1,4.34,6.75,22.76,-0.681,2.014,6.462,-99,56.07,52.11
"2024-05-13 17:00:00",579,12.28,405,1,-99,-99,-99,-99,-99,0.524,-99,54.08,50.33
"2024-05-13 17:30:00",580,12.28,405,1,1.269,8.18,-99,1.726,-99,1.422,-99,55.33,49.39
"2024-05-13 18:00:00",581,12.28,405,1,-1.026,-6.62,-99,-0.587,-99,0.283,-1.527,54.53,49.84
"2024-05-13 18:30:00",582,12.28,405,1,4.861,31.33,-99,2.773,-99,0.165,-1.409,54.36,50.61
"2024-05-13 19:00:00",583,12.28,405,1,-99,-99,-99,-99,-99,-99,-1.781,-99,49.96
"2024-05-13 19:30:00",584,12.28,405,1,-99,-99,-99,-99,-99,-99,-3.064,-99,38.79
"2024-05-13 20:00:00",585,12.28,405,1,-99,-99,-99,-99,-99,-99,-99,-99,-99
"2024-05-13 20:30:00",586,12.27,405,1,-99,-99,-99,-99,-99,-99,-99,-99,-99
"2024-05-13 21:00:00",587,12.26,405,1,-99,-99,-99,-99,-99,-99,-99,-99,-99
"2024-05-13 21:30:00",588,12.26,405,1,-99,-99,-99,-99,-99,-99,-99,-99,-99
"2024-05-13 22:00:00",589,12.26,405,1,-99,-99,-99,-99,-99,-99,-99,-99,-99
"2024-05-13 22:30:00",590,12.25,405,1,-99,-99,-99,-99,-99,-99,-99,-99,-99
"2024-05-13 23:00:00",591,12.24,405,1,-99,-99,-99,-99,-99,-99,-99,-99,-99
"2024-05-13 23:30:00",592,12.25,405,1,-99,-99,-99,-99,-99,-99,-99,-99,-99
"2024-05-14 00:00:00",593,12.24,405,1,-99,-99,-99,-99,-99,-99,-99,-99,-99
"2024-05-14 00:30:00",594,12.24,405,1,-99,-99,-99,-99,-99,-99,-99,-99,-99
"2024-05-14 01:00:00",595,12.23,405,1,-99,-99,-99,-99,-99,-99,-99,-99,-99
"2024-05-14 01:30:00",596,12.23,405,1,-99,-99,-99,-99,-99,-99,-99,-99,-99
"2024-05-14 02:00:00",597,12.23,405,1,-99,-99,-99,-99,-99,-99,-99,-99,-99
"2024-05-14 02:30:00",598,12.23,405,1,-99,-99,-99,-99,-99,-99,-99,-99,-99
"2024-05-14 03:00:00",599,12.23,405,1,-99,-99,-99,-99,-99,-99,-99,-99,-99
"2024-05-14 03:30:00",600,12.23,405,1,-99,-99,-99,-99,-99,-99,-99,-99,-99
"2024-05-14 04:00:00",601,12.23,405,1,-99,-99,-99,-99,-99,-99,-99,-99,-99
"2024-05-14 04:30:00",602,12.23,405,1,-99,-99,-99,-99,-99,-99,-99,-99,-99
"2024-05-14 05:00:00",603,12.22,405,1,-99,-99,-99,-99,-99,-99,-99,-99,-99
"2024-05-14 05:30:00",604,12.22,405,1,-99,-99,-99,-99,-99,-99,-99,-99,-99
"2024-05-14 06:00:00",605,12.22,405,1,-99,-99,-99,-99,-99,-99,-99,-99,-99
"2024-05-14 06:30:00",606,12.22,405,1,-99,-99,-99,-99,-99,-99,-99,-99,-99
"2024-05-14 07:00:00",607,12.22,405,1,-99,-99,-99,-99,-99,-99,-99,-99,-99
"2024-05-14 07:30:00",608,12.22,405,1,-99,-99,-99,-99,-99,-99,-99,-99,-99
"2024-05-14 08:00:00",609,12.22,405,1,-99,-99,-99,-99,-99,-99,-99,-99,-99
"2024-05-14 08:30:00",610,12.22,405,1,-99,-99,-99,-99,-99,-99,-99,-99,-99
"2024-05-14 09:00:00",611,12.23,405,1,-99,-99,-99,-99,-99,-99,-99,-99,-99
"2024-05-14 09:30:00",612,12.22,405,1,-99,-99,-99,-99,-99,-99,-99,-99,-99
"2024-05-14 10:00:00",613,12.23,405,1,-99,-99,-99,-99,-99,-99,-99,-99,-99
"2024-05-14 10:30:00",614,12.24,405,1,-99,-99,-99,-99,-99,-99,-99,-99,42.27
"2024-05-14 11:00:00",615,12.23,405,1,-99,-99,-99,-99,-99,-99,-99,-99,-99
"2024-05-14 11:30:00",616,12.24,405,1,-99,-99,-99,-99,-99,-99,-99,-99,-99
"2024-05-14 12:00:00",617,12.24,405,1,-99,-99,-99,-99,-99,-99,-99,-99,-99
"2024-05-14 12:30:00",618,12.24,405,1,-99,-99,-99,-99,-99,-99,-99,-99,-99
"2024-05-14 13:00:00",619,12.24,405,1,-99,-99,-99,-99,-99,-99,-99,-99,-99
"2024-05-14 13:30:00",620,12.24,405,1,-99,-99,-99,-99,-99,-99,-99,-99,-99
"2024-05-14 14:00:00",621,12.24,405,1,-99,-99,-99,-99,-99,-99,-99,-99,-99
"2024-05-14 14:30:00",622,12.24,405,1,-99,-99,-99,-99,-99,-99,-99,-99,-99
"2024-05-14 15:00:00",623,12.24,405,1,-99,-99,-99,-99,-99,-99,-99,-99,-99
"2024-05-14 15:30:00",624,12.24,405,1,-99,-99,-99,-99,-99,-99,-99,-99,-99
"2024-05-14 16:00:00",625,12.24,405,1,-99,-99,-99,-99,-99,-99,-99,-99,-99
"2024-05-14 16:30:00",626,12.23,405,1,-99,-99,-99,-99,-99,-99,-99,-99,-99
"2024-05-14 17:00:00",627,12.23,405,1,-99,-99,-99,-99,-99,-99,-99,-99,-99
