"TOA5","CR200Series_305","CR200X","No_SN","CR200X.Std.03","Sapflux2sensors1.CR2","63887","Table1"
"TIMESTAMP","RECORD","BattV_Min","id","SDI0","SapFlwTot0","VhOuter0","VhInner0","AlphaOut0","AlphaIn0","BetaOut0","BetaIn0","tMaxTout0","tMaxTin0"
"TS","RN","Volts","","","literPerHo","heatVeloci","heatVeloci","logTRatio","logTRatio","logTRatio","logTRatio","second","second"
"","","Min","Smp","Smp","Smp","Smp","Smp","Smp","Smp","Smp","Smp","Smp","Smp"
"2024-05-15 10:30:00",1301,12.76367,305,0,0.056,0.16,-99,0.01306,-99,0.01218,-99,48.669,-99
"2024-05-15 11:00:00",1302,12.74688,305,0,0.056,0.16,-99,0.01294,-99,0.0097,-99,49.105,-99
"2024-05-15 11:30:00",1303,12.74856,305,0,0.07,0.2,-99,0.01591,-99,0.0049,-99,49.045,-99
"2024-05-15 12:00:00",1304,12.73429,305,0,0.137,0.39,-99,0.03157,-99,0.02702,-99,48.52,-99
"2024-05-15 12:30:00",1305,12.73177,305,0,0.243,0.69,-99,0.05606,-99,0.05218,-99,48.427,-99
"2024-05-15 13:00:00",1306,12.73261,305,0,0.201,0.57,-99,0.04612,-99,0.03762,-99,48.854,-99
"2024-05-15 13:30:00",1307,12.72338,305,0,0.201,0.57,-99,0.0466,-99,0.03909,-99,48.035,-99
"2024-05-15 14:00:00",1308,12.73009,305,0,0.334,0.95,-99,0.07694,-99,0.06979,-99,48.164,-99
"2024-05-15 14:30:00",1309,12.73009,305,0,0.539,1.53,-99,0.12434,-99,0.09573,-99,49.406,-99
"2024-05-15 15:00:00",1310,12.72925,305,0,0.546,1.55,-99,0.12548,-99,0.0981,-99,49.319,-99
"2024-05-15 15:30:00",1311,12.7133,305,0,0.623,1.77,-99,0.14386,-99,0.11864,-99,50.583,-99
"2024-05-15 16:00:00",1312,12.72338,305,0,0.785,2.23,-99,0.18091,-99,0.14884,-99,51.069,-99
"2024-05-15 16:30:00",1313,12.71414,305,0,0.856,2.43,-99,0.19744,-99,0.16022,-99,46.5,-99
"2024-05-15 17:00:00",1314,12.7175,305,0,0.887,2.52,-99,0.20447,-99,0.16602,-99,50.658,-99
"2024-05-15 17:30:00",1315,12.71582,305,0,0.704,2,-99,0.1625,-99,0.13517,-99,49.44,-99
"2024-05-15 18:00:00",1316,12.7175,305,0,0.581,1.65,-99,0.1339,-99,0.11162,-99,49.497,-99
"2024-05-15 18:30:00",1317,12.70994,305,0,0.507,1.44,-99,0.1165,-99,0.09859,-99,48.798,-99
"2024-05-15 19:00:00",1318,12.70994,305,0,0.486,1.38,-99,0.11211,-99,0.09645,-99,49.876,-99
"2024-05-15 19:30:00",1319,12.70659,305,0,0.43,1.22,-99,0.09887,-99,0.08442,-99,49.168,-99
"2024-05-15 20:00:00",1320,12.69148,305,0,0.349,0.99,-99,0.08064,-99,0.0676,-99,49.333,-99
"2024-05-15 20:30:00",1321,12.70239,305,0,0.243,0.69,-99,0.05576,-99,0.0496,-99,48.865,-99
"2024-05-15 21:00:00",1322,12.70155,305,0,0.218,0.62,-99,0.05044,-99,0.04214,-99,49.071,-99
"2024-05-15 21:30:00",1323,12.69651,305,0,0.162,0.46,-99,0.0373,-99,0.03734,-99,48.513,-99
"2024-05-15 22:00:00",1324,12.69232,305,0,0.162,0.46,-99,0.0376,-99,0.03251,-99,49.136,-99
"2024-05-15 22:30:00",1325,12.67888,305,0,0.137,0.39,-99,0.03197,-99,0.0273,-99,49.067,-99
"2024-05-15 23:00:00",1326,12.6898,305,0,0.173,0.49,-99,0.04007,-99,0.03488,-99,48.254,-99
"2024-05-15 23:30:00",1327,12.68812,305,0,0.092,0.26,-99,0.02136,-99,0.02244,-99,47.575,-99
"2024-05-16 00:00:00",1328,12.68308,305,0,0.13,0.37,-99,0.0298,-99,0.02518,-99,47.425,-99
"2024-05-16 00:30:00",1329,12.68056,305,0,0.116,0.33,-99,0.02684,-99,0.0225,-99,48.771,-99
"2024-05-16 01:00:00",1330,12.67301,305,0,0.106,0.3,-99,0.02422,-99,0.0175,-99,48.053,-99
"2024-05-16 01:30:00",1331,12.67804,305,0,0.07,0.2,-99,0.01604,-99,0.01747,-99,47.469,-99
"2024-05-16 02:00:00",1332,12.66629,305,0,0.106,0.3,-99,0.02413,-99,0.01496,-99,48.103,-99
"2024-05-16 02:30:00",1333,12.66126,305,0,0.127,0.36,-99,0.02941,-99,0.02744,-99,49.261,-99
"2024-05-16 03:00:00",1334,12.66126,305,0,0.13,0.37,-99,0.02964,-99,0.02506,-99,48,-99
"2024-05-16 03:30:00",1335,12.6621,305,0,0.092,0.26,-99,0.02148,-99,0.0175,-99,49.484,-99
"2024-05-16 04:00:00",1336,12.66629,305,0,0.106,0.3,-99,0.02408,-99,0.01992,-99,49.299,-99
"2024-05-16 04:30:00",1337,12.6579,305,0,0.092,0.26,-99,0.02148,-99,0.02,-99,48.461,-99
"2024-05-16 05:00:00",1338,12.66461,305,0,0.116,0.33,-99,0.02695,-99,0.02256,-99,48.685,-99
"2024-05-16 05:30:00",1339,12.64783,305,0,0.13,0.37,-99,0.02964,-99,0.02508,-99,48.408,-99
"2024-05-16 06:00:00",1340,12.6621,305,0,0.102,0.29,-99,0.02388,-99,0.0199,-99,49.303,-99
"2024-05-16 06:30:00",1341,12.6621,305,0,0.151,0.43,-99,0.03471,-99,0.02738,-99,48.415,-99
"2024-05-16 07:00:00",1342,12.64783,305,0,0.183,0.52,-99,0.04228,-99,0.03968,-99,49.496,-99
"2024-05-16 07:30:00",1343,12.6495,305,0,0.331,0.94,-99,0.0762,-99,0.05924,-99,50.02,-99
"2024-05-16 08:00:00",1344,12.64195,305,0,0.503,1.43,-99,0.1157,-99,0.10031,-99,53.131,-99
"2024-05-16 08:30:00",1345,12.64699,305,0,0.687,1.95,-99,0.1586,-99,0.13353,-99,48.859,-99
"2024-05-16 09:00:00",1346,12.65622,305,0,0.891,2.53,-99,0.20512,-99,0.17563,-99,50.714,-99
"2024-05-16 09:30:00",1347,12.65622,305,0,0.965,2.74,-99,0.22256,-99,0.18757,-99,51.332,-99
"2024-05-16 10:00:00",1348,12.65706,305,0,1.211,3.44,-99,0.27905,-99,0.23488,-99,51.165,-99
"2024-05-16 10:30:00",1349,12.65622,305,0,1.313,3.73,-99,0.30238,-99,0.26004,-99,52.772,-99
"2024-05-16 11:00:00",1350,12.65622,305,0,1.553,4.41,-99,0.35758,-99,0.31108,-99,51.824,-99
"2024-05-16 11:30:00",1351,12.65622,305,0,1.873,5.32,-99,0.43189,-99,0.37107,-99,53.905,-99
"2024-05-16 12:00:00",1352,12.65454,305,0,1.975,5.61,-99,0.45506,-99,0.37318,-99,52.211,-99
"2024-05-16 12:30:00",1353,12.65034,305,0,2.01,5.71,-99,0.4636,-99,0.38634,-99,49.451,-99
"2024-05-16 13:00:00",1354,12.65622,305,0,1.996,5.67,-99,0.45968,-99,0.38422,-99,51.907,-99
"2024-05-16 13:30:00",1355,12.64111,305,0,1.94,5.51,-99,0.4469,-99,0.36816,-99,51.947,-99
"2024-05-16 14:00:00",1356,12.65286,305,0,1.877,5.33,-99,0.43259,-99,0.35752,-99,54.366,-99
"2024-05-16 14:30:00",1357,12.64111,305,0,1.841,5.23,-99,0.42463,-99,0.36478,-99,52.852,-99
"2024-05-16 15:00:00",1358,12.65622,305,0,1.792,5.09,-99,0.41288,-99,0.3442,-99,51.957,-99
"2024-05-16 15:30:00",1359,12.65286,305,0,1.725,4.9,-99,0.39782,-99,0.33106,-99,52.795,-99
"2024-05-16 16:00:00",1360,12.64111,305,0,1.785,5.07,-99,0.41113,-99,0.34246,-99,51.141,-99
"2024-05-16 16:30:00",1361,12.65286,305,0,1.634,4.64,-99,0.37635,-99,0.31015,-99,51.523,-99
"2024-05-16 17:00:00",1362,12.6495,305,0,1.532,4.35,-99,0.35299,-99,0.28694,-99,49.65,-99
"2024-05-16 17:30:00",1363,12.6495,305,0,1.116,3.17,-99,0.25683,-99,0.20906,-99,50.096,-99
"2024-05-16 18:00:00",1364,12.64615,305,0,0.838,2.38,-99,0.19273,-99,0.16115,-99,48.91,-99
"2024-05-16 18:30:00",1365,12.64195,305,0,0.746,2.12,-99,0.17184,-99,0.14403,-99,49.372,-99
"2024-05-16 19:00:00",1366,12.64111,305,0,0.75,2.13,-99,0.17276,-99,0.14708,-99,49.695,-99
"2024-05-16 19:30:00",1367,12.63691,305,0,0.736,2.09,-99,0.16934,-99,0.13892,-99,48.44,-99
"2024-05-16 20:00:00",1368,12.63607,305,0,0.62,1.76,-99,0.14308,-99,0.12194,-99,48.6,-99
"2024-05-16 20:30:00",1369,12.6302,305,0,0.493,1.4,-99,0.11349,-99,0.0919,-99,48.301,-99
"2024-05-16 21:00:00",1370,12.63104,305,0,0.394,1.12,-99,0.09108,-99,0.07654,-99,48.532,-99
"2024-05-16 21:30:00",1371,12.62516,305,0,0.349,0.99,-99,0.08026,-99,0.0665,-99,48.902,-99
"2024-05-16 22:00:00",1372,12.61341,305,0,0.264,0.75,-99,0.06046,-99,0.05088,-99,47.904,-99
"2024-05-16 22:30:00",1373,12.60753,305,0,0.225,0.64,-99,0.0521,-99,0.04836,-99,48.443,-99
"2024-05-16 23:00:00",1374,12.61593,305,0,0.225,0.64,-99,0.05196,-99,0.0433,-99,47.708,-99
"2024-05-16 23:30:00",1375,12.61425,305,0,0.201,0.57,-99,0.0466,-99,0.04068,-99,48.776,-99
"2024-05-17 00:00:00",1376,12.61509,305,0,0.19,0.54,-99,0.0438,-99,0.03816,-99,48.416,-99
"2024-05-17 00:30:00",1377,12.61257,305,0,0.165,0.47,-99,0.03795,-99,0.03286,-99,49.172,-99
"2024-05-17 01:00:00",1378,12.59662,305,0,0.176,0.5,-99,0.04068,-99,0.03286,-99,48.968,-99
"2024-05-17 01:30:00",1379,12.59662,305,0,0.194,0.55,-99,0.04443,-99,0.0385,-99,46.994,-99
"2024-05-17 02:00:00",1380,12.60837,305,0,0.13,0.37,-99,0.02978,-99,0.0278,-99,49.483,-99
"2024-05-17 02:30:00",1381,12.59578,305,0,0.151,0.43,-99,0.03524,-99,0.02528,-99,48.503,-99
"2024-05-17 03:00:00",1382,12.58906,305,0,0.151,0.43,-99,0.03498,-99,0.03015,-99,48.852,-99
"2024-05-17 03:30:00",1383,12.60417,305,0,0.141,0.4,-99,0.0324,-99,0.03028,-99,48.432,-99
"2024-05-17 04:00:00",1384,12.60082,305,0,0.13,0.37,-99,0.02964,-99,0.03028,-99,47.81,-99
"2024-05-17 04:30:00",1385,12.59998,305,0,0.106,0.3,-99,0.02432,-99,0.02016,-99,48.949,-99
"2024-05-17 05:00:00",1386,12.59914,305,0,0.13,0.37,-99,0.0299,-99,0.0228,-99,48.318,-99
"2024-05-17 05:30:00",1387,12.59746,305,0,0.13,0.37,-99,0.0298,-99,0.02786,-99,48.866,-99
"2024-05-17 06:00:00",1388,12.59578,305,0,0.116,0.33,-99,0.02708,-99,0.02274,-99,48.912,-99
"2024-05-17 06:30:00",1389,12.59158,305,0,0.151,0.43,-99,0.03506,-99,0.03028,-99,48.054,-99
"2024-05-17 07:00:00",1390,12.59242,305,0,0.211,0.6,-99,0.04878,-99,0.04299,-99,49.428,-99
"2024-05-17 07:30:00",1391,12.5941,305,0,0.225,0.64,-99,0.05168,-99,0.04318,-99,49.206,-99
"2024-05-17 08:00:00",1392,12.58067,305,0,0.292,0.83,-99,0.06709,-99,0.05526,-99,48.991,-99
"2024-05-17 08:30:00",1393,12.58906,305,0,0.356,1.01,-99,0.08234,-99,0.06982,-99,50.337,-99
"2024-05-17 09:00:00",1394,12.57731,305,0,0.475,1.35,-99,0.10959,-99,0.09266,-99,49.711,-99
"2024-05-17 09:30:00",1395,12.58739,305,0,0.56,1.59,-99,0.12919,-99,0.10798,-99,50.252,-99
"2024-05-17 10:00:00",1396,12.57815,305,0,0.528,1.5,-99,0.12192,-99,0.10374,-99,50.07,-99
"2024-05-17 10:30:00",1397,12.57479,305,0,0.567,1.61,-99,0.13036,-99,0.11054,-99,51.841,-99
"2024-05-17 11:00:00",1398,12.58235,305,0,0.768,2.18,-99,0.17694,-99,0.15026,-99,50.151,-99
"2024-05-17 11:30:00",1399,12.57395,305,0,0.849,2.41,-99,0.19554,-99,0.16536,-99,50.328,-99
"2024-05-17 12:00:00",1400,12.58319,305,0,0.732,2.08,-99,0.16842,-99,0.14439,-99,49.606,-99
"2024-05-17 12:30:00",1401,12.57228,305,0,0.739,2.1,-99,0.17018,-99,0.14412,-99,49.283,-99
"2024-05-17 13:00:00",1402,12.58319,305,0,0.789,2.24,-99,0.18134,-99,0.15646,-99,50.111,-99
"2024-05-17 13:30:00",1403,12.58571,305,0,0.834,2.37,-99,0.19194,-99,0.15792,-99,50.995,-99
"2024-05-17 14:00:00",1404,12.58235,305,0,0.782,2.22,-99,0.1799,-99,0.15146,-99,51.902,-99
"2024-05-17 14:30:00",1405,12.58067,305,0,0.831,2.36,-99,0.19168,-99,0.16346,-99,50.937,-99
"2024-05-17 15:00:00",1406,12.57983,305,0,0.838,2.38,-99,0.19346,-99,0.1668,-99,51.448,-99
"2024-05-17 15:30:00",1407,12.58067,305,0,0.81,2.3,-99,0.18679,-99,0.15374,-99,48.355,-99
"2024-05-17 16:00:00",1408,12.57899,305,0,0.789,2.24,-99,0.18134,-99,0.14991,-99,50.897,-99
"2024-05-17 16:30:00",1409,12.57815,305,0,0.736,2.09,-99,0.16949,-99,0.14328,-99,49.565,-99
"2024-05-17 17:00:00",1410,12.57479,305,0,0.672,1.91,-99,0.15458,-99,0.13046,-99,49.665,-99
"2024-05-17 17:30:00",1411,12.57395,305,0,0.584,1.66,-99,0.13462,-99,0.10938,-99,48.523,-99
"2024-05-17 18:00:00",1412,12.57479,305,0,0.5,1.42,-99,0.11548,-99,0.09969,-99,50.023,-99
"2024-05-17 18:30:00",1413,12.57228,305,0,0.444,1.26,-99,0.10212,-99,0.08454,-99,47.955,-99
"2024-05-17 19:00:00",1414,12.56052,305,0,0.37,1.05,-99,0.08486,-99,0.07124,-99,49.259,-99
"2024-05-17 19:30:00",1415,12.56724,305,0,0.285,0.81,-99,0.06556,-99,0.05599,-99,49.099,-99
"2024-05-17 20:00:00",1416,12.55633,305,0,0.25,0.71,-99,0.0579,-99,0.04866,-99,48.535,-99
"2024-05-17 20:30:00",1417,12.55549,305,0,0.229,0.65,-99,0.05252,-99,0.04366,-99,48.035,-99
"2024-05-17 21:00:00",1418,12.55968,305,0,0.176,0.5,-99,0.04094,-99,0.0356,-99,48.031,-99
"2024-05-17 21:30:00",1419,12.55045,305,0,0.165,0.47,-99,0.03846,-99,0.03578,-99,48.229,-99
"2024-05-17 22:00:00",1420,12.56136,305,0,0.13,0.37,-99,0.03022,-99,0.02552,-99,48.754,-99
"2024-05-17 22:30:00",1421,12.55884,305,0,0.155,0.44,-99,0.03564,-99,0.02805,-99,48.371,-99
"2024-05-17 23:00:00",1422,12.54541,305,0,0.13,0.37,-99,0.03022,-99,0.0256,-99,48.089,-99
"2024-05-17 23:30:00",1423,12.54793,305,0,0.12,0.34,-99,0.02756,-99,0.02051,-99,48.922,-99
"2024-05-18 00:00:00",1424,12.5387,305,0,0.12,0.34,-99,0.02768,-99,0.02316,-99,47.937,-99
"2024-05-18 00:30:00",1425,12.54541,305,0,0.12,0.34,-99,0.02756,-99,0.0231,-99,47.571,-99
"2024-05-18 01:00:00",1426,12.53534,305,0,0.109,0.31,-99,0.0248,-99,0.01798,-99,48.664,-99
"2024-05-18 01:30:00",1427,12.5387,305,0,0.084,0.24,-99,0.01916,-99,0.01534,-99,47.888,-99
"2024-05-18 02:00:00",1428,12.53114,305,0,0.12,0.34,-99,0.02744,-99,0.01787,-99,49.02,-99
"2024-05-18 02:30:00",1429,12.54122,305,0,0.07,0.2,-99,0.01632,-99,0.01524,-99,48.157,-99
"2024-05-18 03:00:00",1430,12.54122,305,0,0.095,0.27,-99,0.02166,-99,0.02028,-99,48.653,-99
"2024-05-18 03:30:00",1431,12.5387,305,0,0.095,0.27,-99,0.02184,-99,0.02039,-99,48.943,-99
"2024-05-18 04:00:00",1432,12.52359,305,0,0.095,0.27,-99,0.0219,-99,0.02047,-99,48.633,-99
"2024-05-18 04:30:00",1433,12.54038,305,0,0.084,0.24,-99,0.01914,-99,0.02039,-99,48.158,-99
"2024-05-18 05:00:00",1434,12.53702,305,0,0.12,0.34,-99,0.0273,-99,0.02292,-99,47.592,-99
"2024-05-18 05:30:00",1435,12.53702,305,0,0.084,0.24,-99,0.01916,-99,0.02304,-99,48.09,-99
"2024-05-18 06:00:00",1436,12.53534,305,0,0.095,0.27,-99,0.02196,-99,0.0231,-99,48.511,-99
"2024-05-18 06:30:00",1437,12.53702,305,0,0.07,0.2,-99,0.01639,-99,0.01534,-99,48.617,-99
"2024-05-18 07:00:00",1438,12.52023,305,0,0.07,0.2,-99,0.01661,-99,0.0129,-99,47.789,-99
"2024-05-18 07:30:00",1439,12.52779,305,0,0.046,0.13,-99,0.01091,-99,0.01279,-99,48.706,-99
"2024-05-18 08:00:00",1440,12.52862,305,0,0.035,0.1,-99,0.00822,-99,0.00512,-99,48.935,-99
"2024-05-18 08:30:00",1441,12.53366,305,0,0.025,0.07,-99,0.00548,-99,0.00512,-99,46.875,-99
"2024-05-18 09:00:00",1442,12.51435,305,0,0.035,0.1,-99,0.00822,-99,0.00512,-99,47.846,-99
"2024-05-18 09:30:00",1443,12.52191,305,0,0,0,-99,0,-99,0.00256,-99,47.793,-99
"2024-05-18 10:00:00",1444,12.52359,305,0,0.025,0.07,-99,0.00544,-99,0.00512,-99,47.701,-99
"2024-05-18 10:30:00",1445,12.51603,305,0,0.025,0.07,-99,0.00548,-99,0.01029,-99,48.059,-99
"2024-05-18 11:00:00",1446,12.52695,305,0,0.011,0.03,-99,0.00272,-99,0.00512,-99,48.415,-99
"2024-05-18 11:30:00",1447,12.52191,305,0,0,0,-99,0,-99,0.00262,-99,48.197,-99
"2024-05-18 12:00:00",1448,12.52107,305,0,0.011,0.03,-99,0.00272,-99,0.00512,-99,47.371,-99
"2024-05-18 12:30:00",1449,12.5068,305,0,0.011,0.03,-99,0.00274,-99,0.00512,-99,49.267,-99
"2024-05-18 13:00:00",1450,12.50344,305,0,0.06,0.17,-99,0.01404,-99,0.01043,-99,46.734,-99
"2024-05-18 13:30:00",1451,12.50764,305,0,0.109,0.31,-99,0.02492,-99,0.02064,-99,47.52,-99
"2024-05-18 14:00:00",1452,12.51771,305,0,0.12,0.34,-99,0.02744,-99,0.02304,-99,50.3,-99
"2024-05-18 14:30:00",1453,12.51687,305,0,0.141,0.4,-99,0.03251,-99,0.0254,-99,49.241,-99
"2024-05-18 15:00:00",1454,12.51687,305,0,0.165,0.47,-99,0.03834,-99,0.03596,-99,48.825,-99
"2024-05-18 15:30:00",1455,12.51603,305,0,0.165,0.47,-99,0.03821,-99,0.03069,-99,48.471,-99
"2024-05-18 16:00:00",1456,12.50092,305,0,0.06,0.17,-99,0.01356,-99,0.01271,-99,48.67,-99
"2024-05-18 16:30:00",1457,12.50848,305,0,0.06,0.17,-99,0.01392,-99,0.01555,-99,47.686,-99
"2024-05-18 17:00:00",1458,12.49841,305,0,0.06,0.17,-99,0.01354,-99,0.01017,-99,49.198,-99
"2024-05-18 17:30:00",1459,12.51016,305,0,0.106,0.3,-99,0.02469,-99,0.02051,-99,48.624,-99
"2024-05-18 18:00:00",1460,12.49757,305,0,0.095,0.27,-99,0.02196,-99,0.02051,-99,48.249,-99
"2024-05-18 18:30:00",1461,12.51016,305,0,0.144,0.41,-99,0.03312,-99,0.02572,-99,48.12,-99
"2024-05-18 19:00:00",1462,12.50596,305,0,0.158,0.45,-99,0.03614,-99,0.02322,-99,48.344,-99
"2024-05-18 19:30:00",1463,12.50344,305,0,0.144,0.41,-99,0.03321,-99,0.02583,-99,48.584,-99
"2024-05-18 20:00:00",1464,12.49421,305,0,0.144,0.41,-99,0.0333,-99,0.02846,-99,49.073,-99
"2024-05-18 20:30:00",1465,12.50512,305,0,0.12,0.34,-99,0.02777,-99,0.02064,-99,48.532,-99
"2024-05-18 21:00:00",1466,12.50512,305,0,0.109,0.31,-99,0.0248,-99,0.02062,-99,47.794,-99
"2024-05-18 21:30:00",1467,12.49001,305,0,0.12,0.34,-99,0.02756,-99,0.02322,-99,48.368,-99
"2024-05-18 22:00:00",1468,12.49924,305,0,0.095,0.27,-99,0.02208,-99,0.01804,-99,49.03,-99
"2024-05-18 22:30:00",1469,12.48917,305,0,0.084,0.24,-99,0.0193,-99,0.01283,-99,48.148,-99
"2024-05-18 23:00:00",1470,12.49841,305,0,0.07,0.2,-99,0.01644,-99,0.01026,-99,49.144,-99
"2024-05-18 23:30:00",1471,12.47994,305,0,0.07,0.2,-99,0.01644,-99,0.0154,-99,48.839,-99
"2024-05-19 00:00:00",1472,12.48246,305,0,0.06,0.17,-99,0.01384,-99,0.00776,-99,48.206,-99
"2024-05-19 00:30:00",1473,12.49505,305,0,0.07,0.2,-99,0.01661,-99,0.0181,-99,48.747,-99
"2024-05-19 01:00:00",1474,12.47994,305,0,0.06,0.17,-99,0.01379,-99,0.01548,-99,49.582,-99
"2024-05-19 01:30:00",1475,12.47994,305,0,0.07,0.2,-99,0.01654,-99,0.01029,-99,48.644,-99
"2024-05-19 02:00:00",1476,12.49001,305,0,0.06,0.17,-99,0.01374,-99,0.01284,-99,48.48,-99
"2024-05-19 02:30:00",1477,12.49001,305,0,0.06,0.17,-99,0.01368,-99,0.0154,-99,49.81,-99
"2024-05-19 03:00:00",1478,12.47742,305,0,0.049,0.14,-99,0.01104,-99,0.00774,-99,49.004,-99
"2024-05-19 03:30:00",1479,12.47406,305,0,0.049,0.14,-99,0.01103,-99,0.00512,-99,49.685,-99
"2024-05-19 04:00:00",1480,12.48665,305,0,0.049,0.14,-99,0.01103,-99,0.0129,-99,49.253,-99
"2024-05-19 04:30:00",1481,12.48665,305,0,0.035,0.1,-99,0.00824,-99,0.00512,-99,48.064,-99
"2024-05-19 05:00:00",1482,12.4833,305,0,0.035,0.1,-99,0.00824,-99,0.00774,-99,49.152,-99
"2024-05-19 05:30:00",1483,12.4833,305,0,0.025,0.07,-99,0.00548,-99,0.00512,-99,48.94,-99
"2024-05-19 06:00:00",1484,12.47322,305,0,0.025,0.07,-99,0.00548,-99,0.00774,-99,48.267,-99
"2024-05-19 06:30:00",1485,12.4833,305,0,0.011,0.03,-99,0.00274,-99,0.00512,-99,49.301,-99
"2024-05-19 07:00:00",1486,12.46986,305,0,0.049,0.14,-99,0.01098,-99,0.01029,-99,49.27,-99
"2024-05-19 07:30:00",1487,12.47658,305,0,0.07,0.2,-99,0.01644,-99,0.01284,-99,49.259,-99
"2024-05-19 08:00:00",1488,12.47826,305,0,0.116,0.33,-99,0.02714,-99,0.02298,-99,49.389,-99
"2024-05-19 08:30:00",1489,12.46819,305,0,0.201,0.57,-99,0.04602,-99,0.03816,-99,49.396,-99
"2024-05-19 09:00:00",1490,12.46567,305,0,0.317,0.9,-99,0.07328,-99,0.06387,-99,50.007,-99
"2024-05-19 09:30:00",1491,12.47658,305,0,0.461,1.31,-99,0.1065,-99,0.08966,-99,50.955,-99
"2024-05-19 10:00:00",1492,12.47658,305,0,0.567,1.61,-99,0.13025,-99,0.10963,-99,50.426,-99
"2024-05-19 10:30:00",1493,12.46651,305,0,0.68,1.93,-99,0.15618,-99,0.13019,-99,51.516,-99
"2024-05-19 11:00:00",1494,12.47994,305,0,0.817,2.32,-99,0.18841,-99,0.15773,-99,51.334,-99
"2024-05-19 11:30:00",1495,12.47322,305,0,0.849,2.41,-99,0.19521,-99,0.15962,-99,51.189,-99
"2024-05-19 12:00:00",1496,12.46315,305,0,0.775,2.2,-99,0.17878,-99,0.15136,-99,50.674,-99
"2024-05-19 12:30:00",1497,12.46651,305,0,0.841,2.39,-99,0.1938,-99,0.16642,-99,51.308,-99
"2024-05-19 13:00:00",1498,12.47826,305,0,0.996,2.83,-99,0.22974,-99,0.19335,-99,50.467,-99
"2024-05-19 13:30:00",1499,12.46315,305,0,1.028,2.92,-99,0.23686,-99,0.20169,-99,50.697,-99
"2024-05-19 14:00:00",1500,12.4749,305,0,1.028,2.92,-99,0.23716,-99,0.20374,-99,51.959,-99
"2024-05-19 14:30:00",1501,12.45895,305,0,1.12,3.18,-99,0.25838,-99,0.22312,-99,52.58,-99
"2024-05-19 15:00:00",1502,12.47994,305,0,1.176,3.34,-99,0.2713,-99,0.22607,-99,49.817,-99
"2024-05-19 15:30:00",1503,12.46567,305,0,1.215,3.45,-99,0.27958,-99,0.23468,-99,50.57,-99
"2024-05-19 16:00:00",1504,12.47658,305,0,1.084,3.08,-99,0.24988,-99,0.21156,-99,50.342,-99
"2024-05-19 16:30:00",1505,12.47238,305,0,1.007,2.86,-99,0.2318,-99,0.1955,-99,50.372,-99
"2024-05-19 17:00:00",1506,12.47658,305,0,1.021,2.9,-99,0.23523,-99,0.1957,-99,50.616,-99
"2024-05-19 17:30:00",1507,12.46483,305,0,0.951,2.7,-99,0.21872,-99,0.17616,-99,49.897,-99
"2024-05-19 18:00:00",1508,12.4707,305,0,0.845,2.4,-99,0.19506,-99,0.16337,-99,51.687,-99
"2024-05-19 18:30:00",1509,12.46483,305,0,0.753,2.14,-99,0.1736,-99,0.14568,-99,48.737,-99
"2024-05-19 19:00:00",1510,12.46651,305,0,0.694,1.97,-99,0.16022,-99,0.13036,-99,48.777,-99
"2024-05-19 19:30:00",1511,12.46399,305,0,0.57,1.62,-99,0.13164,-99,0.10916,-99,50.234,-99
"2024-05-19 20:00:00",1512,12.46483,305,0,0.44,1.25,-99,0.10122,-99,0.08064,-99,48.219,-99
"2024-05-19 20:30:00",1513,12.44804,305,0,0.331,0.94,-99,0.07594,-99,0.06538,-99,48.36,-99
"2024-05-19 21:00:00",1514,12.45559,305,0,0.253,0.72,-99,0.05826,-99,0.04913,-99,48.451,-99
"2024-05-19 21:30:00",1515,12.44384,305,0,0.215,0.61,-99,0.04985,-99,0.04145,-99,48.682,-99
"2024-05-19 22:00:00",1516,12.44048,305,0,0.169,0.48,-99,0.0393,-99,0.03396,-99,48.304,-99
"2024-05-19 22:30:00",1517,12.43629,305,0,0.173,0.49,-99,0.03954,-99,0.03405,-99,48.287,-99
"2024-05-19 23:00:00",1518,12.45056,305,0,0.123,0.35,-99,0.02816,-99,0.02619,-99,48.082,-99
"2024-05-19 23:30:00",1519,12.44972,305,0,0.148,0.42,-99,0.03378,-99,0.02872,-99,48.464,-99
"2024-05-20 00:00:00",1520,12.43461,305,0,0.109,0.31,-99,0.02528,-99,0.02094,-99,47.385,-99
"2024-05-20 00:30:00",1521,12.44636,305,0,0.123,0.35,-99,0.02816,-99,0.02358,-99,47.438,-99
"2024-05-20 01:00:00",1522,12.42873,305,0,0.099,0.28,-99,0.02244,-99,0.0183,-99,47.738,-99
"2024-05-20 01:30:00",1523,12.44468,305,0,0.084,0.24,-99,0.01962,-99,0.0183,-99,48.263,-99
"2024-05-20 02:00:00",1524,12.44132,305,0,0.074,0.21,-99,0.01672,-99,0.01305,-99,49.03,-99
"2024-05-20 02:30:00",1525,12.42789,305,0,0.07,0.2,-99,0.01661,-99,0.01032,-99,48.962,-99
"2024-05-20 03:00:00",1526,12.43629,305,0,0.049,0.14,-99,0.01104,-99,0.01555,-99,49.023,-99
"2024-05-20 03:30:00",1527,12.43629,305,0,0.074,0.21,-99,0.01666,-99,0.01822,-99,48.872,-99
"2024-05-20 04:00:00",1528,12.43713,305,0,0.074,0.21,-99,0.01692,-99,0.01572,-99,47.711,-99
"2024-05-20 04:30:00",1529,12.43629,305,0,0.084,0.24,-99,0.01944,-99,0.01822,-99,49.533,-99
"2024-05-20 05:00:00",1530,12.43545,305,0,0.06,0.17,-99,0.0139,-99,0.01038,-99,49.713,-99
"2024-05-20 05:30:00",1531,12.43293,305,0,0.074,0.21,-99,0.01666,-99,0.0156,-99,48.64,-99
"2024-05-20 06:00:00",1532,12.43293,305,0,0.084,0.24,-99,0.01954,-99,0.01822,-99,48.47,-99
"2024-05-20 06:30:00",1533,12.42202,305,0,0.099,0.28,-99,0.02232,-99,0.02084,-99,47.714,-99
"2024-05-20 07:00:00",1534,12.43293,305,0,0.144,0.41,-99,0.03312,-99,0.02846,-99,48.57,-99
"2024-05-20 07:30:00",1535,12.43125,305,0,0.225,0.64,-99,0.05226,-99,0.04396,-99,49.883,-99
"2024-05-20 08:00:00",1536,12.41866,305,0,0.296,0.84,-99,0.0684,-99,0.06434,-99,50.174,-99
"2024-05-20 08:30:00",1537,12.42873,305,0,0.387,1.1,-99,0.08933,-99,0.07654,-99,50.175,-99
"2024-05-20 09:00:00",1538,12.42621,305,0,0.493,1.4,-99,0.11363,-99,0.09946,-99,51.513,-99
"2024-05-20 09:30:00",1539,12.4111,305,0,0.549,1.56,-99,0.1269,-99,0.1086,-99,50.334,-99
"2024-05-20 10:00:00",1540,12.42789,305,0,0.616,1.75,-99,0.14188,-99,0.12048,-99,50.32,-99
"2024-05-20 10:30:00",1541,12.41614,305,0,0.637,1.81,-99,0.14658,-99,0.12262,-99,49.651,-99
"2024-05-20 11:00:00",1542,12.42957,305,0,0.76,2.16,-99,0.17524,-99,0.1549,-99,52.953,-99
"2024-05-20 11:30:00",1543,12.42873,305,0,1.028,2.92,-99,0.23652,-99,0.2032,-99,50.804,-99
"2024-05-20 12:00:00",1544,12.42118,305,0,1.144,3.25,-99,0.26397,-99,0.22868,-99,52.609,-99
"2024-05-20 12:30:00",1545,12.42957,305,0,1.384,3.93,-99,0.31844,-99,0.2793,-99,55.757,-99
"2024-05-20 13:00:00",1546,12.42621,305,0,1.496,4.25,-99,0.3447,-99,0.28237,-99,49.391,-99
"2024-05-20 13:30:00",1547,12.43293,305,0,1.348,3.83,-99,0.31076,-99,0.26324,-99,51.377,-99
"2024-05-20 14:00:00",1548,12.43461,305,0,1.264,3.59,-99,0.29165,-99,0.24323,-99,50.996,-99
"2024-05-20 14:30:00",1549,12.42202,305,0,1.334,3.79,-99,0.30736,-99,0.26188,-99,52.366,-99
"2024-05-20 15:00:00",1550,12.43377,305,0,1.454,4.13,-99,0.335,-99,0.27789,-99,51.509,-99
"2024-05-20 15:30:00",1551,12.43545,305,0,1.387,3.94,-99,0.31966,-99,0.26806,-99,50.176,-99
"2024-05-20 16:00:00",1552,12.43545,305,0,1.387,3.94,-99,0.31994,-99,0.27121,-99,50.672,-99
"2024-05-20 16:30:00",1553,12.43629,305,0,1.341,3.81,-99,0.30886,-99,0.2628,-99,50.181,-99
"2024-05-20 17:00:00",1554,12.42286,305,0,1.359,3.86,-99,0.31276,-99,0.2585,-99,51.213,-99
"2024-05-20 17:30:00",1555,12.4195,305,0,1.084,3.08,-99,0.24955,-99,0.21035,-99,50.398,-99
"2024-05-20 18:00:00",1556,12.41782,305,0,0.937,2.66,-99,0.21548,-99,0.178,-99,49.581,-99
"2024-05-20 18:30:00",1557,12.42621,305,0,0.834,2.37,-99,0.1923,-99,0.15576,-99,49.416,-99
"2024-05-20 19:00:00",1558,12.42621,305,0,0.701,1.99,-99,0.16158,-99,0.13106,-99,49.853,-99
"2024-05-20 19:30:00",1559,12.42621,305,0,0.556,1.58,-99,0.12816,-99,0.10814,-99,49.241,-99
"2024-05-20 20:00:00",1560,12.42286,305,0,0.408,1.16,-99,0.09449,-99,0.07959,-99,48.16,-99
"2024-05-20 20:30:00",1561,12.40775,305,0,0.334,0.95,-99,0.07706,-99,0.0633,-99,49.055,-99
"2024-05-20 21:00:00",1562,12.39935,305,0,0.261,0.74,-99,0.05989,-99,0.0503,-99,47.667,-99
"2024-05-20 21:30:00",1563,12.40103,305,0,0.211,0.6,-99,0.04836,-99,0.04221,-99,48.113,-99
"2024-05-20 22:00:00",1564,12.4111,305,0,0.099,0.28,-99,0.0225,-99,0.01044,-99,48.277,-99
"2024-05-20 22:30:00",1565,12.40607,305,0,0.169,0.48,-99,0.0393,-99,0.0261,-99,48.171,-99
"2024-05-20 23:00:00",1566,12.40607,305,0,0.148,0.42,-99,0.03378,-99,0.02889,-99,47.909,-99
"2024-05-20 23:30:00",1567,12.39012,305,0,0.035,0.1,-99,0.00836,-99,0,-99,48.372,-99
"2024-05-21 00:00:00",1568,12.40271,305,0,0.084,0.24,-99,0.01962,-99,0.01565,-99,48.211,-99
"2024-05-21 00:30:00",1569,12.38928,305,0,0.123,0.35,-99,0.02822,-99,0.02096,-99,48.109,-99
"2024-05-21 01:00:00",1570,12.39851,305,0,0.123,0.35,-99,0.02816,-99,0.01572,-99,48.628,-99
"2024-05-21 01:30:00",1571,12.38592,305,0,0.06,0.17,-99,0.0141,-99,0.01846,-99,47.59,-99
"2024-05-21 02:00:00",1572,12.39767,305,0,0.084,0.24,-99,0.01977,-99,0.0105,-99,47.854,-99
"2024-05-21 02:30:00",1573,12.39431,305,0,0.06,0.17,-99,0.01397,-99,0.0157,-99,48.951,-99
"2024-05-21 03:00:00",1574,12.39096,305,0,0.049,0.14,-99,0.01122,-99,0.01051,-99,48.009,-99
"2024-05-21 03:30:00",1575,12.38508,305,0,0.113,0.32,-99,0.02574,-99,0.0132,-99,48.842,-99
"2024-05-21 04:00:00",1576,12.38256,305,0,0.074,0.21,-99,0.01701,-99,0.01584,-99,49.139,-99
"2024-05-21 04:30:00",1577,12.37753,305,0,0.035,0.1,-99,0.00849,-99,0.01584,-99,48.266,-99
"2024-05-21 05:00:00",1578,12.39347,305,0,0.074,0.21,-99,0.01676,-99,0.01308,-99,48.571,-99
"2024-05-21 05:30:00",1579,12.38928,305,0,0.06,0.17,-99,0.0141,-99,0.00788,-99,49.195,-99
"2024-05-21 06:00:00",1580,12.3834,305,0,0.06,0.17,-99,0.01414,-99,0.01316,-99,48.303,-99
"2024-05-21 06:30:00",1581,12.3876,305,0,0.063,0.18,-99,0.01422,-99,0.01056,-99,47.464,-99
"2024-05-21 07:00:00",1582,12.3876,305,0,0.035,0.1,-99,0.00836,-99,0.00262,-99,47.577,-99
"2024-05-21 07:30:00",1583,12.37249,305,0,0.025,0.07,-99,0.00548,-99,0.00518,-99,48.715,-99
"2024-05-21 08:00:00",1584,12.38424,305,0,0.053,0.15,-99,0.01243,-99,0.01182,-99,51.05,-99
"2024-05-21 08:30:00",1585,12.3876,305,0,0.32,0.91,-99,0.0737,-99,0.05124,-99,49.575,-99
"2024-05-21 09:00:00",1586,12.36913,305,0,0.676,1.92,-99,0.15581,-99,0.1339,-99,51.248,-99
"2024-05-21 09:30:00",1587,12.37417,305,0,0.979,2.78,-99,0.22582,-99,0.20228,-99,58.757,-99
"2024-05-21 10:00:00",1588,12.38424,305,0,1.158,3.29,-99,0.26706,-99,0.21345,-99,49.598,-99
"2024-05-21 10:30:00",1589,12.37249,305,0,1.26,3.58,-99,0.29006,-99,0.24837,-99,51.623,-99
"2024-05-21 11:00:00",1590,12.37753,305,0,1.296,3.68,-99,0.29837,-99,0.26238,-99,52.342,-99
"2024-05-21 11:30:00",1591,12.38844,305,0,1.415,4.02,-99,0.32594,-99,0.29195,-99,53.885,-99
"2024-05-21 12:00:00",1592,12.3918,305,0,1.605,4.56,-99,0.36978,-99,0.30569,-99,51.448,-99
"2024-05-21 12:30:00",1593,12.39264,305,0,1.567,4.45,-99,0.36069,-99,0.31184,-99,54.74,-99
"2024-05-21 13:00:00",1594,12.38928,305,0,1.584,4.5,-99,0.365,-99,0.30144,-99,49.993,-99
"2024-05-21 13:30:00",1595,12.39347,305,0,1.697,4.82,-99,0.39074,-99,0.33298,-99,52.829,-99
"2024-05-21 14:00:00",1596,12.37753,305,0,1.598,4.54,-99,0.36872,-99,0.30792,-99,52.536,-99
"2024-05-21 14:30:00",1597,12.39347,305,0,1.567,4.45,-99,0.36128,-99,0.30634,-99,52.282,-99
"2024-05-21 15:00:00",1598,12.39347,305,0,1.718,4.88,-99,0.3962,-99,0.32984,-99,51.955,-99
"2024-05-21 15:30:00",1599,12.38088,305,0,1.595,4.53,-99,0.3677,-99,0.30634,-99,51.796,-99
"2024-05-21 16:00:00",1600,12.38256,305,0,1.493,4.24,-99,0.34412,-99,0.28689,-99,50.977,-99
"2024-05-21 16:30:00",1601,12.39096,305,0,1.398,3.97,-99,0.32172,-99,0.26736,-99,51.246,-99
"2024-05-21 17:00:00",1602,12.39264,305,0,1.32,3.75,-99,0.30398,-99,0.24998,-99,51.184,-99
"2024-05-21 17:30:00",1603,12.38172,305,0,1.194,3.39,-99,0.27534,-99,0.23078,-99,51.387,-99
"2024-05-21 18:00:00",1604,12.37333,305,0,1.158,3.29,-99,0.26688,-99,0.21785,-99,50.367,-99
"2024-05-21 18:30:00",1605,12.38256,305,0,1.003,2.85,-99,0.23146,-99,0.19006,-99,48.912,-99
"2024-05-21 19:00:00",1606,12.36829,305,0,0.901,2.56,-99,0.2076,-99,0.17261,-99,49.913,-99
"2024-05-21 19:30:00",1607,12.3834,305,0,0.722,2.05,-99,0.16658,-99,0.1406,-99,49.861,-99
"2024-05-21 20:00:00",1608,12.37921,305,0,0.539,1.53,-99,0.1239,-99,0.09273,-99,48.17,-99
"2024-05-21 20:30:00",1609,12.37585,305,0,0.401,1.14,-99,0.09227,-99,0.06092,-99,48.692,-99
"2024-05-21 21:00:00",1610,12.37585,305,0,0.275,0.78,-99,0.063,-99,0.05044,-99,48.486,-99
"2024-05-21 21:30:00",1611,12.37081,305,0,0.236,0.67,-99,0.05436,-99,0.0424,-99,47.938,-99
"2024-05-21 22:00:00",1612,12.37081,305,0,0.187,0.53,-99,0.0429,-99,0.02908,-99,48.442,-99
"2024-05-21 22:30:00",1613,12.36577,305,0,0.187,0.53,-99,0.0429,-99,0.03993,-99,47.922,-99
"2024-05-21 23:00:00",1614,12.35318,305,0,0.148,0.42,-99,0.03419,-99,0.02648,-99,48.754,-99
"2024-05-21 23:30:00",1615,12.36158,305,0,0.134,0.38,-99,0.03109,-99,0.02105,-99,49.31,-99
"2024-05-22 00:00:00",1616,12.34731,305,0,0.137,0.39,-99,0.03161,-99,0.0213,-99,47.555,-99
"2024-05-22 00:30:00",1617,12.35906,305,0,0.099,0.28,-99,0.02256,-99,0.01313,-99,47.759,-99
"2024-05-22 01:00:00",1618,12.36074,305,0,0.173,0.49,-99,0.03999,-99,0.02923,-99,48.079,-99
"2024-05-22 01:30:00",1619,12.34731,305,0,0.123,0.35,-99,0.02852,-99,0.02124,-99,47.745,-99
"2024-05-22 02:00:00",1620,12.3557,305,0,0.099,0.28,-99,0.02304,-99,0.01871,-99,47.37,-99
"2024-05-22 02:30:00",1621,12.34059,305,0,0.113,0.32,-99,0.02556,-99,0.02656,-99,48.248,-99
"2024-05-22 03:00:00",1622,12.35234,305,0,0.074,0.21,-99,0.01704,-99,0.01591,-99,48.021,-99
"2024-05-22 03:30:00",1623,12.33723,305,0,0.074,0.21,-99,0.01701,-99,0.01591,-99,48.808,-99
"2024-05-22 04:00:00",1624,12.34479,305,0,0.137,0.39,-99,0.03136,-99,0.01584,-99,47.734,-99
"2024-05-22 04:30:00",1625,12.34898,305,0,0.099,0.28,-99,0.02275,-99,0.01591,-99,48.614,-99
"2024-05-22 05:00:00",1626,12.35066,305,0,0.137,0.39,-99,0.03161,-99,0.02136,-99,48.774,-99
"2024-05-22 05:30:00",1627,12.34898,305,0,0.099,0.28,-99,0.02298,-99,0.01596,-99,48.818,-99
"2024-05-22 06:00:00",1628,12.34563,305,0,0.113,0.32,-99,0.02586,-99,0.01332,-99,48.158,-99
"2024-05-22 06:30:00",1629,12.34563,305,0,0.063,0.18,-99,0.01422,-99,0.01328,-99,47.611,-99
"2024-05-22 07:00:00",1630,12.32968,305,0,0.074,0.21,-99,0.0168,-99,0.01577,-99,48.871,-99
"2024-05-22 07:30:00",1631,12.33891,305,0,0.222,0.63,-99,0.05114,-99,0.04088,-99,51.411,-99
"2024-05-22 08:00:00",1632,12.33052,305,0,0.408,1.16,-99,0.09409,-99,0.08234,-99,51.841,-99
"2024-05-22 08:30:00",1633,12.33555,305,0,0.841,2.39,-99,0.19398,-99,0.15534,-99,50.931,-99
"2024-05-22 09:00:00",1634,12.34227,305,0,1.317,3.74,-99,0.30352,-99,0.25719,-99,52.184,-99
"2024-05-22 09:30:00",1635,12.33387,305,0,1.679,4.77,-99,0.38674,-99,0.34183,-99,55.377,-99
"2024-05-22 10:00:00",1636,12.34731,305,0,1.87,5.31,-99,0.43114,-99,0.35951,-99,51.74,-99
"2024-05-22 10:30:00",1637,12.34311,305,0,1.915,5.44,-99,0.44156,-99,0.38378,-99,54.36,-99
"2024-05-22 11:00:00",1638,12.3515,305,0,2.13,6.05,-99,0.49118,-99,0.42664,-99,53.693,-99
"2024-05-22 11:30:00",1639,12.33555,305,0,2.003,5.69,-99,0.46168,-99,0.39192,-99,51.885,-99
"2024-05-22 12:00:00",1640,12.35654,305,0,2.074,5.89,-99,0.47782,-99,0.38396,-99,51.663,-99
"2024-05-22 12:30:00",1641,12.3557,305,0,1.866,5.3,-99,0.43029,-99,0.37206,-99,53.816,-99
"2024-05-22 13:00:00",1642,12.34479,305,0,1.961,5.57,-99,0.45196,-99,0.35794,-99,52.696,-99
"2024-05-22 13:30:00",1643,12.3557,305,0,1.873,5.32,-99,0.4318,-99,0.34254,-99,51.894,-99
"2024-05-22 14:00:00",1644,12.3557,305,0,1.936,5.5,-99,0.44586,-99,0.36938,-99,51.376,-99
"2024-05-22 14:30:00",1645,12.35738,305,0,1.951,5.54,-99,0.44938,-99,0.37664,-99,50.906,-99
"2024-05-22 15:00:00",1646,12.3599,305,0,1.87,5.31,-99,0.43076,-99,0.37032,-99,53.295,-99
"2024-05-22 15:30:00",1647,12.35822,305,0,1.796,5.1,-99,0.41367,-99,0.34092,-99,52.019,-99
"2024-05-22 16:00:00",1648,12.36074,305,0,1.782,5.06,-99,0.41032,-99,0.31645,-99,49.684,-99
"2024-05-22 16:30:00",1649,12.34563,305,0,1.514,4.3,-99,0.3491,-99,0.29307,-99,50.824,-99
"2024-05-22 17:00:00",1650,12.34647,305,0,1.56,4.43,-99,0.3594,-99,0.29916,-99,50.467,-99
"2024-05-22 17:30:00",1651,12.34815,305,0,1.56,4.43,-99,0.35912,-99,0.29706,-99,51.355,-99
"2024-05-22 18:00:00",1652,12.35402,305,0,1.299,3.69,-99,0.29969,-99,0.24686,-99,48.976,-99
"2024-05-22 18:30:00",1653,12.34898,305,0,1.123,3.19,-99,0.25872,-99,0.21345,-99,50.152,-99
"2024-05-22 19:00:00",1654,12.33807,305,0,0.982,2.79,-99,0.22644,-99,0.17981,-99,48.049,-99
"2024-05-22 19:30:00",1655,12.33136,305,0,0.778,2.21,-99,0.17962,-99,0.14038,-99,49.576,-99
"2024-05-22 20:00:00",1656,12.34311,305,0,0.528,1.5,-99,0.12154,-99,0.09348,-99,50.432,-99
"2024-05-22 20:30:00",1657,12.32716,305,0,0.401,1.14,-99,0.09227,-99,0.08045,-99,47.465,-99
"2024-05-22 21:00:00",1658,12.3238,305,0,0.271,0.77,-99,0.0625,-99,0.04503,-99,49.741,-99
"2024-05-22 21:30:00",1659,12.31876,305,0,0.222,0.63,-99,0.05124,-99,0.04252,-99,47.552,-99
"2024-05-22 22:00:00",1660,12.33387,305,0,0.211,0.6,-99,0.04904,-99,0.04562,-99,49.577,-99
"2024-05-22 22:30:00",1661,12.3322,305,0,0.162,0.46,-99,0.0376,-99,0.03226,-99,49.13,-99
"2024-05-22 23:00:00",1662,12.328,305,0,0.162,0.46,-99,0.03772,-99,0.02695,-99,48.091,-99
"2024-05-22 23:30:00",1663,12.32884,305,0,0.113,0.32,-99,0.02598,-99,0.02684,-99,47.311,-99
"2024-05-23 00:00:00",1664,12.32716,305,0,0.162,0.46,-99,0.0376,-99,0.03498,-99,47.462,-99
"2024-05-23 00:30:00",1665,12.31205,305,0,0.176,0.5,-99,0.04068,-99,0.02684,-99,49.269,-99
"2024-05-23 01:00:00",1666,12.32212,305,0,0.151,0.43,-99,0.03475,-99,0.02142,-99,48.285,-99
"2024-05-23 01:30:00",1667,12.3238,305,0,0.151,0.43,-99,0.03485,-99,0.02154,-99,47.72,-99
"2024-05-23 02:00:00",1668,12.31541,305,0,0.151,0.43,-99,0.03464,-99,0.01338,-99,49.596,-99
"2024-05-23 02:30:00",1669,12.32128,305,0,0.162,0.46,-99,0.03772,-99,0.03233,-99,48.402,-99
"2024-05-23 03:00:00",1670,12.3003,305,0,0.173,0.49,-99,0.04011,-99,0.03742,-99,49.43,-99
"2024-05-23 03:30:00",1671,12.30701,305,0,0.176,0.5,-99,0.04032,-99,0.03485,-99,48.965,-99
"2024-05-23 04:00:00",1672,12.31037,305,0,0.162,0.46,-99,0.0374,-99,0.03226,-99,49.016,-99
"2024-05-23 04:30:00",1673,12.29442,305,0,0.201,0.57,-99,0.0461,-99,0.03754,-99,48.803,-99
"2024-05-23 05:00:00",1674,12.29862,305,0,0.187,0.53,-99,0.04312,-99,0.02954,-99,49.697,-99
"2024-05-23 05:30:00",1675,12.30701,305,0,0.162,0.46,-99,0.03719,-99,0.03197,-99,49.419,-99
"2024-05-23 06:00:00",1676,12.30533,305,0,0.239,0.68,-99,0.05483,-99,0.04836,-99,48.946,-99
"2024-05-23 06:30:00",1677,12.31205,305,0,0.408,1.16,-99,0.09395,-99,0.07724,-99,51.045,-99
"2024-05-23 07:00:00",1678,12.31037,305,0,0.567,1.61,-99,0.13084,-99,0.10928,-99,49.959,-99
"2024-05-23 07:30:00",1679,12.30701,305,0,0.778,2.21,-99,0.1793,-99,0.15655,-99,52.367,-99
"2024-05-23 08:00:00",1680,12.30282,305,0,0.937,2.66,-99,0.2158,-99,0.18561,-99,50.773,-99
"2024-05-23 08:30:00",1681,12.30869,305,0,1.225,3.48,-99,0.28192,-99,0.24266,-99,49.968,-99
"2024-05-23 09:00:00",1682,12.31037,305,0,1.391,3.95,-99,0.32027,-99,0.27248,-99,53.006,-99
"2024-05-23 09:30:00",1683,12.30953,305,0,1.613,4.58,-99,0.37123,-99,0.31654,-99,52.494,-99
"2024-05-23 10:00:00",1684,12.29694,305,0,1.739,4.94,-99,0.4008,-99,0.34092,-99,51.216,-99
"2024-05-23 10:30:00",1685,12.31037,305,0,2.028,5.76,-99,0.46724,-99,0.38269,-99,51.175,-99
"2024-05-23 11:00:00",1686,12.31205,305,0,2.06,5.85,-99,0.47468,-99,0.38564,-99,51.524,-99
"2024-05-23 11:30:00",1687,12.30617,305,0,2.01,5.71,-99,0.46314,-99,0.40006,-99,51.555,-99
"2024-05-23 12:00:00",1688,12.31205,305,0,2.035,5.78,-99,0.46909,-99,0.40544,-99,54.682,-99
"2024-05-23 12:30:00",1689,12.30114,305,0,1.996,5.67,-99,0.46,-99,0.40747,-99,55.796,-99
"2024-05-23 13:00:00",1690,12.31373,305,0,2.017,5.73,-99,0.46476,-99,0.39922,-99,53.469,-99
"2024-05-23 13:30:00",1691,12.30449,305,0,2.084,5.92,-99,0.48058,-99,0.4086,-99,52.88,-99
"2024-05-23 14:00:00",1692,12.29778,305,0,2.155,6.12,-99,0.49656,-99,0.41616,-99,51.264,-99
"2024-05-23 14:30:00",1693,12.30114,305,0,2.07,5.88,-99,0.47728,-99,0.40112,-99,50.784,-99
"2024-05-23 15:00:00",1694,12.31876,305,0,1.919,5.45,-99,0.44228,-99,0.38257,-99,52.646,-99
"2024-05-23 15:30:00",1695,12.30533,305,0,1.961,5.57,-99,0.45228,-99,0.37426,-99,51.816,-99
"2024-05-23 16:00:00",1696,12.31876,305,0,1.824,5.18,-99,0.42053,-99,0.35728,-99,52.129,-99
"2024-05-23 16:30:00",1697,12.30785,305,0,1.789,5.08,-99,0.41246,-99,0.33776,-99,51.505,-99
"2024-05-23 17:00:00",1698,12.31373,305,0,1.62,4.6,-99,0.37312,-99,0.307,-99,51.506,-99
"2024-05-23 17:30:00",1699,12.31457,305,0,1.405,3.99,-99,0.32384,-99,0.26256,-99,49.817,-99
"2024-05-23 18:00:00",1700,12.31625,305,0,1.257,3.57,-99,0.28934,-99,0.24049,-99,50.847,-99
"2024-05-23 18:30:00",1701,12.31037,305,0,1.021,2.9,-99,0.23534,-99,0.2023,-99,50.028,-99
"2024-05-23 19:00:00",1702,12.29694,305,0,0.933,2.65,-99,0.2152,-99,0.17591,-99,49.198,-99
"2024-05-23 19:30:00",1703,12.30869,305,0,0.655,1.86,-99,0.1505,-99,0.1306,-99,48.757,-99
"2024-05-23 20:00:00",1704,12.29526,305,0,0.398,1.13,-99,0.09138,-99,0.07609,-99,49.214,-99
"2024-05-23 20:30:00",1705,12.30198,305,0,0.313,0.89,-99,0.07186,-99,0.06077,-99,48.096,-99
"2024-05-23 21:00:00",1706,12.29862,305,0,0.31,0.88,-99,0.07145,-99,0.06344,-99,47.601,-99
"2024-05-23 21:30:00",1707,12.29526,305,0,0.229,0.65,-99,0.0529,-99,0.041,-99,48.845,-99
"2024-05-23 22:00:00",1708,12.28015,305,0,0.218,0.62,-99,0.05036,-99,0.03846,-99,47.873,-99
"2024-05-23 22:30:00",1709,12.28015,305,0,0.218,0.62,-99,0.0505,-99,0.03846,-99,48.174,-99
"2024-05-23 23:00:00",1710,12.27931,305,0,0.19,0.54,-99,0.04404,-99,0.03821,-99,48.492,-99
"2024-05-23 23:30:00",1711,12.28855,305,0,0.151,0.43,-99,0.03518,-99,0.02725,-99,48.444,-99
"2024-05-24 00:00:00",1712,12.27344,305,0,0.127,0.36,-99,0.02942,-99,0.03016,-99,49.06,-99
"2024-05-24 00:30:00",1713,12.27176,305,0,0.165,0.47,-99,0.0383,-99,0.02454,-99,48.564,-99
"2024-05-24 01:00:00",1714,12.27763,305,0,0.116,0.33,-99,0.02648,-99,0.02469,-99,46.735,-99
"2024-05-24 01:30:00",1715,12.28099,305,0,0.127,0.36,-99,0.02948,-99,0.02744,-99,48.872,-99
"2024-05-24 02:00:00",1716,12.26672,305,0,0.102,0.29,-99,0.02338,-99,0.01906,-99,47.565,-99
"2024-05-24 02:30:00",1717,12.27511,305,0,0.127,0.36,-99,0.02933,-99,0.02454,-99,47.727,-99
"2024-05-24 03:00:00",1718,12.27427,305,0,0.127,0.36,-99,0.02942,-99,0.0273,-99,48.407,-99
"2024-05-24 03:30:00",1719,12.27092,305,0,0.18,0.51,-99,0.04166,-99,0.03294,-99,48.279,-99
"2024-05-24 04:00:00",1720,12.2726,305,0,0.162,0.46,-99,0.03748,-99,0.03233,-99,48.174,-99
"2024-05-24 04:30:00",1721,12.2684,305,0,0.137,0.39,-99,0.03194,-99,0.00806,-99,48.965,-99
"2024-05-24 05:00:00",1722,12.27344,305,0,0.19,0.54,-99,0.04366,-99,0.03262,-99,47.804,-99
"2024-05-24 05:30:00",1723,12.25833,305,0,0.176,0.5,-99,0.04083,-99,0.0298,-99,48.118,-99
"2024-05-24 06:00:00",1724,12.25245,305,0,0.239,0.68,-99,0.05547,-99,0.04083,-99,48.174,-99
"2024-05-24 06:30:00",1725,12.25833,305,0,0.292,0.83,-99,0.06698,-99,0.05158,-99,49.15,-99
"2024-05-24 07:00:00",1726,12.2684,305,0,0.289,0.82,-99,0.0662,-99,0.04014,-99,49.577,-99
"2024-05-24 07:30:00",1727,12.26756,305,0,0.43,1.22,-99,0.0986,-99,0.08128,-99,48.846,-99
"2024-05-24 08:00:00",1728,12.26756,305,0,0.451,1.28,-99,0.10382,-99,0.07829,-99,49.219,-99
"2024-05-24 08:30:00",1729,12.26672,305,0,0.644,1.83,-99,0.14884,-99,0.12632,-99,50.016,-99
"2024-05-24 09:00:00",1730,12.25329,305,0,0.873,2.48,-99,0.2012,-99,0.16838,-99,52.643,-99
"2024-05-24 09:30:00",1731,12.26504,305,0,1.334,3.79,-99,0.30711,-99,0.25592,-99,53.596,-99
"2024-05-24 10:00:00",1732,12.26336,305,0,1.412,4.01,-99,0.32541,-99,0.27844,-99,52.18,-99
"2024-05-24 10:30:00",1733,12.25413,305,0,1.574,4.47,-99,0.3623,-99,0.29,-99,52.941,-99
"2024-05-24 11:00:00",1734,12.25497,305,0,1.57,4.46,-99,0.36165,-99,0.2995,-99,51.015,-99
"2024-05-24 11:30:00",1735,12.24909,305,0,1.507,4.28,-99,0.34706,-99,0.28927,-99,51.498,-99
"2024-05-24 12:00:00",1736,12.25497,305,0,1.412,4.01,-99,0.32541,-99,0.25782,-99,50.571,-99
"2024-05-24 12:30:00",1737,12.27008,305,0,1.211,3.44,-99,0.27908,-99,0.22989,-99,51.396,-99
"2024-05-24 13:00:00",1738,12.26672,305,0,1.098,3.12,-99,0.25314,-99,0.214,-99,50.44,-99
"2024-05-24 13:30:00",1739,12.26672,305,0,1.095,3.11,-99,0.25237,-99,0.22134,-99,51.342,-99
"2024-05-24 14:00:00",1740,12.25329,305,0,1.303,3.7,-99,0.30008,-99,0.24762,-99,52.909,-99
"2024-05-24 14:30:00",1741,12.26252,305,0,1.574,4.47,-99,0.36272,-99,0.31844,-99,52.979,-99
"2024-05-24 15:00:00",1742,12.2642,305,0,1.834,5.21,-99,0.42232,-99,0.34831,-99,50.646,-99
"2024-05-24 15:30:00",1743,12.24993,305,0,1.76,5,-99,0.40544,-99,0.33508,-99,50.199,-99
"2024-05-24 16:00:00",1744,12.25581,305,0,1.711,4.86,-99,0.39407,-99,0.31577,-99,49.833,-99
"2024-05-24 16:30:00",1745,12.26252,305,0,0.975,2.77,-99,0.22446,-99,0.18181,-99,48.731,-99
"2024-05-24 17:00:00",1746,12.26336,305,0,0.951,2.7,-99,0.21913,-99,0.18181,-99,49.294,-99
"2024-05-24 17:30:00",1747,12.26168,305,0,0.676,1.92,-99,0.156,-99,0.13016,-99,49.303,-99
"2024-05-24 18:00:00",1748,12.26,305,0,0.461,1.31,-99,0.10626,-99,0.09059,-99,49.016,-99
"2024-05-24 18:30:00",1749,12.25749,305,0,0.584,1.66,-99,0.13433,-99,0.11028,-99,48.902,-99
"2024-05-24 19:00:00",1750,12.25497,305,0,0.532,1.51,-99,0.12234,-99,0.10273,-99,48.062,-99
"2024-05-24 19:30:00",1751,12.2407,305,0,0.412,1.17,-99,0.09472,-99,0.07124,-99,48.697,-99
"2024-05-24 20:00:00",1752,12.25329,305,0,0.359,1.02,-99,0.08274,-99,0.0676,-99,47.732,-99
"2024-05-24 20:30:00",1753,12.24154,305,0,0.275,0.78,-99,0.06318,-99,0.05569,-99,47.826,-99
"2024-05-24 21:00:00",1754,12.24573,305,0,0.218,0.62,-99,0.05036,-99,0.04404,-99,48.627,-99
"2024-05-24 21:30:00",1755,12.24489,305,0,0.18,0.51,-99,0.04126,-99,0.03294,-99,47.313,-99
"2024-05-24 22:00:00",1756,12.24154,305,0,0.144,0.41,-99,0.03294,-99,0.02777,-99,47.376,-99
"2024-05-24 22:30:00",1757,12.24489,305,0,0.155,0.44,-99,0.03582,-99,0.0248,-99,48.097,-99
"2024-05-24 23:00:00",1758,12.23818,305,0,0.155,0.44,-99,0.0359,-99,0.03048,-99,48.544,-99
"2024-05-24 23:30:00",1759,12.23902,305,0,0.116,0.33,-99,0.02678,-99,0.02768,-99,47.51,-99
"2024-05-25 00:00:00",1760,12.23146,305,0,0.13,0.37,-99,0.0298,-99,0.02214,-99,48.103,-99
"2024-05-25 00:30:00",1761,12.23734,305,0,0.116,0.33,-99,0.02678,-99,0.0249,-99,48.979,-99
"2024-05-25 01:00:00",1762,12.23482,305,0,0.102,0.29,-99,0.02373,-99,0.02202,-99,47.937,-99
"2024-05-25 01:30:00",1763,12.23482,305,0,0.116,0.33,-99,0.02667,-99,0.01654,-99,48.376,-99
"2024-05-25 02:00:00",1764,12.22307,305,0,0.13,0.37,-99,0.03003,-99,0.03058,-99,48.355,-99
"2024-05-25 02:30:00",1765,12.22811,305,0,0.102,0.29,-99,0.02385,-99,0.0138,-99,47.018,-99
"2024-05-25 03:00:00",1766,12.21887,305,0,0.102,0.29,-99,0.02364,-99,0.01368,-99,48.32,-99
"2024-05-25 03:30:00",1767,12.22727,305,0,0.092,0.26,-99,0.02074,-99,0.01654,-99,48.216,-99
"2024-05-25 04:00:00",1768,12.21635,305,0,0.077,0.22,-99,0.01776,-99,0.01379,-99,48.146,-99
"2024-05-25 04:30:00",1769,12.21551,305,0,0.063,0.18,-99,0.01473,-99,0.01098,-99,48.161,-99
"2024-05-25 05:00:00",1770,12.22391,305,0,0.102,0.29,-99,0.02358,-99,0.02202,-99,48.168,-99
"2024-05-25 05:30:00",1771,12.21048,305,0,0.077,0.22,-99,0.01809,-99,0.00828,-99,48.178,-99
"2024-05-25 06:00:00",1772,12.21132,305,0,0.102,0.29,-99,0.0234,-99,0.01643,-99,48.218,-99
"2024-05-25 06:30:00",1773,12.22139,305,0,0.074,0.21,-99,0.0174,-99,0.00812,-99,48.629,-99
"2024-05-25 07:00:00",1774,12.22475,305,0,0.063,0.18,-99,0.01422,-99,0.01072,-99,49.46,-99
"2024-05-25 07:30:00",1775,12.22139,305,0,0.039,0.11,-99,0.0086,-99,0,-99,48.333,-99
"2024-05-25 08:00:00",1776,12.2088,305,0,0.049,0.14,-99,0.01146,-99,0.01084,-99,48.73,-99
"2024-05-25 08:30:00",1777,12.22139,305,0,0.123,0.35,-99,0.0286,-99,0.02154,-99,49.966,-99
"2024-05-25 09:00:00",1778,12.2046,305,0,0.37,1.05,-99,0.085,-99,0.07505,-99,50.584,-99
"2024-05-25 09:30:00",1779,12.22223,305,0,0.68,1.93,-99,0.15684,-99,0.1339,-99,50.658,-99
"2024-05-25 10:00:00",1780,12.22055,305,0,1.074,3.05,-99,0.24766,-99,0.21045,-99,51.679,-99
"2024-05-25 10:30:00",1781,12.21635,305,0,1.359,3.86,-99,0.31303,-99,0.267,-99,52.927,-99
"2024-05-25 11:00:00",1782,12.20964,305,0,1.602,4.55,-99,0.36944,-99,0.31844,-99,54.404,-99
"2024-05-25 11:30:00",1783,12.22475,305,0,1.363,3.87,-99,0.31422,-99,0.27144,-99,49.311,-99
"2024-05-25 12:00:00",1784,12.20628,305,0,1.461,4.15,-99,0.33644,-99,0.28379,-99,50.853,-99
"2024-05-25 12:30:00",1785,12.21048,305,0,1.655,4.7,-99,0.38159,-99,0.32456,-99,53.207,-99
"2024-05-25 13:00:00",1786,12.22391,305,0,1.841,5.23,-99,0.42432,-99,0.35348,-99,51.233,-99
"2024-05-25 13:30:00",1787,12.21132,305,0,1.954,5.55,-99,0.44992,-99,0.36696,-99,50.813,-99
"2024-05-25 14:00:00",1788,12.22894,305,0,1.993,5.66,-99,0.45914,-99,0.37654,-99,51.85,-99
"2024-05-25 14:30:00",1789,12.213,305,0,1.848,5.25,-99,0.42554,-99,0.35632,-99,52.463,-99
"2024-05-25 15:00:00",1790,12.22811,305,0,1.88,5.34,-99,0.43302,-99,0.36699,-99,53.685,-99
"2024-05-25 15:30:00",1791,12.22811,305,0,1.827,5.19,-99,0.42106,-99,0.34831,-99,51.411,-99
"2024-05-25 16:00:00",1792,12.21803,305,0,1.753,4.98,-99,0.4042,-99,0.33602,-99,51.791,-99
"2024-05-25 16:30:00",1793,12.22894,305,0,1.591,4.52,-99,0.36636,-99,0.30934,-99,51.446,-99
"2024-05-25 17:00:00",1794,12.22559,305,0,1.528,4.34,-99,0.35232,-99,0.28208,-99,49.78,-99
"2024-05-25 17:30:00",1795,12.21551,305,0,1.451,4.12,-99,0.33392,-99,0.27358,-99,50.345,-99
"2024-05-25 18:00:00",1796,12.21216,305,0,1.211,3.44,-99,0.27908,-99,0.228,-99,50.409,-99
"2024-05-25 18:30:00",1797,12.22055,305,0,0.965,2.74,-99,0.22244,-99,0.18584,-99,49.451,-99
"2024-05-25 19:00:00",1798,12.20292,305,0,0.845,2.4,-99,0.19492,-99,0.16059,-99,49.826,-99
"2024-05-25 19:30:00",1799,12.21887,305,0,0.753,2.14,-99,0.17393,-99,0.14934,-99,48.959,-99
"2024-05-25 20:00:00",1800,12.19873,305,0,0.542,1.54,-99,0.12492,-99,0.09827,-99,47.591,-99
"2024-05-25 20:30:00",1801,12.21467,305,0,0.345,0.98,-99,0.07954,-99,0.07052,-99,49.076,-99
"2024-05-25 21:00:00",1802,12.20712,305,0,0.236,0.67,-99,0.05471,-99,0.04482,-99,47.607,-99
"2024-05-25 21:30:00",1803,12.19453,305,0,0.222,0.63,-99,0.05114,-99,0.0418,-99,47.243,-99
"2024-05-25 22:00:00",1804,12.20292,305,0,0.169,0.48,-99,0.03906,-99,0.03626,-99,48.093,-99
"2024-05-25 22:30:00",1805,12.18949,305,0,0.155,0.44,-99,0.03582,-99,0.03606,-99,48.614,-99
"2024-05-25 23:00:00",1806,12.20208,305,0,0.158,0.45,-99,0.03635,-99,0.02798,-99,48.918,-99
"2024-05-25 23:30:00",1807,12.19789,305,0,0.141,0.4,-99,0.0325,-99,0.0248,-99,46.74,-99
"2024-05-26 00:00:00",1808,12.18194,305,0,0.116,0.33,-99,0.02658,-99,0.0248,-99,47.346,-99
"2024-05-26 00:30:00",1809,12.18026,305,0,0.102,0.29,-99,0.02373,-99,0.01654,-99,47.85,-99
"2024-05-26 01:00:00",1810,12.17606,305,0,0.116,0.33,-99,0.02689,-99,0.02502,-99,48.637,-99
"2024-05-26 01:30:00",1811,12.17774,305,0,0.088,0.25,-99,0.02064,-99,0.0193,-99,48.082,-99
"2024-05-26 02:00:00",1812,12.19285,305,0,0.102,0.29,-99,0.02385,-99,0.0222,-99,47.656,-99
"2024-05-26 02:30:00",1813,12.18949,305,0,0.102,0.29,-99,0.02385,-99,0.01666,-99,48.806,-99
"2024-05-26 03:00:00",1814,12.18613,305,0,0.092,0.26,-99,0.02086,-99,0.01944,-99,48.2,-99
"2024-05-26 03:30:00",1815,12.17774,305,0,0.12,0.34,-99,0.0272,-99,0.01955,-99,47.241,-99
"2024-05-26 04:00:00",1816,12.17774,305,0,0.13,0.37,-99,0.0301,-99,0.02523,-99,48.039,-99
"2024-05-26 04:30:00",1817,12.18781,305,0,0.092,0.26,-99,0.02105,-99,0.01392,-99,47.686,-99
"2024-05-26 05:00:00",1818,12.18613,305,0,0.106,0.3,-99,0.02408,-99,0.02238,-99,48.345,-99
"2024-05-26 05:30:00",1819,12.18613,305,0,0.106,0.3,-99,0.02394,-99,0.02508,-99,47.527,-99
"2024-05-26 06:00:00",1820,12.1727,305,0,0.116,0.33,-99,0.02707,-99,0.02238,-99,48.385,-99
"2024-05-26 06:30:00",1821,12.18194,305,0,0.116,0.33,-99,0.02678,-99,0.0222,-99,48.981,-99
"2024-05-26 07:00:00",1822,12.18026,305,0,0.099,0.28,-99,0.02304,-99,0.01625,-99,48.976,-99
"2024-05-26 07:30:00",1823,12.1811,305,0,0.275,0.78,-99,0.06336,-99,0.05712,-99,50.001,-99
"2024-05-26 08:00:00",1824,12.17858,305,0,0.377,1.07,-99,0.08698,-99,0.07469,-99,50.413,-99
"2024-05-26 08:30:00",1825,12.17774,305,0,0.599,1.7,-99,0.13775,-99,0.11906,-99,50.967,-99
"2024-05-26 09:00:00",1826,12.1811,305,0,0.82,2.33,-99,0.18926,-99,0.15834,-99,49.76,-99
"2024-05-26 09:30:00",1827,12.17019,305,0,1.081,3.07,-99,0.24878,-99,0.21286,-99,52.352,-99
"2024-05-26 10:00:00",1828,12.18445,305,0,1.32,3.75,-99,0.30404,-99,0.25408,-99,50.978,-99
"2024-05-26 10:30:00",1829,12.18278,305,0,1.451,4.12,-99,0.33394,-99,0.27407,-99,51.208,-99
"2024-05-26 11:00:00",1830,12.18362,305,0,1.686,4.79,-99,0.38888,-99,0.32277,-99,52.366,-99
"2024-05-26 11:30:00",1831,12.18194,305,0,1.377,3.91,-99,0.31748,-99,0.27238,-99,50.786,-99
"2024-05-26 12:00:00",1832,12.17438,305,0,1.493,4.24,-99,0.34426,-99,0.29304,-99,52.624,-99
"2024-05-26 12:30:00",1833,12.18613,305,0,1.69,4.8,-99,0.38915,-99,0.3306,-99,52.27,-99
"2024-05-26 13:00:00",1834,12.18781,305,0,1.771,5.03,-99,0.40794,-99,0.32664,-99,50.736,-99
"2024-05-26 13:30:00",1835,12.18278,305,0,1.764,5.01,-99,0.40663,-99,0.34808,-99,52.634,-99
"2024-05-26 14:00:00",1836,12.18697,305,0,1.813,5.15,-99,0.41746,-99,0.35342,-99,53.057,-99
"2024-05-26 14:30:00",1837,12.18613,305,0,1.806,5.13,-99,0.41604,-99,0.35504,-99,52.664,-99
"2024-05-26 15:00:00",1838,12.18026,305,0,1.774,5.04,-99,0.40914,-99,0.33552,-99,51.578,-99
"2024-05-26 15:30:00",1839,12.18026,305,0,1.627,4.62,-99,0.37511,-99,0.30736,-99,50.095,-99
"2024-05-26 16:00:00",1840,12.18781,305,0,1.56,4.43,-99,0.35967,-99,0.29824,-99,49.993,-99
"2024-05-26 16:30:00",1841,12.18781,305,0,1.433,4.07,-99,0.32979,-99,0.27238,-99,51.707,-99
"2024-05-26 17:00:00",1842,12.17438,305,0,1.278,3.63,-99,0.29464,-99,0.24431,-99,52.013,-99
"2024-05-26 17:30:00",1843,12.18613,305,0,1.144,3.25,-99,0.26341,-99,0.21756,-99,49.904,-99
"2024-05-26 18:00:00",1844,12.18445,305,0,1.018,2.89,-99,0.23429,-99,0.19025,-99,50.046,-99
"2024-05-26 18:30:00",1845,12.1811,305,0,0.891,2.53,-99,0.2053,-99,0.16542,-99,48.312,-99
"2024-05-26 19:00:00",1846,12.17186,305,0,0.662,1.88,-99,0.15225,-99,0.11743,-99,48.95,-99
"2024-05-26 19:30:00",1847,12.17522,305,0,0.451,1.28,-99,0.10374,-99,0.08748,-99,48.699,-99
"2024-05-26 20:00:00",1848,12.16179,305,0,0.331,0.94,-99,0.07656,-99,0.06782,-99,47.631,-99
"2024-05-26 20:30:00",1849,12.17354,305,0,0.264,0.75,-99,0.0606,-99,0.05055,-99,49.129,-99
"2024-05-26 21:00:00",1850,12.16431,305,0,0.144,0.41,-99,0.03366,-99,0.02831,-99,47.469,-99
"2024-05-26 21:30:00",1851,12.15256,305,0,0.158,0.45,-99,0.0362,-99,0.03091,-99,49.614,-99
"2024-05-26 22:00:00",1852,12.15675,305,0,0.13,0.37,-99,0.02966,-99,0.02768,-99,48.465,-99
"2024-05-26 22:30:00",1853,12.16599,305,0,0.092,0.26,-99,0.0211,-99,0.02528,-99,48.04,-99
"2024-05-26 23:00:00",1854,12.15172,305,0,0.092,0.26,-99,0.02105,-99,0.0168,-99,47.038,-99
"2024-05-26 23:30:00",1855,12.15088,305,0,0.102,0.29,-99,0.02377,-99,0.02502,-99,48.278,-99
"2024-05-27 00:00:00",1856,12.145,305,0,0.106,0.3,-99,0.02408,-99,0.02238,-99,48.601,-99
"2024-05-27 00:30:00",1857,12.15759,305,0,0.116,0.33,-99,0.02707,-99,0.02232,-99,47.657,-99
"2024-05-27 01:00:00",1858,12.15759,305,0,0.077,0.22,-99,0.01809,-99,0.01404,-99,46.736,-99
"2024-05-27 01:30:00",1859,12.15591,305,0,0.092,0.26,-99,0.02117,-99,0.0168,-99,48.338,-99
"2024-05-27 02:00:00",1860,12.145,305,0,0.106,0.3,-99,0.02413,-99,0.0169,-99,48.917,-99
"2024-05-27 02:30:00",1861,12.14584,305,0,0.092,0.26,-99,0.02121,-99,0.0169,-99,47.625,-99
"2024-05-27 03:00:00",1862,12.15256,305,0,0.067,0.19,-99,0.01506,-99,0.01402,-99,49.874,-99
"2024-05-27 03:30:00",1863,12.15424,305,0,0.088,0.25,-99,0.02064,-99,0.01661,-99,48.963,-99
"2024-05-27 04:00:00",1864,12.1492,305,0,0.077,0.22,-99,0.01804,-99,0.0168,-99,49.118,-99
"2024-05-27 04:30:00",1865,12.15172,305,0,0.067,0.19,-99,0.01506,-99,0.01967,-99,48.085,-99
"2024-05-27 05:00:00",1866,12.1408,305,0,0.063,0.18,-99,0.015,-99,0.0112,-99,49.271,-99
"2024-05-27 05:30:00",1867,12.13409,305,0,0.092,0.26,-99,0.02096,-99,0.01676,-99,48.016,-99
"2024-05-27 06:00:00",1868,12.13913,305,0,0.063,0.18,-99,0.01498,-99,0.01402,-99,49.405,-99
"2024-05-27 06:30:00",1869,12.14416,305,0,0.092,0.26,-99,0.02076,-99,0.01668,-99,48.687,-99
"2024-05-27 07:00:00",1870,12.14836,305,0,0.18,0.51,-99,0.04154,-99,0.0333,-99,49.469,-99
"2024-05-27 07:30:00",1871,12.13241,305,0,0.345,0.98,-99,0.07978,-99,0.06916,-99,50.517,-99
"2024-05-27 08:00:00",1872,12.13577,305,0,0.711,2.02,-99,0.1638,-99,0.13648,-99,50.961,-99
"2024-05-27 08:30:00",1873,12.13577,305,0,1.282,3.64,-99,0.29536,-99,0.25099,-99,52.786,-99
"2024-05-27 09:00:00",1874,12.14836,305,0,1.204,3.42,-99,0.27732,-99,0.23311,-99,51.636,-99
"2024-05-27 09:30:00",1875,12.14836,305,0,1.331,3.78,-99,0.30665,-99,0.25342,-99,50.329,-99
"2024-05-27 10:00:00",1876,12.14584,305,0,1.539,4.37,-99,0.35458,-99,0.29544,-99,52.384,-99
"2024-05-27 10:30:00",1877,12.1492,305,0,1.574,4.47,-99,0.36245,-99,0.30764,-99,52.684,-99
"2024-05-27 11:00:00",1878,12.14752,305,0,1.444,4.1,-99,0.33225,-99,0.27794,-99,48.636,-99
"2024-05-27 11:30:00",1879,12.15088,305,0,0.958,2.72,-99,0.22047,-99,0.18944,-99,49.907,-99
"2024-05-27 12:00:00",1880,12.15004,305,0,1.172,3.33,-99,0.2699,-99,0.2269,-99,51.617,-99
"2024-05-27 12:30:00",1881,12.14416,305,0,0.602,1.71,-99,0.13902,-99,0.11845,-99,48.732,-99
"2024-05-27 13:00:00",1882,12.13157,305,0,0.387,1.1,-99,0.0894,-99,0.07391,-99,48.714,-99
"2024-05-27 13:30:00",1883,12.14248,305,0,0.285,0.81,-99,0.06587,-99,0.05587,-99,48.848,-99
"2024-05-27 14:00:00",1884,12.12569,305,0,0.394,1.12,-99,0.09108,-99,0.07736,-99,50.042,-99
"2024-05-27 14:30:00",1885,12.13745,305,0,0.725,2.06,-99,0.16731,-99,0.14902,-99,49.626,-99
"2024-05-27 15:00:00",1886,12.12234,305,0,0.915,2.6,-99,0.21082,-99,0.1751,-99,47.788,-99
"2024-05-27 15:30:00",1887,12.13409,305,0,1.046,2.97,-99,0.24112,-99,0.20011,-99,49.407,-99
"2024-05-27 16:00:00",1888,12.13661,305,0,1.303,3.7,-99,0.29999,-99,0.25228,-99,53.833,-99
"2024-05-27 16:30:00",1889,12.13493,305,0,1.436,4.08,-99,0.33088,-99,0.27492,-99,50.87,-99
"2024-05-27 17:00:00",1890,12.13493,305,0,1.482,4.21,-99,0.34121,-99,0.29149,-99,53.201,-99
"2024-05-27 17:30:00",1891,12.12821,305,0,1.37,3.89,-99,0.31552,-99,0.25099,-99,49.845,-99
"2024-05-27 18:00:00",1892,12.12569,305,0,1.067,3.03,-99,0.246,-99,0.2015,-99,50.592,-99
"2024-05-27 18:30:00",1893,12.12318,305,0,0.672,1.91,-99,0.1546,-99,0.12564,-99,50.739,-99
"2024-05-27 19:00:00",1894,12.13409,305,0,0.345,0.98,-99,0.07928,-99,0.06507,-99,48.148,-99
"2024-05-27 19:30:00",1895,12.11814,305,0,0.253,0.72,-99,0.0582,-99,0.04528,-99,48.202,-99
"2024-05-27 20:00:00",1896,12.11814,305,0,0.211,0.6,-99,0.04888,-99,0.04252,-99,46.855,-99
"2024-05-27 20:30:00",1897,12.11898,305,0,0.246,0.7,-99,0.05642,-99,0.04888,-99,45.786,-99
"2024-05-27 21:00:00",1898,12.12905,305,0,0.232,0.66,-99,0.05354,-99,0.04633,-99,48.442,-99
"2024-05-27 21:30:00",1899,12.12569,305,0,0.204,0.58,-99,0.04692,-99,0.04047,-99,46.74,-99
"2024-05-27 22:00:00",1900,12.11226,305,0,0.148,0.42,-99,0.03378,-99,0.03136,-99,49.335,-99
"2024-05-27 22:30:00",1901,12.12066,305,0,0.162,0.46,-99,0.03712,-99,0.03154,-99,47.1,-99
"2024-05-27 23:00:00",1902,12.10891,305,0,0.12,0.34,-99,0.0275,-99,0.0284,-99,48.06,-99
"2024-05-27 23:30:00",1903,12.11898,305,0,0.144,0.41,-99,0.03366,-99,0.02556,-99,49.647,-99
"2024-05-28 00:00:00",1904,12.1173,305,0,0.134,0.38,-99,0.03046,-99,0.02275,-99,49.4,-99
"2024-05-28 00:30:00",1905,12.11562,305,0,0.12,0.34,-99,0.0275,-99,0.02556,-99,48.87,-99
"2024-05-28 01:00:00",1906,12.11394,305,0,0.106,0.3,-99,0.02447,-99,0.02279,-99,47.846,-99
"2024-05-28 01:30:00",1907,12.11394,305,0,0.092,0.26,-99,0.02135,-99,0.0199,-99,48.099,-99
"2024-05-28 02:00:00",1908,12.10975,305,0,0.106,0.3,-99,0.02439,-99,0.02264,-99,48.865,-99
"2024-05-28 02:30:00",1909,12.10219,305,0,0.106,0.3,-99,0.02439,-99,0.02556,-99,46.274,-99
"2024-05-28 03:00:00",1910,12.09883,305,0,0.106,0.3,-99,0.02454,-99,0.0228,-99,47.037,-99
"2024-05-28 03:30:00",1911,12.11058,305,0,0.092,0.26,-99,0.02135,-99,0.01701,-99,47.947,-99
"2024-05-28 04:00:00",1912,12.10807,305,0,0.134,0.38,-99,0.03059,-99,0.02279,-99,48.132,-99
"2024-05-28 04:30:00",1913,12.09379,305,0,0.134,0.38,-99,0.03064,-99,0.02564,-99,48.041,-99
"2024-05-28 05:00:00",1914,12.10723,305,0,0.12,0.34,-99,0.0275,-99,0.02556,-99,47.891,-99
"2024-05-28 05:30:00",1915,12.09379,305,0,0.134,0.38,-99,0.03059,-99,0.02279,-99,48.454,-99
"2024-05-28 06:00:00",1916,12.10219,305,0,0.12,0.34,-99,0.02762,-99,0.02564,-99,48.691,-99
"2024-05-28 06:30:00",1917,12.10135,305,0,0.158,0.45,-99,0.0362,-99,0.03387,-99,48.778,-99
"2024-05-28 07:00:00",1918,12.10471,305,0,0.236,0.67,-99,0.05404,-99,0.04204,-99,49.175,-99
"2024-05-28 07:30:00",1919,12.10135,305,0,0.437,1.24,-99,0.10095,-99,0.08624,-99,50.057,-99
"2024-05-28 08:00:00",1920,12.09631,305,0,0.813,2.31,-99,0.18731,-99,0.15502,-99,49.599,-99
"2024-05-28 08:30:00",1921,12.09044,305,0,1.204,3.42,-99,0.2771,-99,0.23138,-99,50.872,-99
"2024-05-28 09:00:00",1922,12.10051,305,0,1.282,3.64,-99,0.29544,-99,0.24496,-99,51.357,-99
"2024-05-28 09:30:00",1923,12.10051,305,0,1.51,4.29,-99,0.34808,-99,0.29778,-99,52.986,-99
"2024-05-28 10:00:00",1924,12.10387,305,0,1.817,5.16,-99,0.41891,-99,0.35564,-99,53.044,-99
"2024-05-28 10:30:00",1925,12.10135,305,0,2.042,5.8,-99,0.47044,-99,0.39307,-99,53.083,-99
"2024-05-28 11:00:00",1926,12.10219,305,0,2.137,6.07,-99,0.49248,-99,0.41846,-99,54.741,-99
"2024-05-28 11:30:00",1927,12.10387,305,0,2.098,5.96,-99,0.48334,-99,0.41124,-99,51.254,-99
"2024-05-28 12:00:00",1928,12.0896,305,0,2.123,6.03,-99,0.48899,-99,0.43287,-99,55.12,-99
"2024-05-28 12:30:00",1929,12.10387,305,0,2.253,6.4,-99,0.51959,-99,0.45499,-99,55.032,-99
"2024-05-28 13:00:00",1930,12.10807,305,0,2.338,6.64,-99,0.53903,-99,0.45039,-99,50.773,-99
"2024-05-28 13:30:00",1931,12.10891,305,0,2.239,6.36,-99,0.51618,-99,0.44423,-99,51.996,-99
"2024-05-28 14:00:00",1932,12.10807,305,0,2.179,6.19,-99,0.50238,-99,0.42552,-99,52.004,-99
"2024-05-28 14:30:00",1933,12.11058,305,0,2.197,6.24,-99,0.50612,-99,0.41554,-99,52.15,-99
"2024-05-28 15:00:00",1934,12.11058,305,0,2.017,5.73,-99,0.46486,-99,0.392,-99,51.536,-99
"2024-05-28 15:30:00",1935,12.11226,305,0,1.877,5.33,-99,0.43276,-99,0.36474,-99,52.98,-99
"2024-05-28 16:00:00",1936,12.09715,305,0,1.884,5.35,-99,0.43398,-99,0.36228,-99,51.486,-99
"2024-05-28 16:30:00",1937,12.09212,305,0,1.771,5.03,-99,0.40788,-99,0.34346,-99,51.401,-99
"2024-05-28 17:00:00",1938,12.10975,305,0,1.63,4.63,-99,0.37534,-99,0.31844,-99,51.807,-99
"2024-05-28 17:30:00",1939,12.10639,305,0,1.556,4.42,-99,0.35848,-99,0.29408,-99,52.413,-99
"2024-05-28 18:00:00",1940,12.10975,305,0,1.394,3.96,-99,0.32104,-99,0.26186,-99,49.489,-99
"2024-05-28 18:30:00",1941,12.09631,305,0,1.204,3.42,-99,0.2771,-99,0.23004,-99,50.106,-99
"2024-05-28 19:00:00",1942,12.10807,305,0,1.042,2.96,-99,0.24017,-99,0.19925,-99,49.476,-99
"2024-05-28 19:30:00",1943,12.10555,305,0,0.775,2.2,-99,0.17836,-99,0.14714,-99,49.494,-99
"2024-05-28 20:00:00",1944,12.10219,305,0,0.584,1.66,-99,0.13432,-99,0.10866,-99,48.511,-99
"2024-05-28 20:30:00",1945,12.10303,305,0,0.447,1.27,-99,0.10332,-99,0.08074,-99,47.341,-99
"2024-05-28 21:00:00",1946,12.09296,305,0,0.352,1,-99,0.08152,-99,0.06356,-99,48.491,-99
"2024-05-28 21:30:00",1947,12.09296,305,0,0.313,0.89,-99,0.07198,-99,0.05782,-99,47.443,-99
"2024-05-28 22:00:00",1948,12.07365,305,0,0.257,0.73,-99,0.05895,-99,0.05465,-99,47.334,-99
"2024-05-28 22:30:00",1949,12.08708,305,0,0.229,0.65,-99,0.05238,-99,0.04301,-99,47.199,-99
"2024-05-28 23:00:00",1950,12.08708,305,0,0.215,0.61,-99,0.04939,-99,0.03428,-99,48.148,-99
"2024-05-28 23:30:00",1951,12.07281,305,0,0.187,0.53,-99,0.04322,-99,0.03438,-99,48.814,-99
"2024-05-29 00:00:00",1952,12.08037,305,0,0.19,0.54,-99,0.04344,-99,0.04032,-99,48.291,-99
"2024-05-29 00:30:00",1953,12.08037,305,0,0.176,0.5,-99,0.04052,-99,0.03174,-99,47.837,-99
"2024-05-29 01:00:00",1954,12.07449,305,0,0.173,0.49,-99,0.03993,-99,0.02279,-99,48.724,-99
"2024-05-29 01:30:00",1955,12.07533,305,0,0.187,0.53,-99,0.04306,-99,0.03428,-99,48.941,-99
"2024-05-29 02:00:00",1956,12.0619,305,0,0.176,0.5,-99,0.04016,-99,0.03154,-99,47.159,-99
"2024-05-29 02:30:00",1957,12.07365,305,0,0.187,0.53,-99,0.04332,-99,0.0286,-99,48.091,-99
"2024-05-29 03:00:00",1958,12.06693,305,0,0.12,0.34,-99,0.02762,-99,0.0228,-99,49.103,-99
"2024-05-29 03:30:00",1959,12.0619,305,0,0.162,0.46,-99,0.03724,-99,0.03174,-99,47.749,-99
"2024-05-29 04:00:00",1960,12.06441,305,0,0.162,0.46,-99,0.0376,-99,0.02884,-99,48.274,-99
"2024-05-29 04:30:00",1961,12.0619,305,0,0.176,0.5,-99,0.04028,-99,0.03444,-99,48.898,-99
"2024-05-29 05:00:00",1962,12.06106,305,0,0.187,0.53,-99,0.04332,-99,0.03457,-99,47.608,-99
"2024-05-29 05:30:00",1963,12.05854,305,0,0.176,0.5,-99,0.0404,-99,0.03748,-99,47.862,-99
"2024-05-29 06:00:00",1964,12.05854,305,0,0.187,0.53,-99,0.04332,-99,0.03154,-99,48.59,-99
"2024-05-29 06:30:00",1965,12.05686,305,0,0.268,0.76,-99,0.06152,-99,0.04556,-99,48.787,-99
"2024-05-29 07:00:00",1966,12.05686,305,0,0.356,1.01,-99,0.0822,-99,0.06526,-99,49.156,-99
"2024-05-29 07:30:00",1967,12.05434,305,0,0.546,1.55,-99,0.12588,-99,0.10387,-99,49.979,-99
"2024-05-29 08:00:00",1968,12.05518,305,0,0.75,2.13,-99,0.17306,-99,0.1425,-99,51.42,-99
"2024-05-29 08:30:00",1969,12.05434,305,0,1.088,3.09,-99,0.25054,-99,0.20409,-99,50.729,-99
"2024-05-29 09:00:00",1970,12.04343,305,0,1.253,3.56,-99,0.28852,-99,0.2439,-99,50.718,-99
"2024-05-29 09:30:00",1971,12.04427,305,0,1.401,3.98,-99,0.32297,-99,0.276,-99,53.246,-99
"2024-05-29 10:00:00",1972,12.05854,305,0,1.676,4.76,-99,0.38578,-99,0.31665,-99,52.313,-99
"2024-05-29 10:30:00",1973,12.06022,305,0,1.796,5.1,-99,0.41386,-99,0.35076,-99,52.829,-99
"2024-05-29 11:00:00",1974,12.0619,305,0,1.933,5.49,-99,0.44513,-99,0.38462,-99,54.314,-99
"2024-05-29 11:30:00",1975,12.06022,305,0,1.827,5.19,-99,0.42143,-99,0.35796,-99,50.546,-99
"2024-05-29 12:00:00",1976,12.06106,305,0,1.912,5.43,-99,0.44047,-99,0.39728,-99,58.411,-99
"2024-05-29 12:30:00",1977,12.06693,305,0,1.965,5.58,-99,0.4529,-99,0.39373,-99,54.05,-99
"2024-05-29 13:00:00",1978,12.05266,305,0,2.193,6.23,-99,0.5052,-99,0.41463,-99,52.087,-99
"2024-05-29 13:30:00",1979,12.06609,305,0,2.112,6,-99,0.48669,-99,0.40886,-99,52.963,-99
"2024-05-29 14:00:00",1980,12.06777,305,0,2.105,5.98,-99,0.48488,-99,0.39641,-99,51.633,-99
"2024-05-29 14:30:00",1981,12.06609,305,0,2.151,6.11,-99,0.4959,-99,0.41222,-99,50.839,-99
"2024-05-29 15:00:00",1982,12.07197,305,0,2.134,6.06,-99,0.49181,-99,0.40316,-99,52.568,-99
"2024-05-29 15:30:00",1983,12.06693,305,0,1.852,5.26,-99,0.42656,-99,0.34037,-99,51.006,-99
"2024-05-29 16:00:00",1984,12.05938,305,0,1.701,4.83,-99,0.39222,-99,0.31872,-99,49.571,-99
"2024-05-29 16:30:00",1985,12.06022,305,0,1.51,4.29,-99,0.34785,-99,0.28282,-99,51.837,-99
"2024-05-29 17:00:00",1986,12.07281,305,0,1.253,3.56,-99,0.28858,-99,0.2381,-99,49.224,-99
"2024-05-29 17:30:00",1987,12.06441,305,0,0.891,2.53,-99,0.20542,-99,0.17118,-99,48.241,-99
"2024-05-29 18:00:00",1988,12.0535,305,0,0.863,2.45,-99,0.19858,-99,0.164,-99,50.513,-99
"2024-05-29 18:30:00",1989,12.05014,305,0,1.102,3.13,-99,0.25418,-99,0.20212,-99,49.768,-99
"2024-05-29 19:00:00",1990,12.0619,305,0,0.863,2.45,-99,0.19872,-99,0.15773,-99,50.455,-99
"2024-05-29 19:30:00",1991,12.05602,305,0,0.567,1.61,-99,0.1304,-99,0.10219,-99,47.566,-99
"2024-05-29 20:00:00",1992,12.05266,305,0,0.359,1.02,-99,0.08258,-99,0.06698,-99,47.179,-99
"2024-05-29 20:30:00",1993,12.03336,305,0,0.282,0.8,-99,0.06528,-99,0.04888,-99,47.584,-99
"2024-05-29 21:00:00",1994,12.04847,305,0,0.215,0.61,-99,0.04939,-99,0.04011,-99,48.815,-99
"2024-05-29 21:30:00",1995,12.03252,305,0,0.215,0.61,-99,0.04985,-99,0.04626,-99,47.534,-99
"2024-05-29 22:00:00",1996,12.02832,305,0,0.151,0.43,-99,0.03463,-99,0.026,-99,46.852,-99
"2024-05-29 22:30:00",1997,12.03839,305,0,0.201,0.57,-99,0.04633,-99,0.03438,-99,48.066,-99
"2024-05-29 23:00:00",1998,12.02664,305,0,0.201,0.57,-99,0.04633,-99,0.03146,-99,48.326,-99
"2024-05-29 23:30:00",1999,12.03168,305,0,0.162,0.46,-99,0.037,-99,0.03154,-99,49.267,-99
"2024-05-30 00:00:00",2000,12.03168,305,0,0.148,0.42,-99,0.03387,-99,0.02574,-99,48.079,-99
"2024-05-30 00:30:00",2001,12.0216,305,0,0.134,0.38,-99,0.03087,-99,0.02583,-99,48.382,-99
"2024-05-30 01:00:00",2002,12.02664,305,0,0.162,0.46,-99,0.0376,-99,0.02906,-99,47.271,-99
"2024-05-30 01:30:00",2003,12.01741,305,0,0.137,0.39,-99,0.03132,-99,0.02611,-99,48.178,-99
"2024-05-30 02:00:00",2004,12.02748,305,0,0.123,0.35,-99,0.02805,-99,0.01734,-99,47.745,-99
"2024-05-30 02:30:00",2005,12.01489,305,0,0.137,0.39,-99,0.03142,-99,0.02028,-99,48.126,-99
"2024-05-30 03:00:00",2006,12.02496,305,0,0.095,0.27,-99,0.02178,-99,0.01734,-99,47.822,-99
"2024-05-30 03:30:00",2007,12.02496,305,0,0.12,0.34,-99,0.02798,-99,0.0231,-99,48.346,-99
"2024-05-30 04:00:00",2008,12.0216,305,0,0.148,0.42,-99,0.03416,-99,0.02884,-99,47.297,-99
"2024-05-30 04:30:00",2009,12.01908,305,0,0.148,0.42,-99,0.03409,-99,0.02598,-99,48.61,-99
"2024-05-30 05:00:00",2010,12.01489,305,0,0.123,0.35,-99,0.02805,-99,0.026,-99,47.535,-99
"2024-05-30 05:30:00",2011,12.01405,305,0,0.134,0.38,-99,0.03087,-99,0.02004,-99,48.215,-99
"2024-05-30 06:00:00",2012,12.00817,305,0,0.106,0.3,-99,0.02469,-99,0.02004,-99,48.209,-99
"2024-05-30 06:30:00",2013,12.00482,305,0,0.148,0.42,-99,0.03378,-99,0.03719,-99,48.348,-99
"2024-05-30 07:00:00",2014,12.00146,305,0,0.239,0.68,-99,0.0552,-99,0.05158,-99,48.188,-99
"2024-05-30 07:30:00",2015,12.01153,305,0,0.426,1.21,-99,0.09788,-99,0.07978,-99,49.709,-99
"2024-05-30 08:00:00",2016,12.00314,305,0,0.574,1.63,-99,0.13226,-99,0.09992,-99,49.64,-99
"2024-05-30 08:30:00",2017,12.00565,305,0,0.687,1.95,-99,0.15848,-99,0.14536,-99,54.016,-99
"2024-05-30 09:00:00",2018,12.01321,305,0,0.877,2.49,-99,0.2019,-99,0.17085,-99,49.274,-99
"2024-05-30 09:30:00",2019,12.00817,305,0,0.94,2.67,-99,0.2163,-99,0.19689,-99,53.1,-99
"2024-05-30 10:00:00",2020,12.01825,305,0,1.208,3.43,-99,0.27812,-99,0.23188,-99,52.351,-99
"2024-05-30 10:30:00",2021,11.99894,305,0,1.415,4.02,-99,0.32576,-99,0.27958,-99,53.501,-99
"2024-05-30 11:00:00",2022,12.00565,305,0,1.553,4.41,-99,0.35766,-99,0.3047,-99,54.713,-99
"2024-05-30 11:30:00",2023,12.00565,305,0,1.524,4.33,-99,0.35165,-99,0.29962,-99,51.749,-99
"2024-05-30 12:00:00",2024,12.01825,305,0,1.693,4.81,-99,0.3901,-99,0.34831,-99,57.244,-99
"2024-05-30 12:30:00",2025,12.01825,305,0,1.697,4.82,-99,0.39066,-99,0.34589,-99,56.287,-99
"2024-05-30 13:00:00",2026,12.02328,305,0,1.968,5.59,-99,0.45376,-99,0.37532,-99,49.367,-99
"2024-05-30 13:30:00",2027,12.01405,305,0,1.901,5.4,-99,0.43836,-99,0.36924,-99,53.455,-99
"2024-05-30 14:00:00",2028,12.01321,305,0,1.986,5.64,-99,0.45725,-99,0.38578,-99,51.795,-99
"2024-05-30 14:30:00",2029,12.02496,305,0,1.989,5.65,-99,0.45831,-99,0.36744,-99,53.306,-99
"2024-05-30 15:00:00",2030,12.01657,305,0,1.891,5.37,-99,0.43552,-99,0.36272,-99,52.999,-99
"2024-05-30 15:30:00",2031,12.01489,305,0,1.792,5.09,-99,0.413,-99,0.34079,-99,51.262,-99
"2024-05-30 16:00:00",2032,12.01825,305,0,1.69,4.8,-99,0.3892,-99,0.32928,-99,49.404,-99
"2024-05-30 16:30:00",2033,12.02412,305,0,1.644,4.67,-99,0.37904,-99,0.3154,-99,50.969,-99
"2024-05-30 17:00:00",2034,12.02496,305,0,1.553,4.41,-99,0.35779,-99,0.29343,-99,52.284,-99
"2024-05-30 17:30:00",2035,12.0258,305,0,1.412,4.01,-99,0.32541,-99,0.26784,-99,51.693,-99
"2024-05-30 18:00:00",2036,12.01321,305,0,1.366,3.88,-99,0.31478,-99,0.25459,-99,50.452,-99
"2024-05-30 18:30:00",2037,12.01405,305,0,1.253,3.56,-99,0.28858,-99,0.22702,-99,51.569,-99
"2024-05-30 19:00:00",2038,12.01069,305,0,1.007,2.86,-99,0.23228,-99,0.19078,-99,50.053,-99
"2024-05-30 19:30:00",2039,12.00314,305,0,0.806,2.29,-99,0.18578,-99,0.15684,-99,48.503,-99
