"TOA5","CR300Series_403","CR300","27029","CR300-RF407.Std.10.03","CPU:CR300_sapflow.CR300","8254","Table2"
"TIMESTAMP","RECORD","BattV_Min","id","SDI1","SapFlwTot1","VhOuter1","VhInner1","AlphaOut1","AlphaIn1","BetaOut1","BetaIn1","tMaxTout1","tMaxTin1"
"TS","RN","Volts","","","literPerHour","heatVelocity","heatVelocity","logTRatio","logTRatio","logTRatio","logTRatio","second","second"
"","","Min","Smp","Smp","Smp","Smp","Smp","Smp","Smp","Smp","Smp","Smp","Smp"
"2021-05-26 12:30:00",0,12.89,403,1,3.41,5.34,10.67,0.472,0.945,0.452,0.858,47.77,34.02
"2021-05-26 13:00:00",1,12.78,403,1,3.596,5.53,11.36,0.489,1.006,0.473,0.891,44.58,32.63
"2021-05-26 13:30:00",2,12.76,403,1,3.725,5.58,11.92,0.494,1.055,0.482,0.916,45.75,33.91
"2021-05-26 14:00:00",3,12.77,403,1,3.801,5.47,12.4,0.484,1.097,0.48,0.951,45.07,33.23
"2021-05-26 14:30:00",4,12.75,403,1,3.84,5.57,12.48,0.493,1.105,0.484,0.944,44.66,33.8
"2021-05-26 15:00:00",5,12.74,403,1,3.931,5.67,12.81,0.501,1.134,0.498,0.967,45.78,33.43
"2021-05-26 15:30:00",6,12.73,403,1,3.879,5.55,12.69,0.491,1.123,0.494,0.968,44.61,33.08
"2021-05-26 16:00:00",7,12.72,403,1,3.921,5.76,12.67,0.51,1.122,0.503,0.964,44.91,33.23
"2021-05-26 16:30:00",8,12.71,403,1,3.837,5.54,12.5,0.49,1.106,0.489,0.954,45.06,32.71
"2021-05-26 17:00:00",9,12.69,403,1,3.743,5.55,12.04,0.491,1.065,0.484,0.924,44.57,33.45
"2021-05-26 17:30:00",10,12.69,403,1,3.621,5.49,11.52,0.486,1.02,0.474,0.888,45.14,33.04
"2021-05-26 18:00:00",11,12.68,403,1,3.345,5.14,10.57,0.455,0.935,0.448,0.838,45.56,33.04
"2021-05-26 18:30:00",12,12.67,403,1,3.033,4.79,9.45,0.424,0.837,0.417,0.763,45.37,33.27
"2021-05-26 19:00:00",13,12.67,403,1,2.664,4.3,8.2,0.381,0.725,0.377,0.692,45.55,32.47
"2021-05-26 19:30:00",14,12.66,403,1,2.231,3.83,6.63,0.339,0.586,0.339,0.592,45.53,31.92
"2021-05-26 20:00:00",15,12.65,403,1,1.707,2.97,5.03,0.263,0.445,0.277,0.499,45.5,31.88
"2021-05-26 20:30:00",16,12.65,403,1,1.39,2.49,4.02,0.22,0.356,0.242,0.438,46.03,31.58
"2021-05-26 21:00:00",17,12.64,403,1,1.222,2.25,3.47,0.199,0.307,0.227,0.406,45.32,31.13
"2021-05-26 21:30:00",18,12.64,403,1,1.113,2.02,3.19,0.178,0.282,0.215,0.389,45.46,30.6
"2021-05-26 22:00:00",19,12.63,403,1,1.06,2.01,2.95,0.177,0.261,0.21,0.371,45.31,31.12
"2021-05-26 22:30:00",20,12.63,403,1,1.041,1.98,2.89,0.175,0.256,0.207,0.37,45.21,30.19
"2021-05-26 23:00:00",21,12.62,403,1,0.998,1.92,2.75,0.17,0.243,0.204,0.357,45.52,30.91
"2021-05-26 23:30:00",22,12.62,403,1,1.041,1.99,2.88,0.176,0.255,0.208,0.368,45.22,30.46
"2021-05-27 00:00:00",23,12.61,403,1,1.022,1.97,2.81,0.174,0.249,0.207,0.367,46.13,30.42
"2021-05-27 00:30:00",24,12.61,403,1,0.997,1.95,2.71,0.172,0.24,0.205,0.357,45.61,29.9
"2021-05-27 01:00:00",25,12.61,403,1,0.926,1.84,2.49,0.163,0.22,0.197,0.346,45.36,30.48
"2021-05-27 01:30:00",26,12.61,403,1,0.902,1.75,2.47,0.155,0.219,0.192,0.346,45.86,30.41
"2021-05-27 02:00:00",27,12.6,403,1,0.928,1.82,2.52,0.161,0.223,0.195,0.35,45.77,31.15
"2021-05-27 02:30:00",28,12.6,403,1,0.943,1.84,2.57,0.163,0.227,0.197,0.347,45.55,30.36
"2021-05-27 03:00:00",29,12.59,403,1,0.958,1.86,2.62,0.165,0.232,0.201,0.351,45.72,30.27
"2021-05-27 03:30:00",30,12.59,403,1,1.009,1.94,2.78,0.172,0.246,0.205,0.362,46.15,30.87
"2021-05-27 04:00:00",31,12.59,403,1,0.999,1.93,2.74,0.171,0.243,0.204,0.358,45.7,30.41
"2021-05-27 04:30:00",32,12.59,403,1,1.007,1.94,2.77,0.172,0.245,0.203,0.36,45.59,30.54
"2021-05-27 05:00:00",33,12.59,403,1,0.992,1.92,2.72,0.17,0.241,0.203,0.358,45.59,29.99
"2021-05-27 05:30:00",34,12.58,403,1,0.95,1.87,2.57,0.166,0.228,0.199,0.348,45.35,30.73
"2021-05-27 06:00:00",35,12.58,403,1,1.031,2.01,2.81,0.178,0.249,0.209,0.361,45.33,30.3
"2021-05-27 06:30:00",36,12.58,403,1,1.188,2.17,3.39,0.192,0.3,0.221,0.397,46.08,30.63
"2021-05-27 07:00:00",37,12.58,403,1,1.396,2.48,4.06,0.219,0.359,0.242,0.436,46.6,31.15
"2021-05-27 07:30:00",38,12.58,403,1,1.847,3.09,5.57,0.273,0.493,0.287,0.522,47.02,32.24
"2021-05-27 08:00:00",39,12.57,403,1,2.123,3.47,6.49,0.307,0.575,0.317,0.58,46.98,32.53
"2021-05-27 08:30:00",40,12.57,403,1,2.428,3.84,7.56,0.34,0.67,0.344,0.647,46.61,32.56
"2021-05-27 09:00:00",41,12.58,403,1,2.756,4.33,8.61,0.384,0.762,0.382,0.706,46.56,33.18
"2021-05-27 09:30:00",42,12.61,403,1,2.84,4.33,9.01,0.383,0.797,0.385,0.731,46.78,33.56
"2021-05-27 10:00:00",43,12.59,403,1,3.007,4.48,9.65,0.396,0.854,0.398,0.77,46.55,33.6
"2021-05-27 10:30:00",44,12.63,403,1,3.165,4.76,10.11,0.421,0.895,0.42,0.803,45.86,33.33
"2021-05-27 11:00:00",45,12.61,403,1,3.227,4.92,10.24,0.435,0.906,0.429,0.805,45.22,33.51
"2021-05-27 11:30:00",46,12.68,403,1,3.37,5.1,10.73,0.452,0.949,0.445,0.836,46.16,34.04
"2021-05-27 12:00:00",47,12.74,403,1,3.303,5.15,10.36,0.456,0.917,0.447,0.814,46.31,34.2
"2021-05-27 12:30:00",48,12.77,403,1,3.361,5.22,10.56,0.462,0.935,0.451,0.829,47.8,34.03
"2021-05-27 13:00:00",49,12.72,403,1,3.63,5.99,11.04,0.53,0.977,0.489,0.848,44.75,34.56
"2021-05-27 13:30:00",50,12.7,403,1,3.45,5.32,10.88,0.471,0.963,0.457,0.837,46.06,33.53
"2021-05-27 14:00:00",51,12.72,403,1,3.429,5.13,10.98,0.454,0.972,0.447,0.844,46.01,33.48
"2021-05-27 14:30:00",52,12.69,403,1,3.5,5.18,11.27,0.459,0.998,0.453,0.864,46.03,33.77
"2021-05-27 15:00:00",53,12.68,403,1,3.509,5.21,11.28,0.461,0.999,0.454,0.861,45.89,33.37
"2021-05-27 15:30:00",54,12.67,403,1,3.394,5.06,10.89,0.448,0.964,0.445,0.843,45.5,33.64
"2021-05-27 16:00:00",55,12.66,403,1,3.433,5.33,10.79,0.472,0.955,0.456,0.832,45.73,33.62
"2021-05-27 16:30:00",56,12.64,403,1,3.193,4.78,10.22,0.423,0.905,0.422,0.799,46.5,33.56
"2021-05-27 17:00:00",57,12.64,403,1,3.127,4.88,9.8,0.432,0.868,0.423,0.77,45.59,33.06
"2021-05-27 17:30:00",58,12.62,403,1,3.016,4.76,9.4,0.421,0.832,0.411,0.746,46.2,33.26
"2021-05-27 18:00:00",59,12.62,403,1,2.877,4.48,9.03,0.396,0.8,0.393,0.723,46.3,33.93
"2021-05-27 18:30:00",60,12.61,403,1,2.687,4.3,8.31,0.38,0.736,0.378,0.683,46.24,32.89
"2021-05-27 19:00:00",61,12.61,403,1,2.387,3.92,7.28,0.347,0.644,0.347,0.621,45.73,33.21
"2021-05-27 19:30:00",62,12.61,403,1,2.055,3.54,6.09,0.313,0.539,0.317,0.551,45.38,32.19
"2021-05-27 20:00:00",63,12.6,403,1,1.686,2.98,4.92,0.264,0.435,0.277,0.483,45.43,31.49
"2021-05-27 20:30:00",64,12.59,403,1,1.354,2.47,3.87,0.219,0.343,0.243,0.424,45.74,31.13
"2021-05-27 21:00:00",65,12.59,403,1,1.105,2.06,3.11,0.183,0.275,0.212,0.381,45.07,30.88
"2021-05-27 21:30:00",66,12.58,403,1,0.992,1.89,2.75,0.167,0.243,0.201,0.357,45.54,30.36
"2021-05-27 22:00:00",67,12.58,403,1,0.928,1.8,2.54,0.159,0.225,0.194,0.348,45.83,30.53
"2021-05-27 22:30:00",68,12.57,403,1,0.905,1.77,2.46,0.157,0.218,0.191,0.343,45.38,30.35
"2021-05-27 23:00:00",69,12.57,403,1,0.867,1.74,2.31,0.154,0.204,0.189,0.332,45.47,30.43
"2021-05-27 23:30:00",70,12.57,403,1,0.85,1.73,2.24,0.153,0.198,0.188,0.327,45.47,30.01
"2021-05-28 00:00:00",71,12.56,403,1,0.805,1.62,2.14,0.144,0.189,0.183,0.324,45.05,30.43
"2021-05-28 00:30:00",72,12.56,403,1,0.779,1.61,2.03,0.143,0.18,0.181,0.319,45.57,30.12
"2021-05-28 01:00:00",73,12.55,403,1,0.786,1.61,2.06,0.142,0.182,0.181,0.32,45.77,30.06
"2021-05-28 01:30:00",74,12.55,403,1,0.792,1.62,2.08,0.143,0.184,0.181,0.319,45.18,30.13
"2021-05-28 02:00:00",75,12.55,403,1,0.777,1.59,2.04,0.141,0.18,0.177,0.316,45.73,30.28
"2021-05-28 02:30:00",76,12.55,403,1,0.775,1.61,2.01,0.143,0.178,0.181,0.315,45.63,30.17
"2021-05-28 03:00:00",77,12.54,403,1,0.799,1.64,2.09,0.145,0.185,0.182,0.319,45.69,30.07
"2021-05-28 03:30:00",78,12.54,403,1,0.762,1.55,2.01,0.137,0.178,0.178,0.312,45.66,30.19
"2021-05-28 04:00:00",79,12.53,403,1,0.764,1.57,2,0.139,0.177,0.176,0.314,45.51,29.63
"2021-05-28 04:30:00",80,12.53,403,1,0.737,1.54,1.9,0.137,0.168,0.176,0.308,45.41,30.35
"2021-05-28 05:00:00",81,12.53,403,1,0.728,1.53,1.87,0.135,0.166,0.174,0.308,45.16,29.84
"2021-05-28 05:30:00",82,12.53,403,1,0.713,1.48,1.85,0.131,0.163,0.17,0.305,44.88,30.81
"2021-05-28 06:00:00",83,12.53,403,1,0.749,1.52,1.98,0.135,0.176,0.174,0.311,46,29.97
"2021-05-28 06:30:00",84,12.52,403,1,0.813,1.61,2.19,0.142,0.194,0.179,0.323,46.13,30.25
"2021-05-28 07:00:00",85,12.53,403,1,0.907,1.78,2.46,0.158,0.218,0.189,0.339,45.34,30.71
"2021-05-28 07:30:00",86,12.52,403,1,0.998,1.89,2.78,0.167,0.246,0.198,0.357,45.58,31.22
"2021-05-28 08:00:00",87,12.53,403,1,1.232,2.21,3.56,0.196,0.316,0.22,0.403,46.23,31.03
"2021-05-28 08:30:00",88,12.53,403,1,1.485,2.55,4.41,0.225,0.39,0.245,0.45,47.37,31.35
"2021-05-28 09:00:00",89,12.53,403,1,1.851,3.11,5.57,0.276,0.493,0.287,0.513,47.08,32.04
"2021-05-28 09:30:00",90,12.56,403,1,2.069,3.36,6.35,0.298,0.562,0.307,0.564,46.59,32.54
"2021-05-28 10:00:00",91,12.55,403,1,2.4,3.72,7.55,0.33,0.669,0.338,0.634,47.27,33.9
"2021-05-28 10:30:00",92,12.59,403,1,2.801,4.57,8.57,0.405,0.759,0.395,0.696,45.32,33.61
"2021-05-28 11:00:00",93,12.59,403,1,2.976,4.69,9.28,0.415,0.821,0.407,0.732,47.33,33.97
"2021-05-28 11:30:00",94,12.59,403,1,3.109,4.62,9.99,0.409,0.885,0.414,0.781,47.17,33.65
"2021-05-28 12:00:00",95,12.63,403,1,3.311,5.28,10.26,0.468,0.909,0.449,0.789,46.39,33.86
"2021-05-28 12:30:00",96,12.66,403,1,3.38,5.11,10.77,0.452,0.953,0.447,0.823,45.19,34.16
"2021-05-28 13:00:00",97,12.64,403,1,3.392,5.46,10.46,0.483,0.926,0.458,0.795,45.58,33.87
"2021-05-28 13:30:00",98,12.64,403,1,3.368,5.16,10.66,0.457,0.944,0.446,0.81,46.37,33.17
"2021-05-28 14:00:00",99,12.64,403,1,3.381,5.19,10.69,0.459,0.946,0.448,0.81,46.08,33.55
"2021-05-28 14:30:00",100,12.64,403,1,3.315,5.05,10.52,0.447,0.931,0.44,0.803,46.32,34.04
"2021-05-28 15:00:00",101,12.62,403,1,2.823,4.67,8.57,0.414,0.759,0.4,0.684,45.88,33.76
"2021-05-28 15:30:00",102,12.6,403,1,2.341,3.92,7.06,0.347,0.624,0.345,0.597,46.38,32.61
"2021-05-28 16:00:00",103,12.6,403,1,2.496,4.11,7.6,0.364,0.673,0.358,0.629,46.83,33.88
"2021-05-28 16:30:00",104,12.58,403,1,2.053,3.23,6.41,0.286,0.568,0.306,0.568,44.91,32.78
"2021-05-28 17:00:00",105,12.56,403,1,1.539,2.73,4.48,0.242,0.397,0.258,0.453,45.37,31
"2021-05-28 17:30:00",106,12.56,403,1,1.519,2.61,4.51,0.231,0.399,0.251,0.453,46.8,31.2
"2021-05-28 18:00:00",107,12.55,403,1,1.611,2.81,4.74,0.249,0.42,0.263,0.467,46.56,31.54
"2021-05-28 18:30:00",108,12.55,403,1,1.469,2.63,4.25,0.233,0.376,0.251,0.441,46.18,32.14
"2021-05-28 19:00:00",109,12.54,403,1,1.26,2.28,3.62,0.202,0.32,0.23,0.404,46.1,30.64
"2021-05-28 19:30:00",110,12.53,403,1,1.099,2.08,3.06,0.184,0.271,0.213,0.371,46.16,31.37
"2021-05-28 20:00:00",111,12.53,403,1,0.987,1.87,2.75,0.166,0.243,0.2,0.351,45.68,30.79
"2021-05-28 20:30:00",112,12.53,403,1,0.905,1.77,2.46,0.157,0.218,0.192,0.337,45.82,30.21
"2021-05-28 21:00:00",113,12.53,403,1,0.749,1.53,1.97,0.135,0.174,0.176,0.31,45.72,30.43
"2021-05-28 21:30:00",114,12.52,403,1,0.703,1.49,1.79,0.132,0.158,0.172,0.3,45.17,29.87
"2021-05-28 22:00:00",115,12.52,403,1,0.666,1.42,1.69,0.126,0.15,0.168,0.296,45.62,30.01
"2021-05-28 22:30:00",116,12.52,403,1,0.656,1.4,1.66,0.124,0.147,0.166,0.295,45.81,29.95
"2021-05-28 23:00:00",117,12.51,403,1,0.643,1.39,1.61,0.123,0.142,0.165,0.293,45.06,30.02
"2021-05-28 23:30:00",118,12.51,403,1,0.62,1.35,1.54,0.119,0.137,0.162,0.285,46.8,30.37
"2021-05-29 00:00:00",119,12.51,403,1,0.643,1.38,1.62,0.122,0.143,0.163,0.29,45.6,30.15
"2021-05-29 00:30:00",120,12.51,403,1,0.626,1.34,1.58,0.119,0.14,0.162,0.286,45.89,29.76
"2021-05-29 01:00:00",121,12.51,403,1,0.667,1.46,1.65,0.129,0.146,0.175,0.292,45.17,29.97
"2021-05-29 01:30:00",122,12.5,403,1,0.639,1.38,1.6,0.122,0.141,0.167,0.291,45.33,29.61
"2021-05-29 02:00:00",123,12.5,403,1,0.645,1.41,1.6,0.125,0.141,0.169,0.289,45.34,29.88
"2021-05-29 02:30:00",124,12.5,403,1,0.635,1.39,1.57,0.123,0.139,0.166,0.289,45.59,29.97
"2021-05-29 03:00:00",125,12.5,403,1,0.641,1.39,1.6,0.123,0.141,0.166,0.289,45.6,29.72
"2021-05-29 03:30:00",126,12.5,403,1,0.635,1.39,1.57,0.123,0.139,0.167,0.287,45.31,29.85
"2021-05-29 04:00:00",127,12.49,403,1,0.654,1.44,1.61,0.127,0.142,0.171,0.292,45.19,30.14
"2021-05-29 04:30:00",128,12.49,403,1,0.647,1.41,1.61,0.125,0.142,0.168,0.292,45.15,30.36
"2021-05-29 05:00:00",129,12.48,403,1,0.63,1.35,1.59,0.119,0.141,0.17,0.294,45.3,29.57
"2021-05-29 05:30:00",130,12.48,403,1,0.671,1.45,1.68,0.128,0.149,0.172,0.297,46.17,29.86
"2021-05-29 06:00:00",131,12.48,403,1,0.673,1.49,1.65,0.132,0.146,0.173,0.296,44.91,30.84
"2021-05-29 06:30:00",132,12.48,403,1,0.694,1.62,1.61,0.144,0.143,0.181,0.296,46.32,29.86
"2021-05-29 07:00:00",133,12.47,403,1,0.645,1.38,1.63,0.122,0.144,0.17,0.297,44.61,30.22
"2021-05-29 07:30:00",134,12.47,403,1,0.647,1.41,1.61,0.125,0.143,0.166,0.292,46.31,29.74
"2021-05-29 08:00:00",135,12.46,403,1,0.617,1.35,1.53,0.12,0.135,0.167,0.29,44.92,29.44
"2021-05-29 08:30:00",136,12.46,403,1,0.661,1.49,1.59,0.132,0.141,0.174,0.291,44.98,29.08
"2021-05-29 09:00:00",137,12.46,403,1,0.611,1.32,1.53,0.117,0.135,0.162,0.285,46.04,30.14
"2021-05-29 09:30:00",138,12.46,403,1,0.659,1.48,1.59,0.131,0.141,0.17,0.287,46.45,30.13
"2021-05-29 10:00:00",139,12.45,403,1,0.641,1.42,1.57,0.126,0.139,0.167,0.288,45.56,29.4
"2021-05-29 10:30:00",140,12.45,403,1,0.646,1.46,1.55,0.129,0.138,0.172,0.288,46.5,29.35
"2021-05-29 11:00:00",141,12.45,403,1,0.654,1.45,1.6,0.128,0.141,0.172,0.292,45.55,29.65
"2021-05-29 11:30:00",142,12.45,403,1,0.624,1.38,1.53,0.122,0.136,0.166,0.285,45.61,29.71
"2021-05-29 12:00:00",143,12.45,403,1,0.622,1.4,1.5,0.124,0.133,0.165,0.284,46.74,29.86
"2021-05-29 12:30:00",144,12.45,403,1,0.62,1.35,1.54,0.12,0.137,0.165,0.287,45.72,30.65
"2021-05-29 13:00:00",145,12.44,403,1,0.683,1.45,1.74,0.128,0.154,0.169,0.301,45.57,30.24
"2021-05-29 13:30:00",146,12.44,403,1,0.686,1.46,1.74,0.129,0.154,0.172,0.301,45.87,28.88
"2021-05-29 14:00:00",147,12.44,403,1,0.763,1.6,1.96,0.142,0.174,0.181,0.312,45.9,30
"2021-05-29 14:30:00",148,12.44,403,1,0.771,1.58,2.02,0.14,0.179,0.178,0.312,45.93,30.29
"2021-05-29 15:00:00",149,12.43,403,1,0.637,1.38,1.59,0.122,0.141,0.167,0.293,45.62,30.96
"2021-05-29 15:30:00",150,12.43,403,1,0.635,1.39,1.57,0.123,0.139,0.168,0.29,45.77,29.04
"2021-05-29 16:00:00",151,12.43,403,1,0.605,1.36,1.46,0.12,0.129,0.167,0.285,45.26,30.6
"2021-05-29 16:30:00",152,12.43,403,1,0.607,1.35,1.48,0.119,0.131,0.165,0.288,44.83,29.35
"2021-05-29 17:00:00",153,12.42,403,1,0.577,1.26,1.43,0.112,0.126,0.157,0.283,46.83,29
"2021-05-29 17:30:00",154,12.42,403,1,0.613,1.35,1.51,0.119,0.134,0.165,0.285,46.01,29.94
"2021-05-29 18:00:00",155,12.42,403,1,0.579,1.3,1.4,0.115,0.124,0.159,0.281,45.4,29.74
"2021-05-29 18:30:00",156,12.42,403,1,0.61,1.39,1.45,0.123,0.128,0.165,0.284,45.62,29.56
"2021-05-29 19:00:00",157,12.42,403,1,0.598,1.31,1.48,0.116,0.131,0.16,0.288,45.84,29.67
"2021-05-29 19:30:00",158,12.42,403,1,0.597,1.36,1.42,0.121,0.126,0.165,0.284,45.49,29.84
"2021-05-29 20:00:00",159,12.41,403,1,0.597,1.36,1.42,0.121,0.126,0.166,0.282,45.86,29.94
"2021-05-29 20:30:00",160,12.41,403,1,0.583,1.3,1.42,0.115,0.126,0.159,0.28,44.38,29.72
"2021-05-29 21:00:00",161,12.41,403,1,0.588,1.32,1.42,0.117,0.126,0.161,0.285,44.42,28.94
"2021-05-29 21:30:00",162,12.41,403,1,0.592,1.33,1.43,0.118,0.126,0.165,0.285,45.94,29.62
"2021-05-29 22:00:00",163,12.41,403,1,0.573,1.3,1.37,0.115,0.121,0.161,0.284,45.79,29.62
"2021-05-29 22:30:00",164,12.41,403,1,0.583,1.3,1.42,0.115,0.126,0.159,0.28,44.12,28.37
"2021-05-29 23:00:00",165,12.4,403,1,0.599,1.34,1.45,0.118,0.128,0.164,0.287,45.76,29.86
"2021-05-29 23:30:00",166,12.41,403,1,0.607,1.36,1.47,0.121,0.13,0.164,0.286,45.27,29.52
"2021-05-30 00:00:00",167,12.4,403,1,0.615,1.34,1.53,0.119,0.135,0.163,0.288,44.95,29.46
"2021-05-30 00:30:00",168,12.4,403,1,0.611,1.36,1.49,0.121,0.132,0.164,0.285,45.62,29.56
"2021-05-30 01:00:00",169,12.4,403,1,0.594,1.35,1.42,0.119,0.126,0.163,0.281,46.06,29.05
"2021-05-30 01:30:00",170,12.4,403,1,0.573,1.3,1.37,0.115,0.121,0.156,0.279,45.24,29.17
"2021-05-30 02:00:00",171,12.4,403,1,0.581,1.31,1.4,0.116,0.124,0.158,0.279,45.46,28.86
"2021-05-30 02:30:00",172,12.39,403,1,0.575,1.33,1.35,0.117,0.119,0.16,0.277,45.49,29.99
"2021-05-30 03:00:00",173,12.39,403,1,0.573,1.32,1.35,0.117,0.119,0.161,0.279,46.07,29.48
"2021-05-30 03:30:00",174,12.39,403,1,0.571,1.32,1.34,0.117,0.119,0.161,0.279,45.58,29.25
"2021-05-30 04:00:00",175,12.39,403,1,0.575,1.28,1.4,0.114,0.124,0.16,0.279,45.63,29.73
"2021-05-30 04:30:00",176,12.39,403,1,0.584,1.32,1.4,0.117,0.124,0.161,0.279,46.28,29.27
"2021-05-30 05:00:00",177,12.39,403,1,0.577,1.32,1.37,0.117,0.121,0.163,0.277,46.27,29.37
"2021-05-30 05:30:00",178,12.39,403,1,0.575,1.31,1.37,0.116,0.121,0.16,0.279,46.15,29.83
"2021-05-30 06:00:00",179,12.39,403,1,0.58,1.35,1.35,0.12,0.119,0.162,0.279,46.24,29.25
"2021-05-30 06:30:00",180,12.38,403,1,0.573,1.3,1.37,0.115,0.121,0.157,0.279,45.76,29.58
"2021-05-30 07:00:00",181,12.38,403,1,0.588,1.34,1.4,0.119,0.124,0.163,0.281,46.2,29.88
"2021-05-30 07:30:00",182,12.38,403,1,0.571,1.3,1.36,0.115,0.121,0.159,0.278,46.38,30.21
"2021-05-30 08:00:00",183,12.38,403,1,0.59,1.35,1.4,0.119,0.124,0.161,0.281,44.67,29.17
"2021-05-30 08:30:00",184,12.38,403,1,0.564,1.29,1.34,0.114,0.118,0.155,0.275,47.16,29.73
"2021-05-30 09:00:00",185,12.38,403,1,0.558,1.28,1.32,0.113,0.117,0.16,0.275,47.21,29.47
"2021-05-30 09:30:00",186,12.37,403,1,0.588,1.35,1.39,0.12,0.123,0.162,0.28,45.59,28.84
"2021-05-30 10:00:00",187,12.37,403,1,0.605,1.36,1.46,0.12,0.129,0.163,0.283,46.79,30.31
"2021-05-30 10:30:00",188,12.37,403,1,0.662,1.42,1.67,0.126,0.148,0.169,0.294,46.1,30.19
"2021-05-30 11:00:00",189,12.37,403,1,0.69,1.47,1.75,0.13,0.155,0.169,0.299,45.51,30.18
"2021-05-30 11:30:00",190,12.37,403,1,0.713,1.5,1.83,0.133,0.162,0.172,0.302,46.81,30.08
"2021-05-30 12:00:00",191,12.37,403,1,0.752,1.58,1.93,0.14,0.171,0.179,0.308,46.34,29.87
"2021-05-30 12:30:00",192,12.37,403,1,0.811,1.62,2.17,0.144,0.192,0.18,0.322,46.64,30.33
"2021-05-30 13:00:00",193,12.37,403,1,0.858,1.71,2.3,0.151,0.204,0.186,0.329,46.17,30.28
"2021-05-30 13:30:00",194,12.37,403,1,0.92,1.81,2.49,0.16,0.221,0.195,0.338,47.43,29.87
"2021-05-30 14:00:00",195,12.37,403,1,0.952,1.86,2.59,0.164,0.229,0.197,0.346,45.93,30.86
"2021-05-30 14:30:00",196,12.37,403,1,0.937,1.81,2.57,0.16,0.227,0.193,0.345,46.17,30.43
"2021-05-30 15:00:00",197,12.37,403,1,0.911,1.77,2.49,0.157,0.221,0.189,0.34,47.13,31.07
"2021-05-30 15:30:00",198,12.37,403,1,0.963,1.91,2.59,0.169,0.229,0.2,0.345,46.66,30.6
"2021-05-30 16:00:00",199,12.37,403,1,0.983,1.84,2.76,0.163,0.245,0.198,0.355,46.97,30.08
"2021-05-30 16:30:00",200,12.37,403,1,1.052,2.06,2.86,0.183,0.253,0.211,0.36,45.75,30.1
"2021-05-30 17:00:00",201,12.37,403,1,1.124,2.15,3.11,0.191,0.276,0.218,0.372,47.41,31.34
"2021-05-30 17:30:00",202,12.36,403,1,1.113,2.1,3.11,0.186,0.275,0.215,0.374,46.37,30.89
"2021-05-30 18:00:00",203,12.36,403,1,1.135,2.12,3.19,0.188,0.282,0.216,0.379,46.53,30.9
"2021-05-30 18:30:00",204,12.36,403,1,1.143,2.16,3.19,0.191,0.282,0.218,0.377,46.14,30.08
"2021-05-30 19:00:00",205,12.36,403,1,1.079,2.04,3.01,0.181,0.266,0.211,0.368,46.47,30.42
"2021-05-30 19:30:00",206,12.36,403,1,1.054,2,2.93,0.177,0.259,0.209,0.363,46.35,30.86
"2021-05-30 20:00:00",207,12.36,403,1,1.02,1.97,2.8,0.175,0.248,0.209,0.357,46.22,30.32
"2021-05-30 20:30:00",208,12.36,403,1,0.956,1.88,2.59,0.167,0.229,0.2,0.344,46.31,29.83
"2021-05-30 21:00:00",209,12.35,403,1,0.903,1.79,2.43,0.158,0.215,0.194,0.335,46.46,30.71
"2021-05-30 21:30:00",210,12.35,403,1,0.852,1.74,2.24,0.154,0.199,0.188,0.326,46.34,30.02
"2021-05-30 22:00:00",211,12.35,403,1,0.833,1.7,2.19,0.151,0.194,0.187,0.321,46.44,30.12
"2021-05-30 22:30:00",212,12.34,403,1,0.812,1.68,2.11,0.149,0.187,0.185,0.317,46.07,29.76
"2021-05-30 23:00:00",213,12.34,403,1,0.803,1.64,2.11,0.145,0.187,0.182,0.315,46.01,30.51
"2021-05-30 23:30:00",214,12.35,403,1,0.779,1.59,2.05,0.141,0.182,0.18,0.315,46.78,29.88
"2021-05-31 00:00:00",215,12.35,403,1,0.784,1.62,2.04,0.143,0.18,0.182,0.314,45.64,30.14
"2021-05-31 00:30:00",216,12.34,403,1,0.773,1.61,2,0.143,0.177,0.179,0.312,46.01,29.68
"2021-05-31 01:00:00",217,12.34,403,1,0.756,1.56,1.97,0.138,0.174,0.176,0.31,46.55,30.08
"2021-05-31 01:30:00",218,12.34,403,1,0.773,1.59,2.02,0.141,0.179,0.178,0.311,45.99,30.08
"2021-05-31 02:00:00",219,12.34,403,1,0.775,1.59,2.03,0.141,0.179,0.178,0.312,46.81,30.33
"2021-05-31 02:30:00",220,12.34,403,1,0.792,1.62,2.08,0.144,0.184,0.182,0.316,45.77,30.55
"2021-05-31 03:00:00",221,12.33,403,1,0.773,1.58,2.03,0.14,0.179,0.176,0.313,46.45,29.98
"2021-05-31 03:30:00",222,12.33,403,1,0.728,1.53,1.87,0.135,0.165,0.175,0.304,46.25,29.67
"2021-05-31 04:00:00",223,12.33,403,1,0.72,1.52,1.84,0.135,0.163,0.173,0.305,46.13,29.81
"2021-05-31 04:30:00",224,12.33,403,1,0.741,1.54,1.92,0.137,0.17,0.176,0.306,46.46,29.88
"2021-05-31 05:00:00",225,12.33,403,1,0.811,1.63,2.16,0.145,0.191,0.18,0.319,46.81,31.17
"2021-05-31 05:30:00",226,12.33,403,1,0.848,1.72,2.24,0.153,0.198,0.185,0.323,45.88,29.98
"2021-05-31 06:00:00",227,12.33,403,1,0.839,1.68,2.24,0.149,0.198,0.183,0.323,46.78,29.38
"2021-05-31 06:30:00",228,12.33,403,1,0.943,1.85,2.56,0.163,0.226,0.195,0.343,45.7,30.22
"2021-05-31 07:00:00",229,12.33,403,1,1.069,2.02,2.98,0.179,0.264,0.208,0.365,47.54,30.66
"2021-05-31 07:30:00",230,12.32,403,1,1.307,2.37,3.75,0.21,0.332,0.233,0.405,47.09,30.94
"2021-05-31 08:00:00",231,12.32,403,1,1.562,2.74,4.58,0.243,0.405,0.257,0.449,46.98,31.25
"2021-05-31 08:30:00",232,12.32,403,1,1.704,2.91,5.08,0.258,0.449,0.272,0.476,47.29,32.49
"2021-05-31 09:00:00",233,12.32,403,1,1.867,3.22,5.53,0.285,0.49,0.294,0.503,47.54,31.91
"2021-05-31 09:30:00",234,12.34,403,1,1.853,3.3,5.38,0.292,0.476,0.299,0.49,47.75,32.02
"2021-05-31 10:00:00",235,12.34,403,1,1.822,2.95,5.6,0.262,0.496,0.279,0.503,47.79,32.06
"2021-05-31 10:30:00",236,12.37,403,1,1.984,3.42,5.88,0.303,0.52,0.308,0.516,47.42,31.8
"2021-05-31 11:00:00",237,12.38,403,1,2.074,3.42,6.31,0.302,0.559,0.312,0.544,47.69,32.38
"2021-05-31 11:30:00",238,12.41,403,1,2.254,3.76,6.81,0.333,0.603,0.336,0.568,47.16,32.68
"2021-05-31 12:00:00",239,12.43,403,1,2.344,4,6.99,0.354,0.618,0.353,0.583,46.81,33.16
"2021-05-31 12:30:00",240,12.45,403,1,2.381,3.87,7.3,0.343,0.646,0.345,0.602,47.79,33.15
"2021-05-31 13:00:00",241,12.43,403,1,2.681,4.39,8.19,0.389,0.725,0.385,0.645,46.49,32.84
"2021-05-31 13:30:00",242,12.42,403,1,2.93,4.7,9.05,0.416,0.801,0.409,0.689,47.12,33.47
"2021-05-31 14:00:00",243,12.43,403,1,2.974,4.89,9.06,0.433,0.802,0.421,0.688,46.69,33.98
"2021-05-31 14:30:00",244,12.42,403,1,2.941,4.8,9,0.425,0.797,0.418,0.688,47.02,34.31
"2021-05-31 15:00:00",245,12.41,403,1,2.785,4.45,8.62,0.394,0.763,0.391,0.664,47.8,33.18
"2021-05-31 15:30:00",246,12.4,403,1,2.939,4.8,8.99,0.425,0.796,0.417,0.688,47.22,33.68
"2021-05-31 16:00:00",247,12.4,403,1,2.81,4.71,8.47,0.417,0.75,0.405,0.654,47.14,32.92
"2021-05-31 16:30:00",248,12.38,403,1,2.733,4.53,8.29,0.401,0.734,0.395,0.643,47.07,33.71
"2021-05-31 17:00:00",249,12.37,403,1,2.708,4.5,8.2,0.398,0.726,0.39,0.635,46.69,32.23
"2021-05-31 17:30:00",250,12.37,403,1,2.665,4.43,8.07,0.393,0.714,0.385,0.625,47.57,32.38
"2021-05-31 18:00:00",251,12.36,403,1,2.567,4.31,7.73,0.382,0.685,0.38,0.606,47.05,32.43
"2021-05-31 18:30:00",252,12.36,403,1,2.383,4.07,7.1,0.361,0.629,0.36,0.576,46.84,32.48
"2021-05-31 19:00:00",253,12.36,403,1,2.287,3.93,6.79,0.348,0.601,0.347,0.557,47.32,32.44
"2021-05-31 19:30:00",254,12.36,403,1,2.094,3.67,6.14,0.325,0.544,0.327,0.524,47.07,32.03
"2021-05-31 20:00:00",255,12.35,403,1,1.766,3.23,5.04,0.286,0.447,0.294,0.467,45.95,30.9
"2021-05-31 20:30:00",256,12.35,403,1,1.466,2.73,4.13,0.242,0.365,0.258,0.421,46.5,31.03
"2021-05-31 21:00:00",257,12.34,403,1,1.246,2.34,3.49,0.207,0.309,0.232,0.39,46.25,30.21
"2021-05-31 21:30:00",258,12.33,403,1,1.087,2.13,2.95,0.188,0.261,0.216,0.361,46.79,29.64
"2021-05-31 22:00:00",259,12.33,403,1,0.978,1.95,2.62,0.172,0.232,0.203,0.346,46.99,29.6
"2021-05-31 22:30:00",260,12.32,403,1,0.867,1.76,2.29,0.155,0.203,0.188,0.328,46.07,29.6
"2021-05-31 23:00:00",261,12.32,403,1,0.792,1.62,2.08,0.144,0.184,0.183,0.321,45.81,29.65
"2021-05-31 23:30:00",262,12.31,403,1,0.771,1.6,2,0.142,0.177,0.181,0.316,46.12,29.65
"2021-06-01 00:00:00",263,12.31,403,1,0.76,1.58,1.97,0.14,0.175,0.178,0.314,45.8,29.91
"2021-06-01 00:30:00",264,12.31,403,1,0.765,1.6,1.97,0.141,0.174,0.181,0.312,45.9,29.75
"2021-06-01 01:00:00",265,12.3,403,1,0.752,1.57,1.94,0.139,0.172,0.177,0.308,46.41,29.69
"2021-06-01 01:30:00",266,12.3,403,1,0.739,1.54,1.91,0.136,0.169,0.179,0.311,45.83,29.37
"2021-06-01 02:00:00",267,12.3,403,1,0.748,1.6,1.89,0.142,0.167,0.177,0.308,46.32,29.34
"2021-06-01 02:30:00",268,12.29,403,1,0.711,1.51,1.81,0.134,0.16,0.176,0.305,46.08,29.35
"2021-06-01 03:00:00",269,12.29,403,1,0.69,1.52,1.7,0.135,0.15,0.173,0.299,46.53,29.54
"2021-06-01 03:30:00",270,12.29,403,1,0.664,1.43,1.67,0.127,0.148,0.166,0.298,46.2,29.07
"2021-06-01 04:00:00",271,12.29,403,1,0.656,1.44,1.62,0.128,0.144,0.167,0.294,45.88,29.14
"2021-06-01 04:30:00",272,12.29,403,1,0.654,1.43,1.62,0.127,0.143,0.166,0.296,46.39,29.4
"2021-06-01 05:00:00",273,12.28,403,1,0.624,1.37,1.54,0.122,0.136,0.165,0.291,45.83,29.51
"2021-06-01 05:30:00",274,12.28,403,1,0.637,1.4,1.57,0.123,0.139,0.165,0.292,46.2,29.48
"2021-06-01 06:00:00",275,12.28,403,1,0.637,1.4,1.57,0.124,0.139,0.167,0.289,46.75,29.45
"2021-06-01 06:30:00",276,12.28,403,1,0.677,1.44,1.72,0.127,0.152,0.167,0.299,47.31,29.19
"2021-06-01 07:00:00",277,12.28,403,1,0.7,1.44,1.83,0.128,0.162,0.169,0.302,46.12,29.96
"2021-06-01 07:30:00",278,12.28,403,1,0.842,1.56,2.38,0.138,0.211,0.172,0.331,48.2,30.09
"2021-06-01 08:00:00",279,12.28,403,1,1.177,2.18,3.33,0.193,0.295,0.217,0.375,46.81,30.93
"2021-06-01 08:30:00",280,12.28,403,1,1.362,2.42,3.96,0.214,0.351,0.235,0.409,47.52,31.23
"2021-06-01 09:00:00",281,12.29,403,1,1.633,2.9,4.75,0.256,0.421,0.27,0.453,47.82,31.53
"2021-06-01 09:30:00",282,12.31,403,1,1.62,2.88,4.71,0.255,0.417,0.27,0.45,47.56,31.12
"2021-06-01 10:00:00",283,12.31,403,1,1.808,3.16,5.31,0.279,0.47,0.29,0.48,47.89,31.75
"2021-06-01 10:30:00",284,12.35,403,1,2.104,3.66,6.2,0.324,0.549,0.327,0.528,46.66,32.86
"2021-06-01 11:00:00",285,12.35,403,1,2.456,4.1,7.42,0.363,0.656,0.365,0.593,49.03,33.32
"2021-06-01 11:30:00",286,12.38,403,1,2.791,4.66,8.43,0.413,0.746,0.405,0.646,47.18,33.8
"2021-06-01 12:00:00",287,12.4,403,1,2.74,4.39,8.47,0.388,0.75,0.385,0.65,47.68,33.89
"2021-06-01 12:30:00",288,12.42,403,1,2.878,4.33,9.19,0.383,0.814,0.399,0.692,48.38,33.92
"2021-06-01 13:00:00",289,12.4,403,1,3.169,5.11,9.76,0.452,0.864,0.442,0.714,46.34,33.55
"2021-06-01 13:30:00",290,12.39,403,1,3.242,5.14,10.08,0.455,0.892,0.451,0.732,46.9,33.94
"2021-06-01 14:00:00",291,12.4,403,1,3.195,5.26,9.73,0.466,0.862,0.45,0.712,47.1,33.98
"2021-06-01 14:30:00",292,12.39,403,1,3.268,5.22,10.12,0.462,0.895,0.45,0.731,46.9,33.52
"2021-06-01 15:00:00",293,12.38,403,1,3.172,5.18,9.7,0.458,0.859,0.444,0.707,46.69,33.32
"2021-06-01 15:30:00",294,12.38,403,1,3.086,4.97,9.51,0.44,0.841,0.433,0.693,47.31,33.52
"2021-06-01 16:00:00",295,12.37,403,1,3.104,5.16,9.4,0.457,0.832,0.441,0.689,47.25,33.21
"2021-06-01 16:30:00",296,12.36,403,1,2.948,4.88,8.95,0.432,0.792,0.42,0.66,47.09,33.15
"2021-06-01 17:00:00",297,12.34,403,1,2.765,4.59,8.38,0.406,0.742,0.398,0.635,46.59,33.22
"2021-06-01 17:30:00",298,12.34,403,1,2.496,4.3,7.4,0.381,0.655,0.376,0.582,47.17,32.71
"2021-06-01 18:00:00",299,12.33,403,1,2.196,3.82,6.47,0.338,0.572,0.336,0.536,47.22,32.6
"2021-06-01 18:30:00",300,12.32,403,1,1.932,3.45,5.6,0.306,0.496,0.309,0.492,46.63,32
"2021-06-01 19:00:00",301,12.32,403,1,1.681,3.04,4.83,0.269,0.428,0.279,0.453,46.39,30.93
"2021-06-01 19:30:00",302,12.31,403,1,1.476,2.71,4.2,0.24,0.371,0.258,0.421,47.19,30.64
"2021-06-01 20:00:00",303,12.31,403,1,1.325,2.48,3.72,0.22,0.329,0.242,0.397,45.44,30.23
"2021-06-01 20:30:00",304,12.3,403,1,1.165,2.26,3.19,0.2,0.282,0.226,0.372,46.09,29.94
"2021-06-01 21:00:00",305,12.3,403,1,1.046,2.04,2.85,0.181,0.252,0.211,0.355,46.57,30
"2021-06-01 21:30:00",306,12.29,403,1,0.971,1.92,2.62,0.17,0.232,0.203,0.344,46.37,30.48
"2021-06-01 22:00:00",307,12.29,403,1,0.909,1.82,2.43,0.161,0.215,0.199,0.337,46.51,29.11
"2021-06-01 22:30:00",308,12.28,403,1,0.884,1.78,2.35,0.157,0.208,0.192,0.327,46.47,30.42
"2021-06-01 23:00:00",309,12.28,403,1,0.865,1.75,2.29,0.155,0.203,0.19,0.327,45.86,29.81
"2021-06-01 23:30:00",310,12.27,403,1,0.859,1.76,2.25,0.155,0.199,0.188,0.326,46.45,29.56
"2021-06-02 00:00:00",311,12.27,403,1,0.841,1.71,2.22,0.151,0.196,0.19,0.324,46.23,29.92
"2021-06-02 00:30:00",312,12.27,403,1,0.812,1.68,2.11,0.149,0.187,0.188,0.318,46.63,29.9
"2021-06-02 01:00:00",313,12.27,403,1,0.79,1.64,2.05,0.146,0.182,0.183,0.315,45.62,29.58
"2021-06-02 01:30:00",314,12.26,403,1,0.773,1.61,2,0.143,0.177,0.179,0.313,46.41,29.69
"2021-06-02 02:00:00",315,12.26,403,1,0.767,1.6,1.98,0.141,0.175,0.182,0.311,46.46,29.48
"2021-06-02 02:30:00",316,12.25,403,1,0.737,1.54,1.9,0.137,0.168,0.175,0.31,45.79,29.74
"2021-06-02 03:00:00",317,12.25,403,1,0.748,1.59,1.9,0.141,0.168,0.177,0.308,46.53,29.8
"2021-06-02 03:30:00",318,12.25,403,1,0.726,1.55,1.84,0.137,0.163,0.174,0.304,45.49,29.59
"2021-06-02 04:00:00",319,12.25,403,1,0.716,1.52,1.82,0.134,0.161,0.175,0.302,45.95,29.23
"2021-06-02 04:30:00",320,12.25,403,1,0.701,1.48,1.79,0.131,0.158,0.171,0.302,45.63,29.59
"2021-06-02 05:00:00",321,12.24,403,1,0.714,1.53,1.8,0.136,0.159,0.175,0.303,45.96,29.8
"2021-06-02 05:30:00",322,12.25,403,1,0.737,1.57,1.87,0.139,0.165,0.174,0.306,46.56,29.67
"2021-06-02 06:00:00",323,12.24,403,1,0.728,1.54,1.86,0.136,0.165,0.175,0.306,46.86,29.3
"2021-06-02 06:30:00",324,12.24,403,1,0.747,1.55,1.94,0.137,0.172,0.176,0.307,46.47,29.74
"2021-06-02 07:00:00",325,12.24,403,1,0.777,1.61,2.02,0.143,0.178,0.178,0.313,45.91,29.86
"2021-06-02 07:30:00",326,12.24,403,1,0.839,1.68,2.24,0.149,0.198,0.184,0.322,47.3,29.59
"2021-06-02 08:00:00",327,12.24,403,1,0.907,1.77,2.47,0.157,0.218,0.189,0.336,47.02,30.31
"2021-06-02 08:30:00",328,12.24,403,1,1.026,1.95,2.85,0.173,0.252,0.201,0.35,47.63,30.65
"2021-06-02 09:00:00",329,12.25,403,1,1.356,2.41,3.94,0.213,0.349,0.234,0.407,47.89,31.18
"2021-06-02 09:30:00",330,12.27,403,1,1.6,2.79,4.71,0.247,0.417,0.262,0.445,48.03,31.9
"2021-06-02 10:00:00",331,12.27,403,1,1.98,3.47,5.81,0.307,0.514,0.311,0.501,48.73,32.04
"2021-06-02 10:30:00",332,12.3,403,1,2.442,4.11,7.34,0.364,0.65,0.362,0.582,47.38,33.17
"2021-06-02 11:00:00",333,12.32,403,1,3.048,4.98,9.32,0.441,0.825,0.433,0.684,47.42,33.37
"2021-06-02 11:30:00",334,12.34,403,1,3.247,5.2,10.04,0.46,0.888,0.452,0.723,46.64,33.68
"2021-06-02 12:00:00",335,12.36,403,1,3.19,4.98,10,0.441,0.885,0.438,0.724,47.19,34.08
"2021-06-02 12:30:00",336,12.38,403,1,3.329,5.39,10.23,0.477,0.905,0.472,0.732,45.36,33.5
"2021-06-02 13:00:00",337,12.35,403,1,3.535,6.25,10.31,0.553,0.912,0.506,0.722,44.04,33.57
"2021-06-02 13:30:00",338,12.35,403,1,3.254,5.21,10.06,0.462,0.89,0.45,0.719,46.32,33.62
"2021-06-02 14:00:00",339,12.36,403,1,3.36,5.36,10.41,0.475,0.921,0.461,0.729,48.4,34.61
"2021-06-02 14:30:00",340,12.35,403,1,3.261,5.13,10.18,0.454,0.901,0.447,0.728,47.01,33.38
"2021-06-02 15:00:00",341,12.34,403,1,3.237,5.41,9.77,0.479,0.864,0.462,0.697,46.83,33.87
"2021-06-02 15:30:00",342,12.33,403,1,3.2,5.32,9.69,0.471,0.857,0.454,0.693,46.4,33.71
"2021-06-02 16:00:00",343,12.33,403,1,3.125,5.33,9.32,0.471,0.825,0.448,0.672,45.17,34.44
"2021-06-02 16:30:00",344,12.31,403,1,2.857,4.53,8.88,0.401,0.786,0.402,0.648,48.46,33.84
"2021-06-02 17:00:00",345,12.3,403,1,2.884,4.93,8.59,0.436,0.76,0.413,0.63,47.02,33.79
"2021-06-02 17:30:00",346,12.3,403,1,2.666,4.55,7.95,0.403,0.704,0.388,0.598,48.01,32.81
"2021-06-02 18:00:00",347,12.29,403,1,2.502,4.27,7.46,0.378,0.66,0.37,0.573,47.34,32.3
"2021-06-02 18:30:00",348,12.28,403,1,2.405,4.18,7.09,0.37,0.628,0.36,0.551,46.73,33.1
"2021-06-02 19:00:00",349,12.28,403,1,2.142,3.86,6.17,0.341,0.546,0.335,0.51,47.21,31.77
"2021-06-02 19:30:00",350,12.28,403,1,1.751,3.19,5.01,0.282,0.444,0.287,0.452,46.4,31.35
"2021-06-02 20:00:00",351,12.27,403,1,1.325,2.51,3.69,0.222,0.326,0.243,0.392,46.44,30.82
"2021-06-02 20:30:00",352,12.26,403,1,1.065,2.09,2.89,0.185,0.256,0.214,0.355,46.18,30.3
"2021-06-02 21:00:00",353,12.26,403,1,0.952,1.9,2.55,0.168,0.225,0.198,0.337,46.94,29.66
"2021-06-02 21:30:00",354,12.25,403,1,0.884,1.8,2.33,0.16,0.206,0.194,0.328,46.9,29.36
"2021-06-02 22:00:00",355,12.24,403,1,0.857,1.79,2.21,0.159,0.195,0.191,0.323,46.59,30.03
"2021-06-02 22:30:00",356,12.24,403,1,0.835,1.73,2.17,0.153,0.192,0.188,0.32,46.33,29.62
"2021-06-02 23:00:00",357,12.24,403,1,0.822,1.69,2.15,0.15,0.19,0.183,0.318,46.28,30.14
"2021-06-02 23:30:00",358,12.24,403,1,0.748,1.63,1.86,0.145,0.164,0.181,0.307,45.69,29.38
"2021-06-03 00:00:00",359,12.23,403,1,0.701,1.52,1.75,0.134,0.155,0.175,0.301,46.7,29.97
"2021-06-03 00:30:00",360,12.23,403,1,0.684,1.47,1.72,0.13,0.152,0.167,0.296,45.78,29.63
"2021-06-03 01:00:00",361,12.23,403,1,0.673,1.45,1.69,0.128,0.149,0.169,0.294,45.41,29.94
"2021-06-03 01:30:00",362,12.22,403,1,0.664,1.42,1.68,0.126,0.149,0.166,0.296,46.88,29.48
"2021-06-03 02:00:00",363,12.22,403,1,0.66,1.42,1.66,0.126,0.147,0.166,0.294,46.12,29.55
"2021-06-03 02:30:00",364,12.22,403,1,0.643,1.4,1.6,0.123,0.142,0.165,0.291,46.55,29
"2021-06-03 03:00:00",365,12.22,403,1,0.63,1.38,1.56,0.122,0.138,0.164,0.291,46.35,29.06
"2021-06-03 03:30:00",366,12.22,403,1,0.618,1.38,1.5,0.122,0.133,0.165,0.29,46.09,29.37
"2021-06-03 04:00:00",367,12.22,403,1,0.607,1.36,1.47,0.12,0.13,0.163,0.284,46.5,29.36
"2021-06-03 04:30:00",368,12.21,403,1,0.594,1.29,1.48,0.114,0.131,0.157,0.286,46.44,29.15
"2021-06-03 05:00:00",369,12.21,403,1,0.607,1.38,1.45,0.122,0.129,0.161,0.284,45.96,29.67
"2021-06-03 05:30:00",370,12.21,403,1,0.59,1.33,1.42,0.118,0.126,0.158,0.284,46.32,29.46
"2021-06-03 06:00:00",371,12.21,403,1,0.586,1.31,1.42,0.116,0.125,0.159,0.282,46.67,29.81
"2021-06-03 06:30:00",372,12.21,403,1,0.603,1.32,1.49,0.117,0.132,0.156,0.284,46.48,30.34
"2021-06-03 07:00:00",373,12.21,403,1,0.614,1.39,1.47,0.123,0.13,0.163,0.286,46.79,28.99
"2021-06-03 07:30:00",374,12.21,403,1,0.616,1.37,1.5,0.122,0.133,0.16,0.286,46.36,29.66
"2021-06-03 08:00:00",375,12.21,403,1,0.703,1.48,1.8,0.131,0.159,0.166,0.297,47.28,30.01
"2021-06-03 08:30:00",376,12.21,403,1,0.871,1.77,2.3,0.157,0.204,0.187,0.323,46,29.45
"2021-06-03 09:00:00",377,12.21,403,1,0.925,1.86,2.46,0.165,0.217,0.196,0.332,46.99,29.71
"2021-06-03 09:30:00",378,12.24,403,1,1.154,2.13,3.27,0.189,0.289,0.215,0.368,47.73,30.37
"2021-06-03 10:00:00",379,12.24,403,1,1.512,2.77,4.31,0.246,0.382,0.259,0.42,47.28,30.84
"2021-06-03 10:30:00",380,12.26,403,1,1.652,2.92,4.82,0.258,0.426,0.267,0.445,48.8,31.94
"2021-06-03 11:00:00",381,12.27,403,1,1.85,3.24,5.43,0.286,0.48,0.295,0.471,46.85,32.39
"2021-06-03 11:30:00",382,12.28,403,1,1.924,3.45,5.56,0.305,0.492,0.305,0.481,47.1,31.48
"2021-06-03 12:00:00",383,12.29,403,1,1.943,3.32,5.79,0.293,0.513,0.299,0.49,47.92,33.13
"2021-06-03 12:30:00",384,12.3,403,1,2.362,4.26,6.8,0.377,0.602,0.361,0.538,47.98,32.38
"2021-06-03 13:00:00",385,12.29,403,1,2.258,3.96,6.62,0.35,0.586,0.343,0.531,48.55,32.69
"2021-06-03 13:30:00",386,12.29,403,1,2.387,4.05,7.14,0.359,0.632,0.352,0.557,47.67,32.22
"2021-06-03 14:00:00",387,12.27,403,1,2.264,3.93,6.68,0.347,0.591,0.341,0.529,47.95,32.24
"2021-06-03 14:30:00",388,12.27,403,1,2.188,3.69,6.57,0.327,0.581,0.327,0.524,47.37,32.62
"2021-06-03 15:00:00",389,12.26,403,1,2.257,4.04,6.53,0.358,0.578,0.352,0.522,46.99,32.38
"2021-06-03 15:30:00",390,12.25,403,1,2.024,3.62,5.86,0.321,0.518,0.316,0.493,47.61,32.01
"2021-06-03 16:00:00",391,12.23,403,1,1.879,3.42,5.38,0.303,0.476,0.302,0.467,46.75,31.71
"2021-06-03 16:30:00",392,12.23,403,1,1.674,3.05,4.79,0.27,0.424,0.276,0.443,46.53,30.1
"2021-06-03 17:00:00",393,12.22,403,1,1.055,2.15,2.78,0.19,0.246,0.218,0.352,45.98,29.28
"2021-06-03 17:30:00",394,12.22,403,1,0.758,1.6,1.94,0.142,0.172,0.182,0.314,46.96,29.02
"2021-06-03 18:00:00",395,12.21,403,1,0.752,1.6,1.91,0.142,0.169,0.18,0.308,45.11,27.74
"2021-06-03 18:30:00",396,12.21,403,1,0.669,1.48,1.64,0.131,0.145,0.169,0.294,47.03,29.91
"2021-06-03 19:00:00",397,12.21,403,1,0.658,1.43,1.64,0.127,0.145,0.17,0.294,47.61,29.66
"2021-06-03 19:30:00",398,12.2,403,1,0.688,1.48,1.73,0.131,0.153,0.171,0.3,44.33,29.13
"2021-06-03 20:00:00",399,12.2,403,1,0.707,1.52,1.78,0.134,0.157,0.17,0.3,45.09,29.07
"2021-06-03 20:30:00",400,12.2,403,1,0.694,1.48,1.76,0.131,0.156,0.169,0.3,46.1,29.81
"2021-06-03 21:00:00",401,12.2,403,1,0.718,1.56,1.79,0.138,0.159,0.175,0.303,44.76,30.55
"2021-06-03 21:30:00",402,12.19,403,1,0.648,1.43,1.59,0.126,0.141,0.167,0.297,44.5,29.19
"2021-06-03 22:00:00",403,12.19,403,1,0.66,1.43,1.65,0.127,0.146,0.167,0.299,44.9,28.62
"2021-06-03 22:30:00",404,12.19,403,1,0.681,1.45,1.73,0.129,0.153,0.169,0.299,45.96,29.09
"2021-06-03 23:00:00",405,12.19,403,1,0.697,1.5,1.75,0.132,0.155,0.169,0.304,45.85,28.57
"2021-06-03 23:30:00",406,12.18,403,1,0.684,1.46,1.73,0.129,0.153,0.167,0.303,45.63,29.5
"2021-06-04 00:00:00",407,12.18,403,1,0.686,1.5,1.7,0.132,0.15,0.168,0.302,45.96,29.82
"2021-06-04 00:30:00",408,12.18,403,1,0.671,1.45,1.68,0.129,0.148,0.169,0.299,46.33,29.36
"2021-06-04 01:00:00",409,12.18,403,1,0.66,1.43,1.65,0.126,0.146,0.169,0.296,45.65,29.35
"2021-06-04 01:30:00",410,12.18,403,1,0.669,1.44,1.68,0.127,0.149,0.168,0.299,45.32,29.18
"2021-06-04 02:00:00",411,12.18,403,1,0.662,1.44,1.65,0.127,0.146,0.166,0.295,46,28.88
"2021-06-04 02:30:00",412,12.18,403,1,0.643,1.43,1.57,0.127,0.139,0.166,0.295,46.24,29.29
"2021-06-04 03:00:00",413,12.18,403,1,0.662,1.44,1.65,0.127,0.146,0.168,0.298,46.42,29.04
"2021-06-04 03:30:00",414,12.17,403,1,0.667,1.43,1.68,0.127,0.149,0.166,0.298,46.19,29.9
"2021-06-04 04:00:00",415,12.17,403,1,0.673,1.46,1.68,0.129,0.149,0.166,0.298,46.1,29.8
"2021-06-04 04:30:00",416,12.17,403,1,0.668,1.41,1.71,0.125,0.151,0.164,0.3,45.62,28.93
"2021-06-04 05:00:00",417,12.16,403,1,0.662,1.44,1.65,0.127,0.146,0.168,0.296,46.05,28.94
"2021-06-04 05:30:00",418,12.16,403,1,0.656,1.41,1.65,0.125,0.146,0.164,0.294,47.31,29.77
"2021-06-04 06:00:00",419,12.17,403,1,0.652,1.44,1.6,0.127,0.142,0.168,0.298,46.11,28.99
"2021-06-04 06:30:00",420,12.16,403,1,0.673,1.46,1.68,0.129,0.149,0.168,0.298,46.95,29.25
"2021-06-04 07:00:00",421,12.16,403,1,0.679,1.46,1.71,0.129,0.151,0.166,0.298,46.06,28.94
"2021-06-04 07:30:00",422,12.16,403,1,0.656,1.46,1.6,0.129,0.142,0.168,0.294,46.32,29.35
"2021-06-04 08:00:00",423,12.16,403,1,0.622,1.41,1.49,0.125,0.132,0.166,0.29,45.42,29.54
"2021-06-04 08:30:00",424,12.16,403,1,0.609,1.37,1.47,0.121,0.13,0.161,0.286,46.21,28.93
"2021-06-04 09:00:00",425,12.16,403,1,0.59,1.34,1.41,0.119,0.125,0.162,0.286,47.1,29.32
"2021-06-04 09:30:00",426,12.16,403,1,0.59,1.34,1.41,0.118,0.125,0.157,0.284,46.16,29.06
"2021-06-04 10:00:00",427,12.15,403,1,0.62,1.38,1.51,0.122,0.134,0.162,0.29,46.89,29.94
"2021-06-04 10:30:00",428,12.15,403,1,0.605,1.38,1.44,0.122,0.128,0.162,0.286,45.95,29.01
"2021-06-04 11:00:00",429,12.15,403,1,0.62,1.36,1.53,0.12,0.135,0.16,0.289,46.35,29.24
"2021-06-04 11:30:00",430,12.15,403,1,0.62,1.37,1.52,0.122,0.135,0.162,0.29,46.82,29.29
"2021-06-04 12:00:00",431,12.15,403,1,0.722,1.55,1.82,0.137,0.161,0.172,0.304,46.41,29.55
"2021-06-04 12:30:00",432,12.16,403,1,0.965,1.89,2.62,0.167,0.231,0.196,0.338,46.96,29.59
"2021-06-04 13:00:00",433,12.17,403,1,1.466,2.76,4.1,0.244,0.363,0.252,0.406,47.54,30.17
"2021-06-04 13:30:00",434,12.18,403,1,1.821,3.21,5.32,0.284,0.471,0.29,0.462,48.57,31.46
"2021-06-04 14:00:00",435,12.18,403,1,2.028,3.6,5.9,0.319,0.522,0.317,0.491,47.73,32.02
"2021-06-04 14:30:00",436,12.17,403,1,1.937,3.32,5.76,0.293,0.51,0.298,0.486,48.2,31.92
"2021-06-04 15:00:00",437,12.18,403,1,2.016,3.47,5.98,0.307,0.529,0.31,0.492,47.59,31.88
"2021-06-04 15:30:00",438,12.17,403,1,2.273,3.99,6.66,0.353,0.589,0.345,0.525,47.68,31.55
"2021-06-04 16:00:00",439,12.17,403,1,2.234,4.08,6.38,0.361,0.565,0.348,0.515,47.2,31.6
"2021-06-04 16:30:00",440,12.16,403,1,1.586,2.98,4.44,0.264,0.393,0.274,0.425,46.76,31.05
"2021-06-04 17:00:00",441,12.15,403,1,1.183,2.34,3.19,0.207,0.282,0.224,0.365,46.61,30.17
"2021-06-04 17:30:00",442,12.15,403,1,1.04,2.08,2.78,0.184,0.246,0.212,0.351,45.89,29.45
"2021-06-04 18:00:00",443,12.15,403,1,1.114,2.11,3.1,0.187,0.274,0.211,0.362,46.95,29.85
"2021-06-04 18:30:00",444,12.15,403,1,1.496,2.79,4.21,0.247,0.372,0.259,0.411,46.47,29.94
"2021-06-04 19:00:00",445,12.14,403,1,1.385,2.64,3.84,0.234,0.34,0.249,0.397,46.47,30.2
"2021-06-04 19:30:00",446,12.14,403,1,1.264,2.45,3.46,0.216,0.306,0.239,0.379,47.05,29.79
"2021-06-04 20:00:00",447,12.14,403,1,1.068,2.14,2.85,0.189,0.252,0.214,0.353,46.09,29.8
"2021-06-04 20:30:00",448,12.14,403,1,0.889,1.85,2.3,0.164,0.203,0.195,0.331,45.73,29.45
"2021-06-04 21:00:00",449,12.13,403,1,0.827,1.76,2.1,0.156,0.186,0.188,0.322,45.59,29.3
"2021-06-04 21:30:00",450,12.13,403,1,0.776,1.64,1.98,0.146,0.175,0.183,0.316,45.45,29.31
"2021-06-04 22:00:00",451,12.13,403,1,0.724,1.54,1.84,0.137,0.163,0.175,0.308,46.23,29.36
"2021-06-04 22:30:00",452,12.12,403,1,0.707,1.52,1.78,0.134,0.158,0.175,0.306,46.11,28.99
"2021-06-04 23:00:00",453,12.12,403,1,0.677,1.47,1.69,0.13,0.15,0.169,0.302,46.58,28.47
"2021-06-04 23:30:00",454,12.12,403,1,0.654,1.44,1.61,0.127,0.142,0.169,0.299,46.01,28.89
"2021-06-05 00:00:00",455,12.11,403,1,0.635,1.41,1.55,0.125,0.138,0.162,0.295,46.6,28.64
"2021-06-05 00:30:00",456,12.11,403,1,0.618,1.38,1.5,0.122,0.133,0.162,0.291,46.26,28.86
"2021-06-05 01:00:00",457,12.11,403,1,0.607,1.36,1.47,0.121,0.13,0.16,0.291,46.39,29
"2021-06-05 01:30:00",458,12.11,403,1,0.616,1.37,1.5,0.121,0.133,0.163,0.293,45.74,28.78
"2021-06-05 02:00:00",459,12.11,403,1,0.611,1.37,1.48,0.122,0.131,0.161,0.293,45.72,28.85
"2021-06-05 02:30:00",460,12.1,403,1,0.624,1.4,1.51,0.124,0.134,0.164,0.295,45.97,29.26
"2021-06-05 03:00:00",461,12.1,403,1,0.615,1.36,1.51,0.12,0.134,0.162,0.294,46.04,29.16
"2021-06-05 03:30:00",462,12.1,403,1,0.612,1.39,1.46,0.123,0.129,0.163,0.294,45.53,28.81
"2021-06-05 04:00:00",463,12.1,403,1,0.648,1.48,1.54,0.131,0.137,0.168,0.296,45.95,28.81
"2021-06-05 04:30:00",464,12.1,403,1,0.669,1.47,1.65,0.13,0.146,0.171,0.3,46.52,28.97
"2021-06-05 05:00:00",465,12.09,403,1,0.69,1.49,1.73,0.132,0.153,0.173,0.303,46.47,28.92
"2021-06-05 05:30:00",466,12.09,403,1,0.667,1.49,1.62,0.132,0.143,0.167,0.299,45.98,29.01
"2021-06-05 06:00:00",467,12.09,403,1,0.705,1.53,1.76,0.136,0.156,0.171,0.305,46.65,28.69
"2021-06-05 06:30:00",468,12.09,403,1,0.724,1.52,1.86,0.135,0.164,0.17,0.31,46.65,28.85
"2021-06-05 07:00:00",469,12.09,403,1,0.816,1.68,2.13,0.149,0.189,0.181,0.321,47.2,29.25
"2021-06-05 07:30:00",470,12.09,403,1,1.045,2.01,2.88,0.178,0.255,0.205,0.354,47.62,29.25
"2021-06-05 08:00:00",471,12.09,403,1,1.297,2.38,3.69,0.21,0.326,0.231,0.388,47.46,30.18
"2021-06-05 08:30:00",472,12.09,403,1,1.621,2.94,4.65,0.26,0.411,0.27,0.434,48.21,30.43
"2021-06-05 09:00:00",473,12.09,403,1,1.998,3.52,5.84,0.312,0.517,0.31,0.484,47.57,31.29
"2021-06-05 09:30:00",474,12.12,403,1,2.337,3.88,7.08,0.344,0.627,0.343,0.544,48.19,31.91
"2021-06-05 10:00:00",475,12.11,403,1,2.826,4.79,8.46,0.424,0.749,0.408,0.605,47.86,32.27
"2021-06-05 10:30:00",476,12.17,403,1,3.038,5.04,9.21,0.446,0.816,0.434,0.642,47.52,32.91
"2021-06-05 11:00:00",477,12.17,403,1,3.144,5.18,9.57,0.458,0.847,0.443,0.657,47.27,32.92
"2021-06-05 11:30:00",478,12.18,403,1,3.196,5.35,9.64,0.474,0.853,0.454,0.659,47.09,32.91
"2021-06-05 12:00:00",479,12.2,403,1,2.911,4.73,8.93,0.419,0.79,0.413,0.634,45.47,32.95
"2021-06-05 12:30:00",480,12.2,403,1,2.706,4.14,8.57,0.367,0.759,0.376,0.613,47.03,33.27
"2021-06-05 13:00:00",481,12.2,403,1,3.185,5.65,9.27,0.5,0.82,0.463,0.637,45.92,32.97
"2021-06-05 13:30:00",482,12.19,403,1,3.172,5.42,9.45,0.48,0.836,0.453,0.642,46.28,32.25
"2021-06-05 14:00:00",483,12.21,403,1,3.173,5.31,9.57,0.47,0.847,0.452,0.652,46.42,32.91
"2021-06-05 14:30:00",484,12.19,403,1,3.193,5.26,9.72,0.465,0.861,0.451,0.656,46.32,32.97
"2021-06-05 15:00:00",485,12.18,403,1,3.14,5.32,9.4,0.471,0.832,0.448,0.641,45.99,33.88
"2021-06-05 15:30:00",486,12.17,403,1,3.094,5.37,9.13,0.475,0.808,0.451,0.626,47.12,32.53
"2021-06-05 16:00:00",487,12.17,403,1,3.069,5.23,9.16,0.463,0.81,0.445,0.63,47.12,32.68
"2021-06-05 16:30:00",488,12.16,403,1,2.948,5.08,8.74,0.449,0.774,0.429,0.612,47.31,32.31
"2021-06-05 17:00:00",489,12.15,403,1,2.888,5.08,8.45,0.45,0.748,0.426,0.593,45.76,32.25
"2021-06-05 17:30:00",490,12.15,403,1,2.717,4.76,7.97,0.421,0.705,0.405,0.571,47.06,31.78
"2021-06-05 18:00:00",491,12.14,403,1,2.591,4.6,7.54,0.407,0.667,0.39,0.555,46.59,31.99
"2021-06-05 18:30:00",492,12.13,403,1,2.47,4.4,7.17,0.39,0.635,0.376,0.537,47.22,31.96
"2021-06-05 19:00:00",493,12.13,403,1,2.3,4.21,6.56,0.372,0.58,0.361,0.506,47.72,31.62
"2021-06-05 19:30:00",494,12.13,403,1,2.002,3.72,5.65,0.329,0.5,0.324,0.469,46.79,31.36
"2021-06-05 20:00:00",495,12.12,403,1,1.678,3.18,4.67,0.281,0.413,0.29,0.425,46.3,30.04
"2021-06-05 20:30:00",496,12.12,403,1,1.281,2.52,3.47,0.223,0.307,0.243,0.376,46.16,29.73
"2021-06-05 21:00:00",497,12.11,403,1,1.076,2.13,2.9,0.189,0.256,0.216,0.349,46.42,29.47
"2021-06-05 21:30:00",498,12.1,403,1,1.006,2.06,2.64,0.183,0.234,0.209,0.342,46.54,29.02
"2021-06-05 22:00:00",499,12.1,403,1,0.942,1.92,2.48,0.17,0.219,0.201,0.335,45.69,28.83
"2021-06-05 22:30:00",500,12.1,403,1,0.899,1.83,2.37,0.162,0.209,0.196,0.331,46.3,29.03
"2021-06-05 23:00:00",501,12.09,403,1,0.869,1.78,2.28,0.157,0.202,0.19,0.325,46.2,28.67
"2021-06-05 23:30:00",502,12.09,403,1,0.863,1.77,2.26,0.156,0.2,0.189,0.325,46.1,29.24
"2021-06-06 00:00:00",503,12.09,403,1,0.884,1.83,2.3,0.162,0.204,0.196,0.325,45.83,29.13
"2021-06-06 00:30:00",504,12.08,403,1,0.871,1.78,2.29,0.157,0.203,0.188,0.323,46.06,28.96
"2021-06-06 01:00:00",505,12.08,403,1,0.852,1.77,2.21,0.156,0.196,0.189,0.323,45.97,28.6
"2021-06-06 01:30:00",506,12.08,403,1,0.846,1.74,2.21,0.154,0.196,0.187,0.322,46.04,28.93
"2021-06-06 02:00:00",507,12.07,403,1,0.846,1.76,2.19,0.155,0.194,0.188,0.319,45.9,28.94
"2021-06-06 02:30:00",508,12.07,403,1,0.842,1.76,2.17,0.156,0.192,0.193,0.319,46.26,29.14
"2021-06-06 03:00:00",509,12.07,403,1,0.842,1.76,2.17,0.156,0.192,0.189,0.324,46.37,28.83
"2021-06-06 03:30:00",510,12.07,403,1,0.846,1.75,2.2,0.155,0.195,0.188,0.321,46.73,28.78
"2021-06-06 04:00:00",511,12.07,403,1,0.852,1.78,2.2,0.157,0.195,0.19,0.321,45.62,29.06
"2021-06-06 04:30:00",512,12.06,403,1,0.818,1.72,2.1,0.152,0.186,0.192,0.317,45.79,28.52
"2021-06-06 05:00:00",513,12.06,403,1,0.793,1.68,2.02,0.149,0.179,0.186,0.315,46.69,29
"2021-06-06 05:30:00",514,12.06,403,1,0.778,1.64,1.99,0.145,0.176,0.181,0.311,46.65,28.43
"2021-06-06 06:00:00",515,12.05,403,1,0.774,1.65,1.96,0.146,0.173,0.181,0.313,45.57,28.46
"2021-06-06 06:30:00",516,12.05,403,1,0.837,1.74,2.17,0.154,0.192,0.191,0.319,46.09,28.72
"2021-06-06 07:00:00",517,12.05,403,1,1.012,2.01,2.72,0.178,0.241,0.206,0.342,46.83,28.88
"2021-06-06 07:30:00",518,12.05,403,1,1.272,2.45,3.5,0.217,0.31,0.235,0.375,47,29.89
"2021-06-06 08:00:00",519,12.05,403,1,1.529,2.76,4.4,0.245,0.389,0.257,0.413,48.32,30.53
"2021-06-06 08:30:00",520,12.05,403,1,1.864,3.38,5.35,0.299,0.474,0.303,0.452,47.94,30.99
"2021-06-06 09:00:00",521,12.05,403,1,2.09,3.72,6.07,0.329,0.537,0.327,0.486,47.95,31.69
"2021-06-06 09:30:00",522,12.09,403,1,2.357,3.99,7.06,0.353,0.625,0.35,0.53,48.72,32.3
"2021-06-06 10:00:00",523,12.07,403,1,2.642,4.66,7.72,0.412,0.683,0.399,0.561,48.49,32.23
"2021-06-06 10:30:00",524,12.13,403,1,2.943,4.93,8.87,0.436,0.785,0.425,0.615,47.67,32.92
"2021-06-06 11:00:00",525,12.13,403,1,3.15,5.28,9.49,0.467,0.84,0.452,0.646,46.37,32.6
"2021-06-06 11:30:00",526,12.14,403,1,3.246,5.53,9.69,0.49,0.858,0.468,0.652,47.1,32.1
"2021-06-06 12:00:00",527,12.16,403,1,3.27,5.58,9.75,0.494,0.863,0.468,0.657,45.12,32.34
"2021-06-06 12:30:00",528,12.17,403,1,3.003,4.66,9.44,0.413,0.836,0.413,0.651,47.89,32.74
"2021-06-06 13:00:00",529,12.16,403,1,3.283,5.86,9.52,0.519,0.843,0.483,0.645,45.92,32.32
"2021-06-06 13:30:00",530,12.15,403,1,3.233,5.62,9.53,0.497,0.844,0.468,0.64,46.2,32.27
"2021-06-06 14:00:00",531,12.17,403,1,3.257,5.38,9.9,0.476,0.876,0.464,0.661,46.13,32.79
"2021-06-06 14:30:00",532,12.15,403,1,3.213,5.34,9.73,0.473,0.861,0.461,0.657,47.01,32.43
"2021-06-06 15:00:00",533,12.14,403,1,3.211,5.5,9.55,0.487,0.845,0.467,0.645,46.59,32.66
"2021-06-06 15:30:00",534,12.13,403,1,3.16,5.32,9.5,0.471,0.841,0.456,0.641,46.74,32.31
"2021-06-06 16:00:00",535,12.13,403,1,3.246,5.68,9.53,0.503,0.844,0.472,0.643,46.14,32.63
"2021-06-06 16:30:00",536,12.13,403,1,3.017,5.2,8.94,0.46,0.791,0.444,0.617,48.28,32.46
"2021-06-06 17:00:00",537,12.12,403,1,2.898,5.09,8.49,0.451,0.751,0.433,0.595,47.1,32.5
"2021-06-06 17:30:00",538,12.11,403,1,2.807,4.94,8.21,0.437,0.727,0.418,0.576,47.55,31.87
"2021-06-06 18:00:00",539,12.1,403,1,2.549,4.5,7.44,0.399,0.659,0.388,0.544,46.85,32.11
"2021-06-06 18:30:00",540,12.09,403,1,2.368,4.3,6.79,0.38,0.601,0.369,0.516,48.49,31.41
"2021-06-06 19:00:00",541,12.09,403,1,2.16,3.97,6.14,0.351,0.543,0.345,0.483,47.38,31.95
"2021-06-06 19:30:00",542,12.09,403,1,1.928,3.68,5.34,0.326,0.472,0.321,0.446,46.33,30.07
"2021-06-06 20:00:00",543,12.08,403,1,1.559,3,4.29,0.265,0.38,0.273,0.405,45.93,29.66
"2021-06-06 20:30:00",544,12.07,403,1,1.264,2.49,3.42,0.22,0.303,0.242,0.369,46.56,28.79
"2021-06-06 21:00:00",545,12.07,403,1,1.115,2.22,2.99,0.197,0.264,0.221,0.35,46.16,29.06
"2021-06-06 21:30:00",546,12.06,403,1,1.014,2.03,2.71,0.18,0.24,0.21,0.34,46.62,28.85
"2021-06-06 22:00:00",547,12.06,403,1,0.955,1.94,2.52,0.172,0.223,0.205,0.331,45.66,28.97
"2021-06-06 22:30:00",548,12.06,403,1,0.927,1.94,2.39,0.172,0.212,0.201,0.327,45.54,28.59
"2021-06-06 23:00:00",549,12.05,403,1,0.882,1.81,2.31,0.16,0.204,0.195,0.323,45.29,28.6
"2021-06-06 23:30:00",550,12.05,403,1,0.852,1.75,2.23,0.155,0.198,0.188,0.322,45.99,28.87
"2021-06-07 00:00:00",551,12.04,403,1,0.835,1.75,2.15,0.155,0.19,0.186,0.322,45.35,28.81
"2021-06-07 00:30:00",552,12.04,403,1,0.827,1.73,2.13,0.153,0.189,0.188,0.315,45.91,28.96
"2021-06-07 01:00:00",553,12.04,403,1,0.81,1.7,2.08,0.151,0.184,0.188,0.317,45.52,28.25
"2021-06-07 01:30:00",554,12.03,403,1,0.822,1.7,2.14,0.15,0.19,0.186,0.318,46.26,28.31
"2021-06-07 02:00:00",555,12.03,403,1,0.826,1.69,2.17,0.149,0.192,0.182,0.315,46.04,28.67
"2021-06-07 02:30:00",556,12.03,403,1,0.824,1.71,2.14,0.151,0.189,0.187,0.317,45.98,28.71
"2021-06-07 03:00:00",557,12.03,403,1,0.822,1.72,2.12,0.152,0.188,0.188,0.311,46.17,28.91
"2021-06-07 03:30:00",558,12.02,403,1,0.786,1.65,2.02,0.146,0.178,0.184,0.312,45.86,28.76
"2021-06-07 04:00:00",559,12.02,403,1,0.775,1.63,1.99,0.144,0.176,0.179,0.309,46.33,28.14
"2021-06-07 04:30:00",560,12.02,403,1,0.774,1.67,1.94,0.148,0.171,0.183,0.309,46.03,28.66
"2021-06-07 05:00:00",561,12.02,403,1,0.757,1.64,1.89,0.145,0.167,0.182,0.308,46.33,28.24
"2021-06-07 05:30:00",562,12.02,403,1,0.756,1.61,1.92,0.142,0.17,0.181,0.308,46.03,28.51
"2021-06-07 06:00:00",563,12.01,403,1,0.793,1.67,2.03,0.148,0.179,0.182,0.311,45.92,28.96
"2021-06-07 06:30:00",564,12.01,403,1,0.876,1.79,2.3,0.159,0.204,0.193,0.323,46.95,28.6
"2021-06-07 07:00:00",565,12.01,403,1,1.084,2.13,2.94,0.189,0.26,0.215,0.35,47.79,29.18
"2021-06-07 07:30:00",566,12.01,403,1,1.373,2.63,3.79,0.233,0.335,0.249,0.381,47.37,29.28
"2021-06-07 08:00:00",567,12.01,403,1,1.515,2.88,4.21,0.255,0.373,0.265,0.404,46.8,30.52
"2021-06-07 08:30:00",568,12.01,403,1,1.801,3.35,5.08,0.297,0.45,0.3,0.435,47.87,30.09
"2021-06-07 09:00:00",569,12.01,403,1,2.057,3.74,5.89,0.331,0.521,0.326,0.472,47.29,30.76
"2021-06-07 09:30:00",570,12.03,403,1,2.1,3.86,5.97,0.341,0.528,0.338,0.476,47.94,30.85
"2021-06-07 10:00:00",571,12.03,403,1,1.879,3.59,5.2,0.318,0.46,0.315,0.439,48.42,30.08
"2021-06-07 10:30:00",572,12.07,403,1,2.161,3.87,6.25,0.343,0.553,0.337,0.484,48.01,30.91
"2021-06-07 11:00:00",573,12.07,403,1,2.453,4.38,7.11,0.387,0.629,0.372,0.526,47.46,31.34
"2021-06-07 11:30:00",574,12.09,403,1,2.66,4.71,7.75,0.417,0.686,0.402,0.553,46.71,32.51
"2021-06-07 12:00:00",575,12.11,403,1,2.64,4.62,7.75,0.409,0.686,0.398,0.555,47.49,32.05
"2021-06-07 12:30:00",576,12.12,403,1,2.671,4.37,8.16,0.387,0.722,0.384,0.578,47.21,33.02
"2021-06-07 13:00:00",577,12.11,403,1,3.031,5.52,8.67,0.488,0.767,0.451,0.592,46.29,31.96
"2021-06-07 13:30:00",578,12.1,403,1,2.989,5.33,8.67,0.472,0.767,0.446,0.593,46.19,31.75
"2021-06-07 14:00:00",579,12.12,403,1,2.917,5.11,8.56,0.452,0.758,0.434,0.586,47.55,32.12
"2021-06-07 14:30:00",580,12.1,403,1,2.962,5.15,8.73,0.456,0.772,0.436,0.595,47.24,32.08
"2021-06-07 15:00:00",581,12.09,403,1,2.947,5.12,8.69,0.453,0.769,0.43,0.592,47.23,31.94
"2021-06-07 15:30:00",582,12.08,403,1,2.911,5.06,8.58,0.448,0.759,0.429,0.584,46.66,32.07
"2021-06-07 16:00:00",583,12.08,403,1,2.944,5.21,8.58,0.461,0.759,0.438,0.585,46.96,31.94
"2021-06-07 16:30:00",584,12.07,403,1,2.954,5.22,8.62,0.462,0.763,0.438,0.589,47.02,32.17
"2021-06-07 17:00:00",585,12.06,403,1,2.905,5.09,8.52,0.451,0.754,0.428,0.582,46.87,32.27
"2021-06-07 17:30:00",586,12.06,403,1,2.833,5.05,8.22,0.447,0.727,0.423,0.566,47.25,32.66
"2021-06-07 18:00:00",587,12.05,403,1,2.686,4.79,7.79,0.424,0.69,0.409,0.549,47.07,31.23
"2021-06-07 18:30:00",588,12.04,403,1,2.527,4.61,7.22,0.408,0.639,0.39,0.524,47.08,31.09
"2021-06-07 19:00:00",589,12.04,403,1,2.339,4.28,6.67,0.379,0.59,0.365,0.505,47.18,30.51
"2021-06-07 19:30:00",590,12.03,403,1,1.91,3.55,5.39,0.314,0.477,0.316,0.447,48.55,30.48
"2021-06-07 20:00:00",591,12.03,403,1,1.557,3.01,4.27,0.266,0.378,0.274,0.401,46.39,30.13
"2021-06-07 20:30:00",592,12.02,403,1,1.275,2.52,3.44,0.223,0.304,0.241,0.368,46.4,29.15
"2021-06-07 21:00:00",593,12.02,403,1,1.106,2.18,2.99,0.193,0.265,0.22,0.35,46.08,28.99
"2021-06-07 21:30:00",594,12.01,403,1,1.002,2.03,2.65,0.18,0.234,0.209,0.34,45.53,28.28
"2021-06-07 22:00:00",595,12.01,403,1,0.884,1.78,2.35,0.158,0.208,0.193,0.326,45.85,28.49
"2021-06-07 22:30:00",596,12,403,1,0.841,1.7,2.23,0.151,0.198,0.189,0.321,45.95,28.17
"2021-06-07 23:00:00",597,12,403,1,0.839,1.69,2.23,0.15,0.197,0.184,0.32,46.07,28.7
"2021-06-07 23:30:00",598,12,403,1,0.86,1.72,2.3,0.152,0.204,0.186,0.32,47.51,28.33
"2021-06-08 00:00:00",599,12,403,1,0.841,1.73,2.2,0.153,0.194,0.187,0.319,46.32,27.82
"2021-06-08 00:30:00",600,11.99,403,1,0.846,1.76,2.19,0.156,0.194,0.187,0.318,45.58,28.64
"2021-06-08 01:00:00",601,11.99,403,1,0.825,1.74,2.11,0.154,0.187,0.188,0.313,46.26,28.49
"2021-06-08 01:30:00",602,11.99,403,1,0.827,1.75,2.11,0.155,0.187,0.187,0.316,45.71,29.02
"2021-06-08 02:00:00",603,11.99,403,1,0.799,1.67,2.06,0.148,0.182,0.187,0.314,46.43,28.49
"2021-06-08 02:30:00",604,11.98,403,1,0.774,1.65,1.96,0.146,0.173,0.181,0.312,45.91,28.38
"2021-06-08 03:00:00",605,11.98,403,1,0.754,1.62,1.9,0.144,0.168,0.181,0.308,45.93,28.4
"2021-06-08 03:30:00",606,11.97,403,1,0.729,1.55,1.85,0.137,0.163,0.178,0.305,45.84,28.33
"2021-06-08 04:00:00",607,11.97,403,1,0.724,1.54,1.84,0.137,0.163,0.176,0.307,45.88,28.21
"2021-06-08 04:30:00",608,11.97,403,1,0.713,1.51,1.82,0.133,0.161,0.175,0.304,46.07,28.29
"2021-06-08 05:00:00",609,11.97,403,1,0.714,1.53,1.8,0.135,0.159,0.175,0.302,45.49,28.12
"2021-06-08 05:30:00",610,11.97,403,1,0.716,1.52,1.82,0.135,0.161,0.175,0.303,45.87,28.35
"2021-06-08 06:00:00",611,11.96,403,1,0.774,1.65,1.96,0.146,0.173,0.183,0.308,45.96,28.59
"2021-06-08 06:30:00",612,11.96,403,1,0.925,1.9,2.42,0.168,0.214,0.198,0.324,46.35,28.41
"2021-06-08 07:00:00",613,11.96,403,1,1.102,2.2,2.95,0.195,0.261,0.218,0.347,46.68,28.59
"2021-06-08 07:30:00",614,11.96,403,1,1.308,2.51,3.61,0.222,0.32,0.237,0.375,47.3,29.53
"2021-06-08 08:00:00",615,11.96,403,1,1.545,2.86,4.37,0.253,0.387,0.263,0.405,47.17,29.66
"2021-06-08 08:30:00",616,11.96,403,1,1.667,3.1,4.7,0.275,0.416,0.282,0.418,46.96,30.03
"2021-06-08 09:00:00",617,11.96,403,1,1.934,3.6,5.45,0.319,0.482,0.317,0.449,47.46,30.2
"2021-06-08 09:30:00",618,11.99,403,1,2.191,3.96,6.3,0.35,0.557,0.342,0.484,48.2,30.54
"2021-06-08 10:00:00",619,11.98,403,1,2.309,4.27,6.54,0.378,0.579,0.366,0.494,48.22,31.12
"2021-06-08 10:30:00",620,12.01,403,1,2.338,4.2,6.75,0.372,0.597,0.364,0.507,47.07,30.65
"2021-06-08 11:00:00",621,12.01,403,1,2.516,4.59,7.19,0.406,0.637,0.388,0.524,47.02,30.91
"2021-06-08 11:30:00",622,12,403,1,2.473,4.49,7.09,0.398,0.628,0.38,0.52,47.24,31.39
"2021-06-08 12:00:00",623,11.99,403,1,2.379,4.36,6.78,0.386,0.6,0.373,0.504,47.1,31.08
"2021-06-08 12:30:00",624,12,403,1,2.374,4.27,6.85,0.378,0.606,0.37,0.509,48.07,31.23
"2021-06-08 13:00:00",625,12.01,403,1,2.667,4.84,7.65,0.428,0.677,0.405,0.541,47.39,30.99
"2021-06-08 13:30:00",626,12,403,1,2.968,5.17,8.74,0.458,0.773,0.436,0.589,47.86,31.19
"2021-06-08 14:00:00",627,12.04,403,1,3.048,5.22,9.07,0.462,0.803,0.446,0.605,47.73,31.9
"2021-06-08 14:30:00",628,12.01,403,1,3.038,5.25,8.99,0.465,0.795,0.444,0.603,46.66,32.07
"2021-06-08 15:00:00",629,12,403,1,3.111,5.43,9.15,0.48,0.81,0.458,0.605,46.27,31.26
"2021-06-08 15:30:00",630,11.99,403,1,3.047,5.51,8.76,0.487,0.775,0.458,0.589,46.77,31.5
"2021-06-08 16:00:00",631,12,403,1,2.981,5.21,8.76,0.461,0.775,0.443,0.59,47.14,31.72
"2021-06-08 16:30:00",632,11.99,403,1,2.88,5.3,8.18,0.469,0.724,0.439,0.563,47.22,31.23
"2021-06-08 17:00:00",633,11.98,403,1,2.587,4.82,7.29,0.427,0.645,0.403,0.524,46.92,30.83
"2021-06-08 17:30:00",634,11.98,403,1,2.5,4.44,7.27,0.393,0.644,0.38,0.523,47.69,30.61
"2021-06-08 18:00:00",635,11.98,403,1,2.404,4.5,6.75,0.398,0.598,0.379,0.502,46.9,31.47
"2021-06-08 18:30:00",636,11.97,403,1,2.288,4.2,6.51,0.372,0.576,0.358,0.493,47.47,29.71
"2021-06-08 19:00:00",637,11.97,403,1,2.301,4.27,6.5,0.378,0.576,0.361,0.491,46.99,30.33
"2021-06-08 19:30:00",638,11.97,403,1,2.011,3.75,5.66,0.332,0.501,0.327,0.456,46.59,30.17
"2021-06-08 20:00:00",639,11.96,403,1,1.689,3.26,4.64,0.288,0.41,0.291,0.415,46.41,29.15
"2021-06-08 20:30:00",640,11.96,403,1,1.364,2.63,3.75,0.232,0.332,0.247,0.38,46.47,28.95
"2021-06-08 21:00:00",641,11.95,403,1,1.142,2.26,3.08,0.2,0.273,0.221,0.352,45.8,28.85
"2021-06-08 21:30:00",642,11.95,403,1,1.027,2.08,2.72,0.184,0.241,0.209,0.339,45.96,28.44
"2021-06-08 22:00:00",643,11.95,403,1,1.124,2.53,2.71,0.224,0.24,0.244,0.34,44.34,28.31
"2021-06-08 22:30:00",644,11.94,403,1,0.793,1.68,2.02,0.149,0.179,0.188,0.314,46.02,28.32
"2021-06-08 23:00:00",645,11.93,403,1,0.681,1.44,1.74,0.128,0.154,0.166,0.299,45.37,28.25
"2021-06-08 23:30:00",646,11.93,403,1,0.695,1.51,1.73,0.134,0.153,0.172,0.301,45.48,27.69
"2021-06-09 00:00:00",647,11.93,403,1,0.669,1.47,1.65,0.13,0.146,0.166,0.296,46.06,28.11
"2021-06-09 00:30:00",648,11.92,403,1,0.688,1.46,1.75,0.129,0.155,0.168,0.299,45.59,27.64
"2021-06-09 01:00:00",649,11.92,403,1,0.692,1.48,1.75,0.131,0.155,0.168,0.298,46.15,27.79
"2021-06-09 01:30:00",650,11.92,403,1,0.694,1.49,1.75,0.132,0.155,0.173,0.301,45.42,27.89
"2021-06-09 02:00:00",651,11.92,403,1,0.707,1.51,1.79,0.133,0.158,0.17,0.301,46.45,28.1
"2021-06-09 02:30:00",652,11.92,403,1,0.705,1.53,1.76,0.135,0.156,0.174,0.301,45.93,27.99
"2021-06-09 03:00:00",653,11.91,403,1,0.692,1.47,1.76,0.13,0.156,0.169,0.299,46.34,27.83
"2021-06-09 03:30:00",654,11.91,403,1,0.714,1.53,1.8,0.136,0.159,0.174,0.302,45.65,28.14
"2021-06-09 04:00:00",655,11.91,403,1,0.733,1.56,1.86,0.138,0.164,0.174,0.304,45.87,28.34
"2021-06-09 04:30:00",656,11.91,403,1,0.739,1.59,1.86,0.141,0.165,0.177,0.306,45.31,28.04
"2021-06-09 05:00:00",657,11.91,403,1,0.744,1.58,1.89,0.14,0.167,0.176,0.304,46.18,28.09
"2021-06-09 05:30:00",658,11.9,403,1,0.763,1.63,1.93,0.144,0.171,0.18,0.309,46.31,28.36
"2021-06-09 06:00:00",659,11.9,403,1,0.799,1.65,2.08,0.146,0.185,0.184,0.314,46.38,28.29
"2021-06-09 06:30:00",660,11.9,403,1,0.918,1.85,2.44,0.164,0.216,0.194,0.326,46.21,28.11
"2021-06-09 07:00:00",661,11.9,403,1,0.993,2.01,2.63,0.178,0.233,0.206,0.335,46.41,28.47
"2021-06-09 07:30:00",662,11.9,403,1,1.087,2.18,2.9,0.193,0.257,0.217,0.345,46.85,28.34
"2021-06-09 08:00:00",663,11.9,403,1,1.308,2.5,3.62,0.221,0.32,0.239,0.372,47.62,28.86
"2021-06-09 08:30:00",664,11.9,403,1,1.601,3,4.49,0.266,0.397,0.274,0.408,46.92,29.8
"2021-06-09 09:00:00",665,11.9,403,1,1.666,3.09,4.71,0.273,0.416,0.282,0.415,46.88,30.05
"2021-06-09 09:30:00",666,11.9,403,1,1.704,3.23,4.74,0.286,0.42,0.288,0.418,48.2,29.69
"2021-06-09 10:00:00",667,11.9,403,1,1.832,3.46,5.11,0.306,0.453,0.303,0.434,46.46,29.5
"2021-06-09 10:30:00",668,11.92,403,1,2.037,3.9,5.63,0.345,0.499,0.337,0.456,46.61,29.91
"2021-06-09 11:00:00",669,11.92,403,1,2.158,4,6.1,0.354,0.54,0.345,0.472,48.13,30.35
"2021-06-09 11:30:00",670,11.93,403,1,2.298,4.21,6.55,0.372,0.58,0.36,0.491,47.26,30.57
"2021-06-09 12:00:00",671,11.93,403,1,2.358,4.3,6.74,0.381,0.596,0.37,0.504,47.93,30.67
"2021-06-09 12:30:00",672,11.93,403,1,2.433,4.51,6.88,0.399,0.609,0.381,0.503,47.07,30.96
"2021-06-09 13:00:00",673,11.93,403,1,2.487,4.61,7.03,0.408,0.622,0.387,0.51,45.95,31.34
"2021-06-09 13:30:00",674,11.92,403,1,2.602,4.56,7.63,0.404,0.675,0.392,0.536,48.06,30.96
"2021-06-09 14:00:00",675,11.93,403,1,2.751,5.03,7.85,0.445,0.695,0.422,0.547,46.88,31.18
"2021-06-09 14:30:00",676,11.92,403,1,2.552,4.67,7.28,0.413,0.645,0.397,0.524,48.3,30.95
"2021-06-09 15:00:00",677,11.92,403,1,2.616,4.74,7.51,0.42,0.664,0.401,0.53,47.17,30.91
"2021-06-09 15:30:00",678,11.92,403,1,2.657,4.83,7.61,0.427,0.673,0.408,0.531,46.5,31.07
"2021-06-09 16:00:00",679,11.92,403,1,2.756,4.91,8,0.434,0.708,0.418,0.551,47.98,31.31
"2021-06-09 16:30:00",680,11.91,403,1,2.561,4.85,7.13,0.429,0.631,0.405,0.512,46.96,30.28
"2021-06-09 17:00:00",681,11.9,403,1,1.969,3.74,5.47,0.331,0.484,0.325,0.445,47.14,29.63
"2021-06-09 17:30:00",682,11.9,403,1,1.937,3.73,5.33,0.33,0.472,0.322,0.439,46.49,29.95
"2021-06-09 18:00:00",683,11.89,403,1,1.359,2.78,3.57,0.246,0.316,0.261,0.373,45.32,28.62
"2021-06-09 18:30:00",684,11.88,403,1,0.838,1.77,2.14,0.157,0.19,0.191,0.319,45.37,28.25
"2021-06-09 19:00:00",685,11.88,403,1,0.73,1.51,1.9,0.133,0.168,0.174,0.308,45.68,28
"2021-06-09 19:30:00",686,11.88,403,1,0.716,1.56,1.78,0.138,0.157,0.176,0.3,46.98,28.21
"2021-06-09 20:00:00",687,11.87,403,1,0.697,1.5,1.75,0.133,0.154,0.17,0.3,46.52,27.33
"2021-06-09 20:30:00",688,11.87,403,1,0.658,1.42,1.65,0.126,0.146,0.164,0.297,46.23,28.27
"2021-06-09 21:00:00",689,11.86,403,1,0.613,1.32,1.54,0.117,0.136,0.159,0.29,46.25,28.31
"2021-06-09 21:30:00",690,11.86,403,1,0.603,1.32,1.49,0.117,0.132,0.155,0.289,45.48,28.1
"2021-06-09 22:00:00",691,11.86,403,1,0.586,1.3,1.43,0.115,0.127,0.158,0.289,45.9,27.82
"2021-06-09 22:30:00",692,11.86,403,1,0.577,1.26,1.43,0.111,0.127,0.154,0.288,45.66,27.72
"2021-06-09 23:00:00",693,11.85,403,1,0.57,1.25,1.41,0.111,0.125,0.156,0.287,45.41,27.73
"2021-06-09 23:30:00",694,11.85,403,1,0.588,1.3,1.44,0.115,0.127,0.158,0.287,45.63,28.1
"2021-06-10 00:00:00",695,11.85,403,1,0.594,1.33,1.44,0.118,0.128,0.163,0.287,46.7,27.67
"2021-06-10 00:30:00",696,11.85,403,1,0.581,1.27,1.44,0.113,0.127,0.154,0.289,45.94,28
"2021-06-10 01:00:00",697,11.85,403,1,0.594,1.28,1.49,0.114,0.132,0.157,0.289,45.69,27.48
"2021-06-10 01:30:00",698,11.85,403,1,0.609,1.35,1.49,0.12,0.132,0.16,0.287,46.02,28.06
"2021-06-10 02:00:00",699,11.84,403,1,0.594,1.33,1.44,0.118,0.127,0.161,0.289,45.54,28.16
"2021-06-10 02:30:00",700,11.84,403,1,0.594,1.33,1.44,0.118,0.127,0.159,0.287,46,27.89
"2021-06-10 03:00:00",701,11.84,403,1,0.596,1.32,1.46,0.117,0.13,0.158,0.287,46.93,28.31
"2021-06-10 03:30:00",702,11.84,403,1,0.598,1.32,1.47,0.116,0.13,0.16,0.288,45.38,27.84
"2021-06-10 04:00:00",703,11.84,403,1,0.633,1.39,1.56,0.123,0.138,0.164,0.293,45.62,28.09
"2021-06-10 04:30:00",704,11.84,403,1,0.639,1.37,1.61,0.121,0.143,0.162,0.295,45.49,28.24
"2021-06-10 05:00:00",705,11.83,403,1,0.639,1.39,1.59,0.123,0.14,0.162,0.294,45.78,27.68
"2021-06-10 05:30:00",706,11.83,403,1,0.643,1.41,1.59,0.125,0.14,0.166,0.293,46.05,27.68
"2021-06-10 06:00:00",707,11.83,403,1,0.62,1.39,1.5,0.123,0.133,0.164,0.289,45.49,27.79
"2021-06-10 06:30:00",708,11.83,403,1,0.675,1.46,1.69,0.129,0.15,0.165,0.299,46.46,27.69
"2021-06-10 07:00:00",709,11.83,403,1,0.751,1.54,1.97,0.136,0.175,0.168,0.307,46.65,28.14
"2021-06-10 07:30:00",710,11.83,403,1,0.754,1.61,1.91,0.142,0.169,0.175,0.303,46.44,28.24
"2021-06-10 08:00:00",711,11.82,403,1,0.756,1.61,1.92,0.143,0.17,0.176,0.304,47,28.08
"2021-06-10 08:30:00",712,11.83,403,1,0.846,1.75,2.2,0.155,0.195,0.185,0.314,46.64,28.29
"2021-06-10 09:00:00",713,11.82,403,1,0.91,1.88,2.37,0.166,0.21,0.195,0.323,46.07,28.39
"2021-06-10 09:30:00",714,11.83,403,1,1.016,2.04,2.71,0.181,0.24,0.206,0.336,46.3,28.22
"2021-06-10 10:00:00",715,11.83,403,1,1.183,2.34,3.19,0.208,0.283,0.225,0.356,47.79,28.87
"2021-06-10 10:30:00",716,11.85,403,1,1.607,3.06,4.46,0.271,0.394,0.278,0.404,48.18,29.26
"2021-06-10 11:00:00",717,11.86,403,1,1.889,3.53,5.31,0.313,0.47,0.312,0.44,47.21,30.54
"2021-06-10 11:30:00",718,11.87,403,1,2,3.74,5.62,0.331,0.497,0.33,0.453,47.34,30.24
"2021-06-10 12:00:00",719,11.88,403,1,2.08,3.93,5.8,0.348,0.513,0.34,0.46,47.16,30.07
"2021-06-10 12:30:00",720,11.88,403,1,2.247,4.07,6.45,0.36,0.571,0.35,0.488,49.11,30.51
"2021-06-10 13:00:00",721,11.88,403,1,2.594,4.8,7.34,0.424,0.65,0.401,0.524,46.45,31.43
"2021-06-10 13:30:00",722,11.87,403,1,3.075,5.52,8.88,0.488,0.786,0.457,0.591,47.24,32.06
"2021-06-10 14:00:00",723,11.91,403,1,3.146,5.57,9.17,0.493,0.812,0.466,0.606,46.54,31.78
"2021-06-10 14:30:00",724,11.88,403,1,3.103,5.22,9.33,0.462,0.826,0.455,0.616,46.76,31.89
"2021-06-10 15:00:00",725,11.87,403,1,3.396,6.01,9.9,0.532,0.876,0.498,0.633,46.31,31.71
"2021-06-10 15:30:00",726,11.88,403,1,3.371,6,9.79,0.531,0.867,0.498,0.628,46.07,32.3
"2021-06-10 16:00:00",727,11.86,403,1,2.369,4.57,6.51,0.404,0.576,0.379,0.488,46.55,30.28
"2021-06-10 16:30:00",728,11.85,403,1,1.404,3,3.55,0.265,0.314,0.271,0.371,46.6,28.66
"2021-06-10 17:00:00",729,11.85,403,1,0.859,1.8,2.21,0.159,0.196,0.189,0.317,46.4,28.48
"2021-06-10 17:30:00",730,11.84,403,1,0.919,1.94,2.35,0.172,0.208,0.198,0.319,46.53,28.18
"2021-06-10 18:00:00",731,11.83,403,1,1.021,2.09,2.68,0.185,0.237,0.21,0.338,46.93,28.59
"2021-06-10 18:30:00",732,11.82,403,1,1.114,2.31,2.89,0.204,0.256,0.224,0.346,45.81,28.29
"2021-06-10 19:00:00",733,11.82,403,1,0.961,1.94,2.55,0.172,0.225,0.198,0.33,46.23,27.88
"2021-06-10 19:30:00",734,11.82,403,1,0.88,1.81,2.3,0.16,0.203,0.193,0.322,46.12,28.03
"2021-06-10 20:00:00",735,11.82,403,1,0.79,1.65,2.04,0.146,0.181,0.181,0.313,45.65,27.87
"2021-06-10 20:30:00",736,11.81,403,1,0.735,1.55,1.88,0.137,0.166,0.174,0.305,46.56,27.96
"2021-06-10 21:00:00",737,11.81,403,1,0.707,1.54,1.76,0.137,0.156,0.172,0.301,46,27.5
"2021-06-10 21:30:00",738,11.8,403,1,0.689,1.53,1.68,0.135,0.148,0.173,0.3,45.6,28.08
"2021-06-10 22:00:00",739,11.8,403,1,0.645,1.42,1.59,0.125,0.141,0.164,0.297,45.13,27.61
"2021-06-10 22:30:00",740,11.8,403,1,0.618,1.36,1.52,0.12,0.135,0.161,0.292,45.08,27.82
"2021-06-10 23:00:00",741,11.79,403,1,0.592,1.3,1.46,0.115,0.129,0.156,0.29,46.14,27.78
"2021-06-10 23:30:00",742,11.79,403,1,0.583,1.28,1.44,0.113,0.127,0.157,0.289,45.42,27.47
"2021-06-11 00:00:00",743,11.79,403,1,0.588,1.33,1.41,0.118,0.125,0.159,0.287,46.09,27.74
"2021-06-11 00:30:00",744,11.78,403,1,0.586,1.3,1.43,0.115,0.127,0.157,0.285,46.17,27.8
"2021-06-11 01:00:00",745,11.78,403,1,0.564,1.28,1.35,0.114,0.12,0.158,0.285,45.99,28.2
"2021-06-11 01:30:00",746,11.78,403,1,0.581,1.3,1.41,0.115,0.125,0.157,0.288,45.96,27.75
"2021-06-11 02:00:00",747,11.78,403,1,0.577,1.28,1.41,0.113,0.124,0.155,0.286,46.21,27.69
"2021-06-11 02:30:00",748,11.78,403,1,0.575,1.27,1.41,0.113,0.124,0.155,0.288,45.8,28.11
"2021-06-11 03:00:00",749,11.78,403,1,0.581,1.3,1.41,0.115,0.124,0.157,0.289,47.1,27.9
"2021-06-11 03:30:00",750,11.77,403,1,0.56,1.26,1.35,0.111,0.12,0.155,0.282,45.69,27.74
"2021-06-11 04:00:00",751,11.77,403,1,0.571,1.28,1.38,0.113,0.122,0.155,0.284,46.17,27.54
"2021-06-11 04:30:00",752,11.77,403,1,0.551,1.22,1.35,0.108,0.119,0.151,0.287,45.37,27.58
"2021-06-11 05:00:00",753,11.77,403,1,0.564,1.28,1.35,0.113,0.12,0.153,0.285,45.45,27.49
"2021-06-11 05:30:00",754,11.76,403,1,0.558,1.25,1.35,0.111,0.12,0.153,0.283,45.4,27.86
"2021-06-11 06:00:00",755,11.76,403,1,0.551,1.25,1.32,0.11,0.117,0.153,0.283,46.17,27.54
"2021-06-11 06:30:00",756,11.76,403,1,0.551,1.25,1.32,0.111,0.117,0.153,0.281,45.82,28.04
"2021-06-11 07:00:00",757,11.76,403,1,0.573,1.32,1.35,0.116,0.12,0.154,0.285,45.48,27.53
"2021-06-11 07:30:00",758,11.76,403,1,0.573,1.27,1.4,0.112,0.124,0.153,0.285,46.06,28.1
"2021-06-11 08:00:00",759,11.76,403,1,0.592,1.3,1.46,0.115,0.129,0.157,0.287,46.01,28.05
"2021-06-11 08:30:00",760,11.76,403,1,0.583,1.28,1.44,0.113,0.127,0.156,0.287,45.83,27.62
"2021-06-11 09:00:00",761,11.75,403,1,0.609,1.37,1.47,0.121,0.13,0.159,0.289,45.52,28.41
"2021-06-11 09:30:00",762,11.75,403,1,0.601,1.33,1.47,0.118,0.13,0.158,0.288,46.18,28.22
"2021-06-11 10:00:00",763,11.75,403,1,0.558,1.28,1.32,0.113,0.117,0.153,0.284,45.84,27.74
"2021-06-11 10:30:00",764,11.75,403,1,0.56,1.28,1.33,0.114,0.117,0.156,0.282,46.14,27.93
"2021-06-11 11:00:00",765,11.75,403,1,0.585,1.29,1.44,0.114,0.127,0.154,0.288,45.89,27.79
"2021-06-11 11:30:00",766,11.75,403,1,0.582,1.32,1.39,0.117,0.123,0.159,0.283,45.45,27.9
"2021-06-11 12:00:00",767,11.74,403,1,0.572,1.23,1.44,0.109,0.127,0.152,0.284,45.66,27.96
"2021-06-11 12:30:00",768,11.74,403,1,0.562,1.29,1.33,0.115,0.118,0.153,0.285,45.29,27.6
"2021-06-11 13:00:00",769,11.74,403,1,0.55,1.26,1.3,0.111,0.115,0.152,0.281,46.14,27.77
"2021-06-11 13:30:00",770,11.74,403,1,0.541,1.22,1.3,0.108,0.115,0.151,0.28,45.26,27.73
"2021-06-11 14:00:00",771,11.74,403,1,0.543,1.26,1.27,0.112,0.113,0.153,0.281,46.28,28.06
"2021-06-11 14:30:00",772,11.73,403,1,0.556,1.26,1.33,0.111,0.118,0.148,0.28,45.9,28.11
"2021-06-11 15:00:00",773,11.73,403,1,0.549,1.25,1.31,0.11,0.116,0.153,0.282,46.01,27.64
"2021-06-11 15:30:00",774,11.73,403,1,0.55,1.28,1.28,0.113,0.113,0.154,0.279,45.38,27.84
"2021-06-11 16:00:00",775,11.73,403,1,0.541,1.24,1.28,0.109,0.113,0.152,0.28,46.16,27.53
"2021-06-11 16:30:00",776,11.73,403,1,0.545,1.27,1.27,0.112,0.113,0.151,0.278,45.62,27.65
"2021-06-11 17:00:00",777,11.72,403,1,0.545,1.27,1.27,0.112,0.113,0.153,0.28,46.58,27.64
"2021-06-11 17:30:00",778,11.72,403,1,0.553,1.24,1.34,0.11,0.118,0.155,0.285,46,28.31
"2021-06-11 18:00:00",779,11.72,403,1,0.543,1.25,1.28,0.11,0.113,0.151,0.28,46.11,27.75
"2021-06-11 18:30:00",780,11.72,403,1,0.56,1.3,1.31,0.115,0.116,0.155,0.28,46.52,27.74
"2021-06-11 19:00:00",781,11.72,403,1,0.55,1.27,1.29,0.112,0.114,0.155,0.281,45.96,27.59
"2021-06-11 19:30:00",782,11.72,403,1,0.554,1.29,1.29,0.114,0.114,0.153,0.28,44.93,27.55
"2021-06-11 20:00:00",783,11.71,403,1,0.562,1.3,1.32,0.115,0.117,0.154,0.282,45.51,28.12
"2021-06-11 20:30:00",784,11.71,403,1,0.539,1.25,1.26,0.111,0.112,0.154,0.28,46.19,28.23
"2021-06-11 21:00:00",785,11.71,403,1,0.535,1.23,1.26,0.109,0.112,0.152,0.28,46.23,28.02
"2021-06-11 21:30:00",786,11.71,403,1,0.547,1.26,1.29,0.111,0.114,0.154,0.282,45.25,27.55
"2021-06-11 22:00:00",787,11.7,403,1,0.545,1.25,1.29,0.11,0.114,0.154,0.28,46.13,27.49
"2021-06-11 22:30:00",788,11.7,403,1,0.535,1.23,1.26,0.109,0.112,0.154,0.278,45.87,28.07
"2021-06-11 23:00:00",789,11.7,403,1,0.539,1.25,1.26,0.111,0.112,0.152,0.278,45.67,27.55
"2021-06-11 23:30:00",790,11.7,403,1,0.535,1.23,1.26,0.108,0.112,0.152,0.28,46.25,27.61
"2021-06-12 00:00:00",791,11.7,403,1,0.536,1.21,1.29,0.107,0.114,0.153,0.281,46.29,28.33
"2021-06-12 00:30:00",792,11.69,403,1,0.552,1.28,1.29,0.114,0.114,0.155,0.279,46.43,27.64
"2021-06-12 01:00:00",793,11.69,403,1,0.541,1.23,1.29,0.109,0.114,0.153,0.281,46.26,27.48
"2021-06-12 01:30:00",794,11.69,403,1,0.547,1.26,1.29,0.111,0.114,0.153,0.279,45.6,28.07
"2021-06-12 02:00:00",795,11.69,403,1,0.55,1.29,1.27,0.114,0.112,0.153,0.28,45.28,27.74
"2021-06-12 02:30:00",796,11.68,403,1,0.556,1.26,1.33,0.111,0.117,0.157,0.282,46.45,27.65
"2021-06-12 03:00:00",797,11.68,403,1,0.554,1.26,1.32,0.111,0.117,0.155,0.281,46.24,27.86
"2021-06-12 03:30:00",798,11.68,403,1,0.543,1.26,1.27,0.111,0.112,0.153,0.281,45.94,27.98
"2021-06-12 04:00:00",799,11.68,403,1,0.552,1.28,1.29,0.113,0.114,0.151,0.282,46.57,27.36
"2021-06-12 04:30:00",800,11.67,403,1,0.545,1.25,1.29,0.111,0.114,0.15,0.282,46.15,27.77
"2021-06-12 05:00:00",801,11.68,403,1,0.552,1.31,1.26,0.116,0.112,0.155,0.281,46.15,27.51
"2021-06-12 05:30:00",802,11.67,403,1,0.541,1.25,1.27,0.111,0.112,0.153,0.28,45.97,27.86
"2021-06-12 06:00:00",803,11.67,403,1,0.535,1.25,1.24,0.111,0.109,0.15,0.278,45.14,28.01
"2021-06-12 06:30:00",804,11.67,403,1,0.548,1.28,1.27,0.114,0.112,0.155,0.283,45.97,28.02
"2021-06-12 07:00:00",805,11.66,403,1,0.551,1.25,1.32,0.111,0.117,0.153,0.28,46.63,27.83
"2021-06-12 07:30:00",806,11.66,403,1,0.582,1.33,1.38,0.118,0.122,0.157,0.284,46.04,28.08
"2021-06-12 08:00:00",807,11.66,403,1,0.596,1.32,1.46,0.117,0.129,0.154,0.287,46.7,28.17
"2021-06-12 08:30:00",808,11.66,403,1,0.669,1.49,1.63,0.132,0.144,0.166,0.294,46.46,28.07
"2021-06-12 09:00:00",809,11.66,403,1,0.673,1.49,1.65,0.132,0.146,0.169,0.294,45.41,27.86
"2021-06-12 09:30:00",810,11.66,403,1,0.59,1.33,1.42,0.118,0.125,0.153,0.286,46.38,28.01
"2021-06-12 10:00:00",811,11.66,403,1,0.609,1.38,1.46,0.122,0.129,0.156,0.285,46.05,27.66
"2021-06-12 10:30:00",812,11.66,403,1,0.611,1.36,1.49,0.121,0.131,0.159,0.287,46.86,28.23
"2021-06-12 11:00:00",813,11.67,403,1,0.792,1.6,2.1,0.141,0.186,0.17,0.308,46.75,28.64
"2021-06-12 11:30:00",814,11.69,403,1,1.418,2.75,3.88,0.244,0.344,0.256,0.38,47.3,29.92
"2021-06-12 12:00:00",815,11.68,403,1,1.769,3.45,4.82,0.305,0.427,0.302,0.419,47.61,29.4
"2021-06-12 12:30:00",816,11.68,403,1,1.79,3.45,4.92,0.305,0.436,0.299,0.42,49.33,29.71
"2021-06-12 13:00:00",817,11.71,403,1,2.357,4.45,6.58,0.394,0.582,0.376,0.492,47.65,31.36
"2021-06-12 13:30:00",818,11.71,403,1,2.608,4.8,7.41,0.425,0.656,0.403,0.525,47.66,30.95
"2021-06-12 14:00:00",819,11.73,403,1,2.758,5.08,7.83,0.45,0.693,0.426,0.546,47.2,32
"2021-06-12 14:30:00",820,11.71,403,1,2.734,4.85,7.96,0.429,0.704,0.413,0.548,47.45,31.17
"2021-06-12 15:00:00",821,11.69,403,1,2.738,5.03,7.79,0.445,0.689,0.425,0.543,47.32,31.04
"2021-06-12 15:30:00",822,11.69,403,1,2.977,5.21,8.74,0.461,0.773,0.447,0.586,48.14,31.86
"2021-06-12 16:00:00",823,11.69,403,1,3.03,5.51,8.68,0.487,0.768,0.459,0.581,47.95,32.1
"2021-06-12 16:30:00",824,11.68,403,1,3.009,5.43,8.66,0.481,0.766,0.458,0.579,47.6,31.75
"2021-06-12 17:00:00",825,11.68,403,1,3.033,5.58,8.62,0.494,0.763,0.464,0.578,47.3,31.03
"2021-06-12 17:30:00",826,11.67,403,1,2.88,5.37,8.11,0.476,0.718,0.447,0.551,47.52,30.98
"2021-06-12 18:00:00",827,11.67,403,1,2.718,5.1,7.62,0.451,0.674,0.423,0.533,48.53,31.42
"2021-06-12 18:30:00",828,11.67,403,1,2.52,4.78,7.01,0.423,0.62,0.399,0.506,47.8,30.69
"2021-06-12 19:00:00",829,11.66,403,1,2.367,4.57,6.5,0.404,0.576,0.38,0.487,46.79,29.84
"2021-06-12 19:30:00",830,11.66,403,1,2.121,4.08,5.84,0.361,0.517,0.35,0.46,48.15,30.22
"2021-06-12 20:00:00",831,11.66,403,1,1.782,3.51,4.82,0.311,0.427,0.306,0.418,46.83,29.71
"2021-06-12 20:30:00",832,11.65,403,1,1.421,2.84,3.8,0.251,0.336,0.259,0.38,46.93,28.57
"2021-06-12 21:00:00",833,11.65,403,1,1.152,2.34,3.04,0.207,0.269,0.227,0.353,46.48,28.52
"2021-06-12 21:30:00",834,11.64,403,1,0.996,2.08,2.57,0.184,0.227,0.209,0.332,46.39,28.27
"2021-06-12 22:00:00",835,11.64,403,1,0.895,1.86,2.32,0.165,0.205,0.193,0.321,45.99,28.44
"2021-06-12 22:30:00",836,11.63,403,1,0.827,1.74,2.12,0.154,0.188,0.185,0.312,45.66,28.12
"2021-06-12 23:00:00",837,11.63,403,1,0.784,1.68,1.98,0.149,0.175,0.183,0.307,46.61,27.66
"2021-06-12 23:30:00",838,11.63,403,1,0.722,1.57,1.8,0.139,0.16,0.174,0.301,45.67,27.71
"2021-06-13 00:00:00",839,11.62,403,1,0.707,1.52,1.78,0.134,0.157,0.172,0.3,46.58,28.19
"2021-06-13 00:30:00",840,11.62,403,1,0.676,1.49,1.66,0.132,0.147,0.165,0.296,45.94,27.97
"2021-06-13 01:00:00",841,11.61,403,1,0.66,1.45,1.63,0.128,0.145,0.16,0.296,46.46,28.08
"2021-06-13 01:30:00",842,11.61,403,1,0.639,1.38,1.6,0.122,0.142,0.161,0.293,46.29,27.5
"2021-06-13 02:00:00",843,11.61,403,1,0.639,1.43,1.55,0.127,0.137,0.163,0.295,45.3,27.75
"2021-06-13 02:30:00",844,11.61,403,1,0.615,1.35,1.52,0.119,0.134,0.158,0.289,46.41,27.87
"2021-06-13 03:00:00",845,11.6,403,1,0.59,1.32,1.43,0.117,0.127,0.156,0.29,47.1,27.46
"2021-06-13 03:30:00",846,11.6,403,1,0.601,1.34,1.46,0.119,0.129,0.155,0.29,45.08,27.7
"2021-06-13 04:00:00",847,11.6,403,1,0.588,1.33,1.41,0.118,0.124,0.157,0.287,45.96,27.83
"2021-06-13 04:30:00",848,11.59,403,1,0.575,1.28,1.4,0.113,0.124,0.155,0.284,45.56,27.58
"2021-06-13 05:00:00",849,11.59,403,1,0.566,1.27,1.37,0.113,0.121,0.152,0.288,45.82,27.68
"2021-06-13 05:30:00",850,11.59,403,1,0.584,1.31,1.41,0.116,0.124,0.153,0.287,46.55,27.48
"2021-06-13 06:00:00",851,11.59,403,1,0.56,1.24,1.37,0.11,0.121,0.152,0.287,46.32,27.36
"2021-06-13 06:30:00",852,11.59,403,1,0.545,1.23,1.31,0.109,0.116,0.15,0.283,46.59,27.36
"2021-06-13 07:00:00",853,11.59,403,1,0.545,1.21,1.33,0.107,0.118,0.148,0.283,46.2,27.82
"2021-06-13 07:30:00",854,11.58,403,1,0.609,1.34,1.5,0.118,0.133,0.154,0.288,46.44,28.07
"2021-06-13 08:00:00",855,11.58,403,1,0.741,1.56,1.9,0.138,0.168,0.168,0.303,46.83,28.03
"2021-06-13 08:30:00",856,11.58,403,1,0.984,1.96,2.64,0.173,0.234,0.202,0.33,47.19,28.65
"2021-06-13 09:00:00",857,11.59,403,1,1.299,2.45,3.63,0.217,0.321,0.233,0.37,47.13,29.32
"2021-06-13 09:30:00",858,11.6,403,1,1.686,3,4.9,0.266,0.434,0.278,0.422,48.22,30.01
"2021-06-13 10:00:00",859,11.6,403,1,2.174,4.1,6.07,0.363,0.538,0.35,0.468,48.11,30.74
"2021-06-13 10:30:00",860,11.67,403,1,2.535,4.62,7.25,0.409,0.641,0.393,0.519,48.35,31.25
"2021-06-13 11:00:00",861,11.67,403,1,2.681,4.91,7.64,0.435,0.677,0.418,0.539,48.17,31.47
"2021-06-13 11:30:00",862,11.68,403,1,2.856,5.26,8.11,0.465,0.717,0.445,0.558,48.14,31.6
"2021-06-13 12:00:00",863,11.68,403,1,3,5.81,8.22,0.514,0.728,0.472,0.568,45.82,31.61
"2021-06-13 12:30:00",864,11.68,403,1,2.927,5.63,8.06,0.498,0.714,0.468,0.554,51.37,31.77
"2021-06-13 13:00:00",865,11.68,403,1,2.81,5.28,7.87,0.467,0.697,0.438,0.546,48.21,31.1
"2021-06-13 13:30:00",866,11.67,403,1,2.898,5.29,8.28,0.469,0.733,0.446,0.565,48.2,31.66
"2021-06-13 14:00:00",867,11.71,403,1,2.965,5.47,8.41,0.484,0.744,0.457,0.573,47.57,31.87
"2021-06-13 14:30:00",868,11.68,403,1,2.867,5.15,8.28,0.456,0.733,0.44,0.567,47.63,31.61
"2021-06-13 15:00:00",869,11.66,403,1,2.989,5.51,8.48,0.488,0.751,0.459,0.568,48.34,30.67
"2021-06-13 15:30:00",870,11.65,403,1,2.934,5.34,8.4,0.473,0.743,0.451,0.568,47.91,31.8
"2021-06-13 16:00:00",871,11.65,403,1,2.938,5.46,8.29,0.483,0.733,0.451,0.564,47.41,31.4
"2021-06-13 16:30:00",872,11.64,403,1,2.981,5.57,8.38,0.493,0.742,0.463,0.568,47.06,30.8
"2021-06-13 17:00:00",873,11.62,403,1,2.909,5.49,8.12,0.486,0.718,0.45,0.556,47.79,31.09
"2021-06-13 17:30:00",874,11.62,403,1,2.785,5.24,7.79,0.464,0.689,0.432,0.539,47.41,30.98
"2021-06-13 18:00:00",875,11.61,403,1,2.618,4.92,7.33,0.436,0.649,0.411,0.519,47.55,31.28
"2021-06-13 18:30:00",876,11.61,403,1,2.385,4.66,6.49,0.413,0.574,0.383,0.485,47.13,30.84
"2021-06-13 19:00:00",877,11.6,403,1,1.995,3.83,5.5,0.339,0.487,0.329,0.444,46.74,29.88
"2021-06-13 19:30:00",878,11.6,403,1,1.803,3.54,4.89,0.314,0.433,0.306,0.422,46.55,29.28
"2021-06-13 20:00:00",879,11.59,403,1,1.474,2.91,3.98,0.257,0.353,0.268,0.385,46.26,28.98
"2021-06-13 20:30:00",880,11.59,403,1,1.216,2.45,3.23,0.217,0.286,0.234,0.355,46.64,28.94
"2021-06-13 21:00:00",881,11.58,403,1,1.023,2.06,2.72,0.183,0.241,0.21,0.338,46.45,27.67
"2021-06-13 21:30:00",882,11.58,403,1,0.899,1.84,2.36,0.163,0.209,0.19,0.324,46.11,28.32
"2021-06-13 22:00:00",883,11.57,403,1,0.833,1.74,2.15,0.154,0.19,0.183,0.316,46.95,28.17
"2021-06-13 22:30:00",884,11.56,403,1,0.778,1.63,2,0.144,0.177,0.177,0.308,46.04,27.66
"2021-06-13 23:00:00",885,11.56,403,1,0.744,1.58,1.89,0.14,0.167,0.174,0.307,46.6,27.8
"2021-06-13 23:30:00",886,11.56,403,1,0.747,1.55,1.94,0.137,0.172,0.17,0.309,45.51,28.12
"2021-06-14 00:00:00",887,11.56,403,1,0.741,1.55,1.91,0.137,0.169,0.173,0.307,46.22,27.7
"2021-06-14 00:30:00",888,11.55,403,1,0.739,1.54,1.91,0.137,0.169,0.168,0.307,45.96,28.27
"2021-06-14 01:00:00",889,11.55,403,1,0.728,1.54,1.86,0.136,0.165,0.172,0.304,46.35,27.71
"2021-06-14 01:30:00",890,11.54,403,1,0.731,1.55,1.86,0.137,0.164,0.176,0.304,46.09,27.87
"2021-06-14 02:00:00",891,11.54,403,1,0.741,1.54,1.92,0.137,0.17,0.171,0.306,45.93,27.97
"2021-06-14 02:30:00",892,11.54,403,1,0.745,1.56,1.92,0.138,0.17,0.176,0.306,46.23,27.86
"2021-06-14 03:00:00",893,11.54,403,1,0.739,1.54,1.91,0.137,0.169,0.17,0.304,46.8,27.6
"2021-06-14 03:30:00",894,11.53,403,1,0.754,1.57,1.95,0.139,0.173,0.173,0.305,45.93,27.71
"2021-06-14 04:00:00",895,11.53,403,1,0.737,1.6,1.84,0.141,0.163,0.175,0.303,45.71,27.76
"2021-06-14 04:30:00",896,11.53,403,1,0.743,1.57,1.9,0.139,0.168,0.172,0.304,46.19,28.22
"2021-06-14 05:00:00",897,11.52,403,1,0.726,1.53,1.86,0.135,0.165,0.167,0.305,46.73,28.19
"2021-06-14 05:30:00",898,11.53,403,1,0.718,1.54,1.81,0.137,0.16,0.173,0.304,46.66,27.87
"2021-06-14 06:00:00",899,11.52,403,1,0.718,1.54,1.81,0.136,0.16,0.172,0.304,46.68,27.88
"2021-06-14 06:30:00",900,11.52,403,1,0.752,1.59,1.92,0.141,0.17,0.175,0.306,46.2,28.49
"2021-06-14 07:00:00",901,11.52,403,1,0.888,1.81,2.34,0.16,0.207,0.186,0.32,47.08,28.13
"2021-06-14 07:30:00",902,11.51,403,1,1.118,2.18,3.05,0.193,0.27,0.213,0.346,47.59,28.8
"2021-06-14 08:00:00",903,11.52,403,1,1.532,2.84,4.33,0.252,0.383,0.261,0.4,48.22,29.29
"2021-06-14 08:30:00",904,11.52,403,1,1.987,3.67,5.63,0.325,0.498,0.323,0.45,49.14,30.78
"2021-06-14 09:00:00",905,11.52,403,1,1.998,3.75,5.6,0.332,0.496,0.329,0.449,47.96,30.02
"2021-06-14 09:30:00",906,11.53,403,1,2.049,3.79,5.8,0.336,0.514,0.332,0.459,48.91,30.54
"2021-06-14 10:00:00",907,11.54,403,1,2.33,4.4,6.5,0.39,0.575,0.375,0.485,48.97,30.44
"2021-06-14 10:30:00",908,11.61,403,1,2.552,4.84,7.1,0.428,0.628,0.406,0.514,47.93,30.67
"2021-06-14 11:00:00",909,11.61,403,1,2.393,4.49,6.71,0.397,0.594,0.384,0.498,48.3,31.76
"2021-06-14 11:30:00",910,11.6,403,1,2.698,4.97,7.66,0.44,0.678,0.42,0.539,48.24,31.55
"2021-06-14 12:00:00",911,11.61,403,1,2.974,5.88,8.02,0.521,0.71,0.466,0.555,45.77,31.42
"2021-06-14 12:30:00",912,11.64,403,1,2.925,5.46,8.23,0.483,0.729,0.462,0.565,49.83,31.64
"2021-06-14 13:00:00",913,11.63,403,1,3.011,5.67,8.42,0.502,0.745,0.47,0.57,47.02,30.91
"2021-06-14 13:30:00",914,11.62,403,1,2.946,5.69,8.09,0.504,0.716,0.46,0.553,47.1,31.26
"2021-06-14 14:00:00",915,11.63,403,1,3.067,5.58,8.78,0.493,0.777,0.468,0.584,47.28,31.84
"2021-06-14 14:30:00",916,11.62,403,1,2.966,5.19,8.71,0.459,0.771,0.449,0.585,48.16,31.74
"2021-06-14 15:00:00",917,11.61,403,1,3.174,6.02,8.83,0.533,0.782,0.491,0.588,47.73,31.89
"2021-06-14 15:30:00",918,11.59,403,1,3.211,5.75,9.29,0.509,0.822,0.484,0.613,47.3,31.87
"2021-06-14 16:00:00",919,11.59,403,1,3.245,6.01,9.18,0.532,0.812,0.496,0.605,47.25,31.15
"2021-06-14 16:30:00",920,11.58,403,1,3.143,5.81,8.9,0.514,0.788,0.483,0.588,47.34,31.92
"2021-06-14 17:00:00",921,11.57,403,1,3.062,5.69,8.64,0.504,0.764,0.472,0.575,47.73,31.31
"2021-06-14 17:30:00",922,11.56,403,1,2.94,5.46,8.3,0.483,0.734,0.451,0.564,47,31.31
"2021-06-14 18:00:00",923,11.56,403,1,2.831,5.31,7.94,0.47,0.703,0.44,0.544,47.73,30.8
"2021-06-14 18:30:00",924,11.55,403,1,2.616,4.91,7.33,0.434,0.649,0.411,0.523,47.67,30.43
"2021-06-14 19:00:00",925,11.54,403,1,2.462,4.68,6.84,0.414,0.605,0.39,0.498,47.06,30.39
"2021-06-14 19:30:00",926,11.54,403,1,2.174,4.16,6.01,0.368,0.532,0.356,0.467,47.49,30.14
"2021-06-14 20:00:00",927,11.53,403,1,1.756,3.43,4.78,0.304,0.423,0.3,0.419,47.4,29.47
"2021-06-14 20:30:00",928,11.53,403,1,1.386,2.75,3.73,0.243,0.33,0.254,0.373,46.64,28.7
"2021-06-14 21:00:00",929,11.52,403,1,1.16,2.34,3.08,0.207,0.272,0.227,0.348,46.45,29.18
"2021-06-14 21:30:00",930,11.52,403,1,1.006,2.06,2.64,0.182,0.233,0.207,0.334,45.56,28.03
"2021-06-14 22:00:00",931,11.51,403,1,0.886,1.79,2.35,0.159,0.208,0.189,0.326,46.13,28.19
"2021-06-14 22:30:00",932,11.51,403,1,0.852,1.74,2.24,0.154,0.198,0.189,0.317,45.98,27.88
"2021-06-14 23:00:00",933,11.5,403,1,0.824,1.7,2.15,0.15,0.19,0.181,0.313,45.2,28.22
"2021-06-14 23:30:00",934,11.49,403,1,0.792,1.64,2.06,0.145,0.182,0.178,0.314,46.53,27.75
"2021-06-15 00:00:00",935,11.49,403,1,0.771,1.61,1.99,0.142,0.177,0.176,0.311,45.96,28.26
"2021-06-15 00:30:00",936,11.49,403,1,0.771,1.57,2.03,0.139,0.179,0.174,0.308,46.46,28.1
"2021-06-15 01:00:00",937,11.48,403,1,0.741,1.5,1.96,0.133,0.174,0.171,0.307,45.88,28.09
"2021-06-15 01:30:00",938,11.48,403,1,0.919,1.91,2.38,0.169,0.211,0.199,0.323,46.2,29.5
"2021-06-15 02:00:00",939,11.48,403,1,0.858,1.87,2.13,0.166,0.188,0.198,0.314,45.26,27.71
"2021-06-15 02:30:00",940,11.47,403,1,0.703,1.5,1.78,0.133,0.158,0.168,0.305,45.69,27.98
"2021-06-15 03:00:00",941,11.47,403,1,0.628,1.33,1.6,0.118,0.142,0.156,0.295,46.24,27.45
"2021-06-15 03:30:00",942,11.47,403,1,0.63,1.37,1.57,0.121,0.139,0.161,0.292,46.46,28.08
"2021-06-15 04:00:00",943,11.46,403,1,0.648,1.49,1.53,0.132,0.135,0.165,0.293,46.11,27.31
"2021-06-15 04:30:00",944,11.45,403,1,0.592,1.3,1.46,0.115,0.129,0.156,0.29,46.3,27.76
"2021-06-15 05:00:00",945,11.45,403,1,0.594,1.29,1.48,0.114,0.131,0.153,0.29,45.54,27.57
"2021-06-15 05:30:00",946,11.45,403,1,0.605,1.37,1.45,0.121,0.128,0.158,0.289,46.53,27.47
"2021-06-15 06:00:00",947,11.44,403,1,0.577,1.3,1.39,0.115,0.123,0.154,0.287,46.37,27.56
"2021-06-15 06:30:00",948,11.44,403,1,0.562,1.24,1.38,0.11,0.123,0.15,0.287,46.78,27.57
"2021-06-15 07:00:00",949,11.44,403,1,0.577,1.27,1.42,0.112,0.125,0.152,0.283,45.92,28.1
"2021-06-15 07:30:00",950,11.43,403,1,0.575,1.25,1.43,0.11,0.127,0.15,0.284,46.41,27.61
"2021-06-15 08:00:00",951,11.44,403,1,0.652,1.43,1.61,0.127,0.143,0.163,0.292,46.24,27.86
"2021-06-15 08:30:00",952,11.44,403,1,0.952,1.89,2.56,0.168,0.227,0.194,0.327,46.7,28.48
"2021-06-15 09:00:00",953,11.45,403,1,1.342,2.49,3.79,0.22,0.335,0.237,0.378,47.15,28.78
"2021-06-15 09:30:00",954,11.44,403,1,1.694,3.35,4.57,0.296,0.404,0.294,0.406,47.29,29.76
"2021-06-15 10:00:00",955,11.44,403,1,1.992,3.77,5.55,0.333,0.491,0.328,0.447,48.24,30.13
"2021-06-15 10:30:00",956,11.51,403,1,2.222,4.15,6.25,0.367,0.554,0.361,0.471,48.58,31.47
"2021-06-15 11:00:00",957,11.5,403,1,2.641,4.9,7.46,0.434,0.66,0.412,0.528,48.88,30.37
"2021-06-15 11:30:00",958,11.5,403,1,2.776,5.04,7.96,0.446,0.705,0.427,0.552,49.45,31.25
"2021-06-15 12:00:00",959,11.51,403,1,3.021,5.79,8.34,0.513,0.738,0.467,0.572,45.82,32.03
"2021-06-15 12:30:00",960,11.52,403,1,3.207,6.01,9,0.532,0.797,0.498,0.597,47.78,31.76
"2021-06-15 13:00:00",961,11.5,403,1,3.229,6.02,9.09,0.533,0.804,0.494,0.602,46.39,31.51
"2021-06-15 13:30:00",962,11.49,403,1,3.121,5.76,8.85,0.51,0.783,0.477,0.59,48.37,32.66
"2021-06-15 14:00:00",963,11.52,403,1,3.129,5.72,8.93,0.506,0.791,0.481,0.595,46.75,31.3
"2021-06-15 14:30:00",964,11.5,403,1,3.052,5.52,8.77,0.489,0.776,0.468,0.589,47.24,30.97
"2021-06-15 15:00:00",965,11.48,403,1,3.279,6.01,9.34,0.532,0.826,0.499,0.611,48.08,31.55
"2021-06-15 15:30:00",966,11.47,403,1,3.272,5.98,9.34,0.53,0.826,0.499,0.608,47.12,31.68
"2021-06-15 16:00:00",967,11.47,403,1,3.259,6.13,9.12,0.543,0.808,0.502,0.599,46.03,31.27
"2021-06-15 16:30:00",968,11.46,403,1,3.118,5.89,8.7,0.521,0.77,0.484,0.579,46.37,31.6
"2021-06-15 17:00:00",969,11.46,403,1,3.024,5.66,8.49,0.501,0.752,0.469,0.569,47.47,31.19
"2021-06-15 17:30:00",970,11.45,403,1,2.905,5.51,8.08,0.487,0.715,0.456,0.551,47.37,31.27
"2021-06-15 18:00:00",971,11.44,403,1,2.8,5.31,7.79,0.47,0.689,0.439,0.538,46.81,30.96
"2021-06-15 18:30:00",972,11.44,403,1,2.674,5.06,7.45,0.448,0.66,0.424,0.524,48.28,31.44
"2021-06-15 19:00:00",973,11.43,403,1,2.548,4.89,7.03,0.433,0.622,0.408,0.506,47.79,30.7
"2021-06-15 19:30:00",974,11.43,403,1,2.265,4.42,6.17,0.391,0.547,0.373,0.47,47.81,30.71
"2021-06-15 20:00:00",975,11.42,403,1,1.878,3.72,5.06,0.329,0.448,0.32,0.427,47.1,29.58
"2021-06-15 20:30:00",976,11.42,403,1,1.474,2.92,3.97,0.259,0.352,0.269,0.38,46.05,28.93
"2021-06-15 21:00:00",977,11.41,403,1,1.175,2.39,3.1,0.211,0.274,0.232,0.349,46.56,28.62
"2021-06-15 21:30:00",978,11.41,403,1,1.03,2.09,2.72,0.185,0.241,0.211,0.335,46.06,28.38
"2021-06-15 22:00:00",979,11.4,403,1,0.957,1.98,2.49,0.175,0.221,0.202,0.328,46.46,28.1
"2021-06-15 22:30:00",980,11.4,403,1,0.888,1.77,2.38,0.157,0.211,0.19,0.324,46.51,28.15
"2021-06-15 23:00:00",981,11.39,403,1,0.867,1.78,2.27,0.158,0.201,0.186,0.317,46.72,28.1
"2021-06-15 23:30:00",982,11.39,403,1,0.858,1.73,2.28,0.153,0.202,0.185,0.32,46.49,28.14
"2021-06-16 00:00:00",983,11.39,403,1,0.865,1.78,2.26,0.157,0.2,0.188,0.319,46.81,28.29
"2021-06-16 00:30:00",984,11.38,403,1,0.876,1.8,2.29,0.159,0.203,0.186,0.319,46.09,28.4
"2021-06-16 01:00:00",985,11.38,403,1,0.882,1.82,2.3,0.161,0.204,0.187,0.32,46.51,28.56
"2021-06-16 01:30:00",986,11.38,403,1,0.85,1.74,2.23,0.154,0.198,0.188,0.319,47.06,28.04
"2021-06-16 02:00:00",987,11.37,403,1,0.873,1.79,2.29,0.158,0.203,0.19,0.318,46.2,28.52
"2021-06-16 02:30:00",988,11.36,403,1,0.856,1.74,2.26,0.154,0.2,0.186,0.318,47.24,28.21
"2021-06-16 03:00:00",989,11.37,403,1,0.861,1.8,2.22,0.159,0.196,0.191,0.315,45.62,27.94
"2021-06-16 03:30:00",990,11.36,403,1,0.846,1.74,2.21,0.154,0.196,0.189,0.317,46.4,28.45
"2021-06-16 04:00:00",991,11.35,403,1,0.874,1.82,2.26,0.161,0.2,0.19,0.316,47.03,28.67
"2021-06-16 04:30:00",992,11.36,403,1,0.872,1.81,2.26,0.16,0.2,0.191,0.321,46.67,27.89
"2021-06-16 05:00:00",993,11.35,403,1,0.87,1.85,2.21,0.164,0.195,0.195,0.318,46.73,27.95
"2021-06-16 05:30:00",994,11.35,403,1,0.84,1.77,2.15,0.156,0.19,0.19,0.316,45.98,27.63
"2021-06-16 06:00:00",995,11.34,403,1,0.951,1.97,2.47,0.174,0.219,0.202,0.329,46.01,27.9
"2021-06-16 06:30:00",996,11.34,403,1,1.1,2.19,2.95,0.194,0.261,0.216,0.346,47.05,28.42
"2021-06-16 07:00:00",997,11.34,403,1,1.376,2.76,3.67,0.244,0.325,0.252,0.371,47.59,28.54
"2021-06-16 07:30:00",998,11.34,403,1,1.745,3.39,4.77,0.3,0.422,0.299,0.412,47.5,29.97
"2021-06-16 08:00:00",999,11.32,403,1,2.045,3.86,5.71,0.341,0.505,0.335,0.449,48.59,30.23
"2021-06-16 08:30:00",1000,11.33,403,1,2.317,4.39,6.45,0.388,0.571,0.374,0.484,47.23,30.79
"2021-06-16 09:00:00",1001,11.33,403,1,2.467,4.48,7.07,0.397,0.626,0.388,0.509,48.31,31.2
"2021-06-16 09:30:00",1002,11.34,403,1,2.656,4.79,7.65,0.424,0.677,0.411,0.533,48.84,31.05
"2021-06-16 10:00:00",1003,11.34,403,1,2.859,5.32,8.06,0.471,0.714,0.445,0.548,48.55,31.86
"2021-06-16 10:30:00",1004,11.44,403,1,2.951,5.48,8.33,0.485,0.737,0.461,0.564,47.63,31.77
"2021-06-16 11:00:00",1005,11.43,403,1,3.094,5.73,8.75,0.507,0.774,0.481,0.585,47.53,31.66
"2021-06-16 11:30:00",1006,11.42,403,1,3.179,6.05,8.82,0.535,0.781,0.498,0.587,46.84,31.55
"2021-06-16 12:00:00",1007,11.43,403,1,3.148,6.14,8.58,0.544,0.76,0.498,0.583,45.66,32.44
"2021-06-16 12:30:00",1008,11.42,403,1,3.333,6.78,8.79,0.601,0.778,0.533,0.586,47.13,31.69
"2021-06-16 13:00:00",1009,11.42,403,1,3.238,6.5,8.63,0.575,0.764,0.514,0.578,45.79,31.59
"2021-06-16 13:30:00",1010,11.42,403,1,3.143,6.02,8.68,0.533,0.768,0.492,0.579,47.06,31.89
"2021-06-16 14:00:00",1011,11.46,403,1,3.086,5.84,8.6,0.517,0.762,0.481,0.571,47.11,31.83
"2021-06-16 14:30:00",1012,11.42,403,1,3.01,5.53,8.56,0.489,0.758,0.468,0.575,47.99,32.15
"2021-06-16 15:00:00",1013,11.39,403,1,3.165,5.93,8.88,0.525,0.786,0.491,0.582,47.35,31.9
"2021-06-16 15:30:00",1014,11.38,403,1,3.117,5.76,8.83,0.51,0.781,0.479,0.583,47.42,31
"2021-06-16 16:00:00",1015,11.38,403,1,3.027,5.75,8.41,0.509,0.744,0.472,0.565,46.79,31.36
"2021-06-16 16:30:00",1016,11.37,403,1,2.958,5.62,8.22,0.497,0.728,0.463,0.554,47.78,30.54
"2021-06-16 17:00:00",1017,11.36,403,1,2.889,5.56,7.95,0.492,0.703,0.453,0.542,47.91,31.22
"2021-06-16 17:30:00",1018,11.35,403,1,2.766,5.29,7.65,0.468,0.677,0.436,0.53,46.92,30.91
"2021-06-16 18:00:00",1019,11.34,403,1,2.642,5.01,7.35,0.444,0.651,0.417,0.519,48.23,30.74
"2021-06-16 18:30:00",1020,11.33,403,1,2.495,4.76,6.91,0.422,0.611,0.403,0.501,47.69,30.59
"2021-06-16 19:00:00",1021,11.33,403,1,2.421,4.69,6.63,0.415,0.587,0.39,0.488,47.4,31.13
"2021-06-16 19:30:00",1022,11.32,403,1,2.184,4.26,5.95,0.377,0.527,0.359,0.457,46.91,29.82
"2021-06-16 20:00:00",1023,11.32,403,1,1.825,3.64,4.89,0.322,0.433,0.314,0.421,47.06,29.28
"2021-06-16 20:30:00",1024,11.31,403,1,1.406,2.87,3.7,0.254,0.328,0.263,0.371,46.33,28.4
"2021-06-16 21:00:00",1025,11.3,403,1,1.152,2.35,3.03,0.208,0.268,0.227,0.348,46.7,28.07
"2021-06-16 21:30:00",1026,11.29,403,1,0.984,1.98,2.62,0.175,0.232,0.208,0.331,46.08,28.12
"2021-06-16 22:00:00",1027,11.29,403,1,0.927,1.88,2.45,0.166,0.217,0.198,0.325,46.26,27.48
"2021-06-16 22:30:00",1028,11.28,403,1,0.918,1.88,2.41,0.166,0.213,0.191,0.323,46.51,28.56
"2021-06-16 23:00:00",1029,11.28,403,1,0.906,1.88,2.35,0.166,0.208,0.195,0.321,46.32,27.95
"2021-06-16 23:30:00",1030,11.27,403,1,0.88,1.85,2.26,0.164,0.2,0.195,0.321,45.82,27.86
"2021-06-17 00:00:00",1031,11.27,403,1,0.798,1.61,2.12,0.143,0.188,0.181,0.314,46.03,28.07
"2021-06-17 00:30:00",1032,11.25,403,1,0.795,1.69,2.02,0.15,0.179,0.183,0.312,46.3,27.92
"2021-06-17 01:00:00",1033,11.26,403,1,0.784,1.64,2.02,0.145,0.179,0.179,0.311,45.58,27.77
"2021-06-17 01:30:00",1034,11.25,403,1,0.728,1.54,1.86,0.137,0.165,0.176,0.305,46.35,27.97
"2021-06-17 02:00:00",1035,11.25,403,1,0.743,1.55,1.92,0.137,0.17,0.174,0.307,46.65,28.01
"2021-06-17 02:30:00",1036,11.24,403,1,0.72,1.54,1.82,0.136,0.161,0.171,0.301,46.05,27.92
"2021-06-17 03:00:00",1037,11.24,403,1,0.737,1.57,1.87,0.139,0.165,0.172,0.304,45.62,27.82
"2021-06-17 03:30:00",1038,11.22,403,1,0.692,1.42,1.81,0.126,0.16,0.164,0.303,46.22,27.43
"2021-06-17 04:00:00",1039,11.22,403,1,0.733,1.55,1.87,0.137,0.165,0.172,0.303,45.8,28.09
"2021-06-17 04:30:00",1040,11.21,403,1,0.731,1.54,1.87,0.136,0.166,0.171,0.302,47.26,28.04
"2021-06-17 05:00:00",1041,11.21,403,1,0.765,1.59,1.98,0.141,0.175,0.175,0.305,46.43,27.65
"2021-06-17 05:30:00",1042,11.21,403,1,0.78,1.65,1.99,0.146,0.176,0.178,0.308,46.46,27.82
"2021-06-17 06:00:00",1043,11.2,403,1,0.897,1.85,2.34,0.164,0.207,0.192,0.32,46.71,27.92
"2021-06-17 06:30:00",1044,11.19,403,1,1.132,2.28,3.01,0.202,0.266,0.222,0.344,47.29,28.49
"2021-06-17 07:00:00",1045,11.19,403,1,1.306,2.51,3.6,0.223,0.319,0.238,0.367,48.41,28.95
"2021-06-17 07:30:00",1046,11.19,403,1,1.593,3.1,4.35,0.275,0.385,0.282,0.396,48.75,29.56
"2021-06-17 08:00:00",1047,11.18,403,1,1.96,3.68,5.49,0.326,0.486,0.323,0.439,48.43,30.07
"2021-06-17 08:30:00",1048,11.18,403,1,2.159,4.11,5.99,0.364,0.53,0.352,0.462,49.02,30.08
"2021-06-17 09:00:00",1049,11.19,403,1,2.225,4.05,6.37,0.359,0.564,0.355,0.477,48.64,30.69
"2021-06-17 09:30:00",1050,11.2,403,1,2.452,4.46,7.02,0.395,0.622,0.389,0.506,48.11,31.41
"2021-06-17 10:00:00",1051,11.19,403,1,2.747,5.21,7.64,0.461,0.677,0.438,0.531,48.11,31.41
"2021-06-17 10:30:00",1052,11.33,403,1,2.733,5.14,7.65,0.455,0.677,0.437,0.535,48.66,31.4
"2021-06-17 11:00:00",1053,11.31,403,1,2.875,5.48,7.97,0.485,0.705,0.456,0.548,47.85,31.31
"2021-06-17 11:30:00",1054,11.3,403,1,2.941,5.54,8.22,0.491,0.728,0.464,0.559,48.15,31.2
"2021-06-17 12:00:00",1055,11.31,403,1,2.927,5.61,8.08,0.496,0.715,0.462,0.564,45.61,32.24
"2021-06-17 12:30:00",1056,11.32,403,1,3.176,6.19,8.66,0.548,0.767,0.505,0.584,48.1,32.24
"2021-06-17 13:00:00",1057,11.3,403,1,3.263,6.27,8.99,0.555,0.796,0.51,0.594,46.37,31.75
"2021-06-17 13:30:00",1058,11.28,403,1,3.268,6.18,9.11,0.547,0.806,0.507,0.596,47.86,32.01
"2021-06-17 14:00:00",1059,11.32,403,1,3.315,6.27,9.24,0.555,0.818,0.516,0.601,47.34,31.48
"2021-06-17 14:30:00",1060,11.29,403,1,3.056,5.55,8.76,0.492,0.775,0.478,0.585,47.88,32.6
"2021-06-17 15:00:00",1061,11.27,403,1,3.134,5.79,8.88,0.513,0.786,0.488,0.586,48.22,31.54
"2021-06-17 15:30:00",1062,11.25,403,1,3.15,5.93,8.81,0.525,0.78,0.493,0.584,47.58,32.15
"2021-06-17 16:00:00",1063,11.25,403,1,3.051,5.69,8.59,0.504,0.761,0.476,0.575,48.77,31.84
"2021-06-17 16:30:00",1064,11.23,403,1,2.95,5.59,8.21,0.495,0.727,0.465,0.556,47.48,31.22
"2021-06-17 17:00:00",1065,11.22,403,1,2.875,5.5,7.95,0.487,0.704,0.452,0.542,47.29,31.44
"2021-06-17 17:30:00",1066,11.2,403,1,2.797,5.26,7.83,0.466,0.693,0.436,0.537,47.48,31.22
"2021-06-17 18:00:00",1067,11.19,403,1,2.753,5.26,7.62,0.465,0.674,0.436,0.527,48.49,31.13
"2021-06-17 18:30:00",1068,11.18,403,1,2.645,5.11,7.26,0.452,0.643,0.424,0.512,47.35,30.25
"2021-06-17 19:00:00",1069,11.18,403,1,2.427,4.74,6.61,0.419,0.585,0.39,0.485,46.95,30.1
"2021-06-17 19:30:00",1070,11.17,403,1,2.169,4.26,5.88,0.377,0.521,0.357,0.457,47.08,29.98
"2021-06-17 20:00:00",1071,11.16,403,1,1.894,3.84,5.01,0.34,0.443,0.324,0.422,46.42,29.32
"2021-06-17 20:30:00",1072,11.16,403,1,1.435,2.98,3.72,0.264,0.329,0.267,0.374,45.73,28.87
"2021-06-17 21:00:00",1073,11.14,403,1,1.041,2.15,2.71,0.191,0.24,0.216,0.336,46.27,28.16
"2021-06-17 21:30:00",1074,11.14,403,1,0.897,1.84,2.35,0.163,0.208,0.196,0.32,46.11,28.01
"2021-06-17 22:00:00",1075,11.12,403,1,0.824,1.71,2.14,0.151,0.19,0.185,0.316,46.67,28.31
"2021-06-17 22:30:00",1076,11.12,403,1,0.78,1.62,2.02,0.143,0.179,0.176,0.307,46.39,28.28
"2021-06-17 23:00:00",1077,11.11,403,1,0.769,1.63,1.96,0.144,0.173,0.179,0.307,45.96,27.59
"2021-06-17 23:30:00",1078,11.1,403,1,0.746,1.58,1.9,0.14,0.168,0.173,0.306,46.33,27.8
"2021-06-18 00:00:00",1079,11.09,403,1,0.703,1.48,1.8,0.131,0.159,0.173,0.3,46.55,27.76
"2021-06-18 00:30:00",1080,11.09,403,1,0.705,1.52,1.77,0.135,0.156,0.174,0.299,46.06,28.24
"2021-06-18 01:00:00",1081,11.08,403,1,0.683,1.42,1.77,0.126,0.156,0.168,0.297,46.67,27.87
"2021-06-18 01:30:00",1082,11.07,403,1,0.686,1.46,1.74,0.129,0.154,0.166,0.298,46.43,27.78
"2021-06-18 02:00:00",1083,11.07,403,1,0.677,1.45,1.71,0.128,0.151,0.166,0.298,46.74,27.67
"2021-06-18 02:30:00",1084,11.05,403,1,0.651,1.37,1.67,0.121,0.148,0.159,0.295,45.6,27.88
