"TOA5","CR300Series_401","CR300","27022","CR300-RF407.Std.10.04","CPU:CR300_sapflow.CR300","8254","Table1"
"TIMESTAMP","RECORD","BattV_Min","id","SDI0","SapFlwTot0","VhOuter0","VhInner0","AlphaOut0","AlphaIn0","BetaOut0","BetaIn0","tMaxTout0","tMaxTin0"
"TS","RN","Volts","","","literPerHour","heatVelocity","heatVelocity","logTRatio","logTRatio","logTRatio","logTRatio","second","second"
"","","Min","Smp","Smp","Smp","Smp","Smp","Smp","Smp","Smp","Smp","Smp","Smp"
"2021-05-26 10:00:00",0,12.6,401,0,0.926,4.26,-99,0.377,-99,0.117,0.345,40.32,31.12
"2021-05-26 10:30:00",1,12.6,401,0,1.106,0.47,4.85,0.042,0.43,-0.01,0.243,53.69,41.34
"2021-05-26 11:00:00",2,12.6,401,0,1.189,0.32,5.41,0.029,0.479,-0.013,0.29,54.26,41.17
"2021-05-26 11:30:00",3,12.61,401,0,1.48,0.78,6.33,0.069,0.561,0.024,0.371,56.56,39.47
"2021-05-26 12:00:00",4,12.61,401,0,1.637,0.99,6.87,0.088,0.608,0.032,0.408,54.44,39.17
"2021-05-26 12:30:00",5,12.62,401,0,1.919,1.45,7.75,0.128,0.686,0.062,0.472,54.99,38.48
"2021-05-26 13:00:00",6,12.62,401,0,1.935,1.11,8.18,0.098,0.724,0.035,0.508,53.78,37.52
"2021-05-26 13:30:00",7,12.61,401,0,2.152,1.95,8.35,0.173,0.739,0.11,0.548,58.81,36.18
"2021-05-26 14:00:00",8,12.62,401,0,2.186,1.39,9.1,0.123,0.805,0.061,0.586,52,36.32
"2021-05-26 14:30:00",9,12.61,401,0,2.216,1.34,9.3,0.118,0.823,0.052,0.593,52.77,36.52
"2021-05-26 15:00:00",10,12.6,401,0,2.343,1.57,9.67,0.139,0.855,0.067,0.621,53.66,35.75
"2021-05-26 15:30:00",11,12.6,401,0,2.384,1.55,9.89,0.137,0.875,0.073,0.639,53.45,36.63
"2021-05-26 16:00:00",12,12.6,401,0,2.353,1.51,9.78,0.134,0.865,0.07,0.642,53.22,36.83
"2021-05-26 16:30:00",13,12.59,401,0,2.357,1.55,9.76,0.137,0.864,0.071,0.632,53.14,36.73
"2021-05-26 17:00:00",14,12.59,401,0,2.315,1.51,9.6,0.134,0.85,0.065,0.608,52.91,37.06
"2021-05-26 17:30:00",15,12.59,401,0,2.23,1.5,9.2,0.133,0.815,0.065,0.577,53.51,36.84
"2021-05-26 18:00:00",16,12.59,401,0,2.029,1.27,8.47,0.112,0.75,0.046,0.512,52.66,38.88
"2021-05-26 18:30:00",17,12.59,401,0,1.764,1.02,7.45,0.09,0.659,0.031,0.433,53.03,38.42
"2021-05-26 19:00:00",18,12.59,401,0,1.457,0.74,6.26,0.065,0.554,0.004,0.334,51.48,40.6
"2021-05-26 19:30:00",19,12.59,401,0,1.049,0.4,4.65,0.035,0.412,-0.02,0.211,52.28,39.17
"2021-05-26 20:00:00",20,12.58,401,0,0.648,0.19,2.93,0.017,0.259,-0.032,0.088,52.38,40.1
"2021-05-26 20:30:00",21,12.58,401,0,0.33,-0.09,1.69,-0.009,0.15,-0.051,-0.004,52.46,39.51
"2021-05-26 21:00:00",22,12.57,401,0,0.136,-0.26,0.93,-0.023,0.082,-0.061,-0.056,51.75,41.02
"2021-05-26 21:30:00",23,12.57,401,0,0.032,-0.32,0.49,-0.03,0.043,-0.063,-0.089,51.33,40.86
"2021-05-26 22:00:00",24,12.56,401,0,0.001,-0.27,0.29,-0.025,0.025,-0.06,-0.102,52.81,40.11
"2021-05-26 22:30:00",25,12.56,401,0,-0.056,-0.35,0.09,-0.032,0.008,-0.064,-0.116,52.23,41.09
"2021-05-26 23:00:00",26,12.56,401,0,-0.092,-0.38,-0.05,-0.034,-0.005,-0.067,-0.125,52.34,41.04
"2021-05-26 23:30:00",27,12.56,401,0,-0.092,-0.41,-0.02,-0.037,-0.003,-0.07,-0.128,52.12,40.4
"2021-05-27 00:00:00",28,12.55,401,0,-0.081,-0.36,-0.02,-0.032,-0.003,-0.068,-0.128,51.5,39.79
"2021-05-27 00:30:00",29,12.55,401,0,-0.098,-0.38,-0.08,-0.034,-0.008,-0.065,-0.133,51.73,40.16
"2021-05-27 01:00:00",30,12.55,401,0,-0.142,-0.41,-0.26,-0.037,-0.024,-0.07,-0.144,51.74,39.19
"2021-05-27 01:30:00",31,12.55,401,0,-0.144,-0.4,-0.28,-0.036,-0.026,-0.067,-0.145,52.15,39.45
"2021-05-27 02:00:00",32,12.54,401,0,-0.165,-0.44,-0.34,-0.04,-0.031,-0.069,-0.149,52.52,39.56
"2021-05-27 02:30:00",33,12.54,401,0,-0.148,-0.42,-0.28,-0.038,-0.026,-0.067,-0.143,51.58,40.12
"2021-05-27 03:00:00",34,12.53,401,0,-0.132,-0.4,-0.22,-0.036,-0.021,-0.067,-0.139,53.04,40.9
"2021-05-27 03:30:00",35,12.53,401,0,-0.086,-0.38,-0.02,-0.034,-0.003,-0.065,-0.126,53.09,40.38
"2021-05-27 04:00:00",36,12.53,401,0,-0.075,-0.33,-0.02,-0.03,-0.003,-0.064,-0.125,52.2,39.65
"2021-05-27 04:30:00",37,12.53,401,0,-0.065,-0.33,0.03,-0.03,0.003,-0.066,-0.123,52.61,40.22
"2021-05-27 05:00:00",38,12.53,401,0,-0.086,-0.4,0,-0.036,0,-0.065,-0.125,52.62,40.07
"2021-05-27 05:30:00",39,12.52,401,0,-0.098,-0.35,-0.11,-0.032,-0.01,-0.067,-0.131,51.85,40.12
"2021-05-27 06:00:00",40,12.52,401,0,-0.037,-0.29,0.12,-0.026,0.011,-0.065,-0.119,52.14,39.75
"2021-05-27 06:30:00",41,12.52,401,0,0.124,-0.23,0.84,-0.021,0.075,-0.053,-0.061,53.44,40.89
"2021-05-27 07:00:00",42,12.52,401,0,0.318,-0.11,1.65,-0.01,0.146,-0.047,-0.002,53.86,41.57
"2021-05-27 07:30:00",43,12.52,401,0,0.653,0.12,3.03,0.01,0.268,-0.027,0.099,53.09,42.04
"2021-05-27 08:00:00",44,12.52,401,0,0.889,0.28,4,0.025,0.354,-0.017,0.173,54.6,40.38
"2021-05-27 08:30:00",45,12.54,401,0,1.14,0.51,4.97,0.045,0.44,0,0.252,54.91,41.11
"2021-05-27 09:00:00",46,12.56,401,0,1.382,0.7,5.94,0.062,0.526,0.013,0.325,55.62,40.59
"2021-05-27 09:30:00",47,12.53,401,0,1.494,0.75,6.43,0.067,0.569,0.014,0.361,53.65,39.6
"2021-05-27 10:00:00",48,12.53,401,0,1.573,0.75,6.81,0.067,0.603,0.032,0.405,56.65,40.53
"2021-05-27 10:30:00",49,12.56,401,0,1.82,1.06,7.68,0.094,0.68,0.037,0.452,54.28,39.24
"2021-05-27 11:00:00",50,12.55,401,0,1.837,1.05,7.77,0.093,0.688,0.038,0.463,54.06,39.29
"2021-05-27 11:30:00",51,12.54,401,0,1.961,1.26,8.15,0.111,0.722,0.055,0.503,56.77,39.26
"2021-05-27 12:00:00",52,12.54,401,0,2.007,1.35,8.28,0.12,0.733,0.059,0.509,53.51,39.05
"2021-05-27 12:30:00",53,12.55,401,0,2.156,1.67,8.66,0.148,0.766,0.09,0.539,53.88,38.18
"2021-05-27 13:00:00",54,12.54,401,0,2.215,1.59,9.03,0.14,0.8,0.08,0.549,52.21,38.43
"2021-05-27 13:30:00",55,12.53,401,0,2.115,1.51,8.63,0.134,0.764,0.09,0.559,52.87,38.27
"2021-05-27 14:00:00",56,12.54,401,0,2.261,1.64,9.2,0.145,0.814,0.086,0.562,52.43,38.07
"2021-05-27 14:30:00",57,12.53,401,0,2.343,1.78,9.45,0.157,0.837,0.099,0.58,52.68,38.07
"2021-05-27 15:00:00",58,12.53,401,0,2.398,1.84,9.65,0.162,0.854,0.1,0.593,53.09,36.98
"2021-05-27 15:30:00",59,12.53,401,0,2.309,1.73,9.34,0.153,0.827,0.098,0.572,53.09,38.07
"2021-05-27 16:00:00",60,12.53,401,0,2.221,1.6,9.05,0.142,0.801,0.09,0.557,53.71,37.86
"2021-05-27 16:30:00",61,12.53,401,0,2.136,1.55,8.69,0.137,0.769,0.08,0.521,52.04,38.11
"2021-05-27 17:00:00",62,12.53,401,0,2.088,1.49,8.52,0.131,0.754,0.075,0.495,51.89,38.11
"2021-05-27 17:30:00",63,12.52,401,0,1.966,1.36,8.07,0.121,0.714,0.068,0.463,53.01,38.56
"2021-05-27 18:00:00",64,12.52,401,0,1.86,1.35,7.57,0.119,0.67,0.061,0.425,51.89,39.77
"2021-05-27 18:30:00",65,12.52,401,0,1.584,1.05,6.55,0.093,0.58,0.047,0.351,53.3,39.93
"2021-05-27 19:00:00",66,12.52,401,0,1.263,0.79,5.27,0.07,0.466,0.02,0.25,52.17,40.19
"2021-05-27 19:30:00",67,12.52,401,0,0.921,0.54,3.88,0.048,0.343,0.006,0.147,51.09,41.3
"2021-05-27 20:00:00",68,12.51,401,0,0.593,0.3,2.55,0.027,0.225,-0.016,0.051,51.14,40.83
"2021-05-27 20:30:00",69,12.51,401,0,0.297,0.05,1.38,0.004,0.122,-0.028,-0.029,51.05,40.16
"2021-05-27 21:00:00",70,12.51,401,0,0.107,-0.04,0.56,-0.004,0.049,-0.036,-0.087,50.9,40.01
"2021-05-27 21:30:00",71,12.5,401,0,-0.004,-0.11,0.09,-0.011,0.008,-0.036,-0.118,52.25,40.27
"2021-05-27 22:00:00",72,12.5,401,0,-0.044,-0.16,-0.05,-0.015,-0.005,-0.042,-0.128,52.02,39.48
"2021-05-27 22:30:00",73,12.5,401,0,-0.086,-0.19,-0.22,-0.017,-0.021,-0.04,-0.139,51.67,39.28
"2021-05-27 23:00:00",74,12.49,401,0,-0.109,-0.21,-0.31,-0.019,-0.028,-0.042,-0.145,51.79,39.65
"2021-05-27 23:30:00",75,12.49,401,0,-0.115,-0.21,-0.34,-0.02,-0.031,-0.044,-0.151,51.04,39.33
"2021-05-28 00:00:00",76,12.48,401,0,-0.146,-0.21,-0.49,-0.019,-0.044,-0.044,-0.16,51.16,39.44
"2021-05-28 00:30:00",77,12.48,401,0,-0.155,-0.23,-0.51,-0.022,-0.046,-0.044,-0.164,51.42,39.29
"2021-05-28 01:00:00",78,12.48,401,0,-0.167,-0.23,-0.57,-0.022,-0.051,-0.044,-0.166,51.73,39.03
"2021-05-28 01:30:00",79,12.48,401,0,-0.161,-0.26,-0.51,-0.024,-0.046,-0.046,-0.164,51.01,39.97
"2021-05-28 02:00:00",80,12.47,401,0,-0.167,-0.26,-0.54,-0.024,-0.049,-0.046,-0.164,51.02,39.56
"2021-05-28 02:30:00",81,12.47,401,0,-0.167,-0.23,-0.57,-0.022,-0.052,-0.044,-0.167,51.63,38.92
"2021-05-28 03:00:00",82,12.47,401,0,-0.135,-0.16,-0.49,-0.015,-0.044,-0.042,-0.163,51.31,39.33
"2021-05-28 03:30:00",83,12.47,401,0,-0.156,-0.18,-0.57,-0.017,-0.052,-0.04,-0.163,51.95,39.56
"2021-05-28 04:00:00",84,12.46,401,0,-0.156,-0.21,-0.54,-0.019,-0.049,-0.04,-0.162,51.94,39.65
"2021-05-28 04:30:00",85,12.46,401,0,-0.169,-0.21,-0.6,-0.019,-0.054,-0.04,-0.169,51.79,39.92
"2021-05-28 05:00:00",86,12.46,401,0,-0.184,-0.28,-0.6,-0.026,-0.054,-0.046,-0.171,51.49,40.34
"2021-05-28 05:30:00",87,12.46,401,0,-0.184,-0.25,-0.63,-0.023,-0.056,-0.046,-0.171,52.16,39.61
"2021-05-28 06:00:00",88,12.46,401,0,-0.167,-0.23,-0.57,-0.021,-0.051,-0.04,-0.166,52.06,39.51
"2021-05-28 06:30:00",89,12.46,401,0,-0.096,-0.18,-0.28,-0.017,-0.026,-0.037,-0.145,52.49,40.09
"2021-05-28 07:00:00",90,12.45,401,0,-0.044,-0.16,-0.05,-0.015,-0.005,-0.036,-0.124,51.34,40.19
"2021-05-28 07:30:00",91,12.45,401,0,0.047,-0.09,0.32,-0.008,0.028,-0.036,-0.104,51.83,39.86
"2021-05-28 08:00:00",92,12.45,401,0,0.216,0.07,0.97,0.006,0.085,-0.019,-0.051,53.73,40.5
"2021-05-28 08:30:00",93,12.47,401,0,0.42,0.21,1.81,0.018,0.16,-0.01,0.004,53.32,40.92
"2021-05-28 09:00:00",94,12.47,401,0,0.677,0.41,2.84,0.036,0.251,0.008,0.08,54.76,42.05
"2021-05-28 09:30:00",95,12.46,401,0,0.957,0.62,3.97,0.055,0.351,0.021,0.166,54.02,41.47
"2021-05-28 10:00:00",96,12.46,401,0,1.147,0.64,4.87,0.056,0.431,0.032,0.244,56.29,41.26
"2021-05-28 10:30:00",97,12.51,401,0,1.53,1,6.34,0.089,0.561,0.045,0.339,52.46,41
"2021-05-28 11:00:00",98,12.5,401,0,1.692,1.25,6.86,0.11,0.607,0.07,0.375,55.41,41.2
"2021-05-28 11:30:00",99,12.49,401,0,1.826,1.24,7.52,0.11,0.666,0.073,0.432,54.37,39.49
"2021-05-28 12:00:00",100,12.5,401,0,2.027,1.67,8.04,0.148,0.712,0.088,0.465,52.57,39.19
"2021-05-28 12:30:00",101,12.51,401,0,2.094,1.52,8.52,0.134,0.754,0.076,0.509,51,38.45
"2021-05-28 13:00:00",102,12.5,401,0,2.119,1.7,8.45,0.15,0.748,0.081,0.482,50.88,39.17
"2021-05-28 13:30:00",103,12.5,401,0,1.979,1.39,8.1,0.123,0.717,0.088,0.486,54.95,38.66
"2021-05-28 14:00:00",104,12.5,401,0,2.066,1.39,8.52,0.123,0.754,0.085,0.506,52.34,38.55
"2021-05-28 14:30:00",105,12.5,401,0,2.147,1.6,8.69,0.142,0.769,0.09,0.509,52.7,38.65
"2021-05-28 15:00:00",106,12.48,401,0,1.856,1.55,7.34,0.137,0.65,0.071,0.38,51.25,38.97
"2021-05-28 15:30:00",107,12.47,401,0,1.389,0.98,5.68,0.087,0.503,0.038,0.268,52.04,39.91
"2021-05-28 16:00:00",108,12.48,401,0,1.427,1.06,5.78,0.093,0.512,0.046,0.285,51.98,39.85
"2021-05-28 16:30:00",109,12.47,401,0,1.203,0.79,4.98,0.07,0.441,0.024,0.22,52.7,41.4
"2021-05-28 17:00:00",110,12.47,401,0,0.635,0.4,2.65,0.036,0.234,-0.006,0.053,51.2,41.3
"2021-05-28 17:30:00",111,12.46,401,0,0.537,0.33,2.25,0.029,0.199,-0.004,0.026,52.45,41.97
"2021-05-28 18:00:00",112,12.46,401,0,0.616,0.36,2.6,0.032,0.23,-0.002,0.057,52.06,41.34
"2021-05-28 18:30:00",113,12.45,401,0,0.491,0.24,2.12,0.022,0.188,-0.016,0.02,51.18,40.3
"2021-05-28 19:00:00",114,12.45,401,0,0.287,0.1,1.28,0.009,0.113,-0.022,-0.039,50.49,39.86
"2021-05-28 19:30:00",115,12.45,401,0,0.139,0,0.67,0,0.059,-0.028,-0.074,51.66,39.95
"2021-05-28 20:00:00",116,12.45,401,0,0.04,-0.09,0.29,-0.009,0.026,-0.036,-0.103,51.41,40.26
"2021-05-28 20:30:00",117,12.44,401,0,-0.029,-0.14,0,-0.013,0,-0.038,-0.124,51.19,40.31
"2021-05-28 21:00:00",118,12.44,401,0,-0.145,-0.26,-0.43,-0.024,-0.039,-0.044,-0.154,51.32,40.17
"2021-05-28 21:30:00",119,12.44,401,0,-0.192,-0.23,-0.69,-0.022,-0.062,-0.046,-0.172,52.14,39.33
"2021-05-28 22:00:00",120,12.44,401,0,-0.232,-0.28,-0.83,-0.026,-0.075,-0.048,-0.185,51.41,39.28
"2021-05-28 22:30:00",121,12.43,401,0,-0.244,-0.28,-0.89,-0.026,-0.08,-0.048,-0.187,51.16,39.03
"2021-05-28 23:00:00",122,12.43,401,0,-0.24,-0.26,-0.89,-0.023,-0.08,-0.042,-0.183,51.82,38.45
"2021-05-28 23:30:00",123,12.43,401,0,-0.248,-0.28,-0.91,-0.025,-0.081,-0.047,-0.184,52.14,40.58
"2021-05-29 00:00:00",124,12.43,401,0,-0.236,-0.28,-0.85,-0.026,-0.076,-0.046,-0.18,52.29,38.92
"2021-05-29 00:30:00",125,12.42,401,0,-0.251,-0.31,-0.89,-0.028,-0.079,-0.046,-0.185,51.77,39.07
"2021-05-29 01:00:00",126,12.42,401,0,-0.227,-0.24,-0.85,-0.022,-0.076,-0.047,-0.188,50.12,39.38
"2021-05-29 01:30:00",127,12.42,401,0,-0.242,-0.29,-0.87,-0.026,-0.078,-0.046,-0.187,51.06,39.19
"2021-05-29 02:00:00",128,12.42,401,0,-0.236,-0.26,-0.87,-0.024,-0.078,-0.048,-0.187,51.32,39.76
"2021-05-29 02:30:00",129,12.42,401,0,-0.246,-0.31,-0.87,-0.028,-0.078,-0.048,-0.188,51.31,39.18
"2021-05-29 03:00:00",130,12.42,401,0,-0.242,-0.26,-0.9,-0.024,-0.081,-0.046,-0.191,51.27,39.13
"2021-05-29 03:30:00",131,12.41,401,0,-0.246,-0.28,-0.9,-0.026,-0.081,-0.046,-0.187,51.23,39.92
"2021-05-29 04:00:00",132,12.41,401,0,-0.262,-0.37,-0.88,-0.033,-0.078,-0.051,-0.192,50.45,38.88
"2021-05-29 04:30:00",133,12.41,401,0,-0.255,-0.31,-0.91,-0.029,-0.081,-0.051,-0.192,51.74,38.94
"2021-05-29 05:00:00",134,12.41,401,0,-0.262,-0.37,-0.88,-0.034,-0.079,-0.054,-0.185,50.29,39.14
"2021-05-29 05:30:00",135,12.4,401,0,-0.229,-0.24,-0.86,-0.022,-0.077,-0.045,-0.187,49.89,40.39
"2021-05-29 06:00:00",136,12.4,401,0,-0.251,-0.3,-0.9,-0.027,-0.081,-0.048,-0.188,50.72,38.58
"2021-05-29 06:30:00",137,12.4,401,0,-0.216,-0.14,-0.9,-0.013,-0.081,-0.041,-0.194,50.78,38.9
"2021-05-29 07:00:00",138,12.4,401,0,-0.252,-0.27,-0.94,-0.025,-0.084,-0.048,-0.194,50.05,37.08
"2021-05-29 07:30:00",139,12.39,401,0,-0.25,-0.24,-0.96,-0.022,-0.086,-0.047,-0.193,51.77,39.21
"2021-05-29 08:00:00",140,12.39,401,0,-0.278,-0.33,-1,-0.03,-0.09,-0.048,-0.2,50.83,39.52
"2021-05-29 08:30:00",141,12.39,401,0,-0.243,-0.16,-1.01,-0.015,-0.09,-0.041,-0.199,51.49,39.77
"2021-05-29 09:00:00",142,12.38,401,0,-0.226,-0.18,-0.91,-0.017,-0.081,-0.038,-0.191,52.64,39.68
"2021-05-29 09:30:00",143,12.38,401,0,-0.231,-0.19,-0.92,-0.018,-0.083,-0.043,-0.191,52.24,38.02
"2021-05-29 10:00:00",144,12.38,401,0,-0.261,-0.35,-0.9,-0.032,-0.081,-0.048,-0.185,52.22,38.84
"2021-05-29 10:30:00",145,12.37,401,0,-0.258,-0.27,-0.97,-0.024,-0.087,-0.047,-0.2,51.41,40.25
"2021-05-29 11:00:00",146,12.37,401,0,-0.25,-0.26,-0.94,-0.024,-0.084,-0.047,-0.194,52.82,38.6
"2021-05-29 11:30:00",147,12.37,401,0,-0.237,-0.16,-0.98,-0.015,-0.087,-0.042,-0.194,51.98,39.42
"2021-05-29 12:00:00",148,12.37,401,0,-0.269,-0.29,-1,-0.026,-0.09,-0.049,-0.202,51.87,38.48
"2021-05-29 12:30:00",149,12.37,401,0,-0.233,-0.18,-0.94,-0.017,-0.084,-0.042,-0.191,51.75,38.37
"2021-05-29 13:00:00",150,12.37,401,0,-0.216,-0.21,-0.83,-0.02,-0.074,-0.043,-0.18,51.2,39.32
"2021-05-29 13:30:00",151,12.37,401,0,-0.254,-0.39,-0.82,-0.035,-0.074,-0.055,-0.187,50.87,39.31
"2021-05-29 14:00:00",152,12.36,401,0,-0.164,-0.11,-0.68,-0.011,-0.061,-0.034,-0.171,51.34,39.05
"2021-05-29 14:30:00",153,12.36,401,0,-0.156,-0.16,-0.59,-0.015,-0.053,-0.039,-0.171,51.45,41.13
"2021-05-29 15:00:00",154,12.36,401,0,-0.222,-0.11,-0.96,-0.011,-0.085,-0.037,-0.197,50.73,39.15
"2021-05-29 15:30:00",155,12.36,401,0,-0.254,-0.24,-0.98,-0.022,-0.088,-0.042,-0.193,52.54,39.15
"2021-05-29 16:00:00",156,12.36,401,0,-0.277,-0.29,-1.04,-0.026,-0.093,-0.049,-0.199,51.66,38.53
"2021-05-29 16:30:00",157,12.35,401,0,-0.294,-0.33,-1.08,-0.031,-0.096,-0.047,-0.2,52.44,39.05
"2021-05-29 17:00:00",158,12.35,401,0,-0.243,-0.16,-1.01,-0.015,-0.09,-0.038,-0.196,51.72,39.73
"2021-05-29 17:30:00",159,12.35,401,0,-0.258,-0.24,-1,-0.022,-0.09,-0.038,-0.198,51.5,39.78
"2021-05-29 18:00:00",160,12.35,401,0,-0.28,-0.31,-1.03,-0.028,-0.092,-0.049,-0.202,53.34,38.45
"2021-05-29 18:30:00",161,12.34,401,0,-0.264,-0.21,-1.06,-0.02,-0.095,-0.043,-0.201,51.93,39.21
"2021-05-29 19:00:00",162,12.34,401,0,-0.263,-0.26,-1,-0.024,-0.09,-0.043,-0.196,52.51,39.12
"2021-05-29 19:30:00",163,12.34,401,0,-0.278,-0.33,-1,-0.03,-0.089,-0.047,-0.198,52.2,39.07
"2021-05-29 20:00:00",164,12.34,401,0,-0.277,-0.29,-1.04,-0.026,-0.093,-0.047,-0.201,51.79,40.06
"2021-05-29 20:30:00",165,12.34,401,0,-0.286,-0.34,-1.03,-0.031,-0.092,-0.051,-0.202,51.94,39.8
"2021-05-29 21:00:00",166,12.34,401,0,-0.258,-0.24,-1,-0.022,-0.09,-0.042,-0.196,51.9,38.35
"2021-05-29 21:30:00",167,12.34,401,0,-0.263,-0.29,-0.97,-0.026,-0.087,-0.045,-0.194,51.55,39.4
"2021-05-29 22:00:00",168,12.33,401,0,-0.247,-0.16,-1.03,-0.015,-0.092,-0.038,-0.2,52.93,39.12
"2021-05-29 22:30:00",169,12.33,401,0,-0.252,-0.21,-1,-0.019,-0.09,-0.038,-0.206,51.67,39.52
"2021-05-29 23:00:00",170,12.33,401,0,-0.252,-0.21,-1,-0.019,-0.089,-0.04,-0.198,50.94,38.96
"2021-05-29 23:30:00",171,12.33,401,0,-0.285,-0.39,-0.97,-0.035,-0.086,-0.051,-0.191,51.11,39.38
"2021-05-30 00:00:00",172,12.33,401,0,-0.227,-0.21,-0.88,-0.02,-0.079,-0.04,-0.192,50.95,39.64
"2021-05-30 00:30:00",173,12.33,401,0,-0.246,-0.28,-0.9,-0.026,-0.081,-0.046,-0.189,52.08,38.7
"2021-05-30 01:00:00",174,12.33,401,0,-0.266,-0.23,-1.05,-0.022,-0.094,-0.042,-0.201,51.33,39.18
"2021-05-30 01:30:00",175,12.33,401,0,-0.279,-0.26,-1.08,-0.024,-0.097,-0.044,-0.203,52.47,39.49
"2021-05-30 02:00:00",176,12.32,401,0,-0.254,-0.19,-1.03,-0.017,-0.092,-0.042,-0.199,51.99,40.11
"2021-05-30 02:30:00",177,12.32,401,0,-0.262,-0.21,-1.05,-0.019,-0.094,-0.04,-0.199,52.03,39.47
"2021-05-30 03:00:00",178,12.32,401,0,-0.281,-0.26,-1.09,-0.024,-0.097,-0.044,-0.202,51.77,40.05
"2021-05-30 03:30:00",179,12.32,401,0,-0.283,-0.28,-1.08,-0.026,-0.097,-0.046,-0.201,52.46,39.49
"2021-05-30 04:00:00",180,12.32,401,0,-0.283,-0.28,-1.08,-0.026,-0.097,-0.046,-0.203,51.38,39.23
"2021-05-30 04:30:00",181,12.32,401,0,-0.28,-0.31,-1.03,-0.028,-0.092,-0.048,-0.198,52.69,39.71
"2021-05-30 05:00:00",182,12.31,401,0,-0.266,-0.23,-1.05,-0.022,-0.094,-0.042,-0.201,52.46,39.64
"2021-05-30 05:30:00",183,12.32,401,0,-0.268,-0.21,-1.08,-0.019,-0.097,-0.042,-0.201,52,39.44
"2021-05-30 06:00:00",184,12.31,401,0,-0.269,-0.26,-1.03,-0.024,-0.092,-0.044,-0.199,52.4,39.27
"2021-05-30 06:30:00",185,12.31,401,0,-0.266,-0.23,-1.05,-0.022,-0.094,-0.042,-0.199,51.83,39.27
"2021-05-30 07:00:00",186,12.31,401,0,-0.258,-0.21,-1.03,-0.019,-0.092,-0.038,-0.202,52.45,38.65
"2021-05-30 07:30:00",187,12.31,401,0,-0.255,-0.18,-1.05,-0.017,-0.094,-0.04,-0.204,52.72,40.58
"2021-05-30 08:00:00",188,12.31,401,0,-0.236,-0.11,-1.03,-0.011,-0.092,-0.034,-0.2,52.31,39.75
"2021-05-30 08:30:00",189,12.3,401,0,-0.273,-0.23,-1.08,-0.021,-0.097,-0.038,-0.201,52.04,40.05
"2021-05-30 09:00:00",190,12.3,401,0,-0.269,-0.24,-1.05,-0.022,-0.094,-0.041,-0.201,51.63,39.64
"2021-05-30 09:30:00",191,12.3,401,0,-0.264,-0.23,-1.04,-0.022,-0.093,-0.042,-0.201,52.15,38.6
"2021-05-30 10:00:00",192,12.3,401,0,-0.246,-0.26,-0.92,-0.024,-0.082,-0.04,-0.187,52.47,39.9
"2021-05-30 10:30:00",193,12.3,401,0,-0.2,-0.18,-0.78,-0.017,-0.07,-0.038,-0.179,52.57,39.33
"2021-05-30 11:00:00",194,12.3,401,0,-0.166,-0.11,-0.69,-0.011,-0.062,-0.032,-0.175,52.42,40.01
"2021-05-30 11:30:00",195,12.3,401,0,-0.166,-0.11,-0.69,-0.011,-0.062,-0.032,-0.177,51.83,39.27
"2021-05-30 12:00:00",196,12.3,401,0,-0.158,-0.19,-0.57,-0.017,-0.052,-0.034,-0.167,52.68,40.95
"2021-05-30 12:30:00",197,12.3,401,0,-0.112,-0.14,-0.4,-0.013,-0.036,-0.034,-0.156,52.98,38.76
"2021-05-30 13:00:00",198,12.3,401,0,-0.083,-0.09,-0.31,-0.009,-0.029,-0.032,-0.148,52.76,40.46
"2021-05-30 13:30:00",199,12.3,401,0,-0.022,0,-0.11,0,-0.01,-0.022,-0.141,53.42,38.95
"2021-05-30 14:00:00",200,12.29,401,0,-0.003,-0.02,0,-0.002,0,-0.026,-0.127,52.71,40.56
"2021-05-30 14:30:00",201,12.29,401,0,0.023,-0.01,0.12,-0.002,0.01,-0.024,-0.12,52.08,39.1
"2021-05-30 15:00:00",202,12.29,401,0,0.004,0.02,0,0.002,0,-0.018,-0.13,53.38,41.24
"2021-05-30 15:30:00",203,12.29,401,0,0.014,-0.02,0.09,-0.002,0.008,-0.024,-0.124,51.96,40.65
"2021-05-30 16:00:00",204,12.29,401,0,0.069,0.07,0.26,0.006,0.023,-0.016,-0.111,52.85,41.28
"2021-05-30 16:30:00",205,12.29,401,0,0.089,0.02,0.41,0.002,0.036,-0.022,-0.1,52.72,40.57
"2021-05-30 17:00:00",206,12.29,401,0,0.178,0.2,0.65,0.017,0.057,-0.012,-0.086,52.77,40.62
"2021-05-30 17:30:00",207,12.29,401,0,0.16,0.07,0.7,0.006,0.062,-0.02,-0.079,51.94,40.89
"2021-05-30 18:00:00",208,12.29,401,0,0.205,0.19,0.79,0.017,0.07,-0.01,-0.075,51.63,40.31
"2021-05-30 18:30:00",209,12.28,401,0,0.213,0.17,0.85,0.015,0.075,-0.012,-0.073,51.94,42.02
"2021-05-30 19:00:00",210,12.28,401,0,0.182,0.14,0.73,0.013,0.065,-0.012,-0.083,52.86,40.56
"2021-05-30 19:30:00",211,12.28,401,0,0.19,0.15,0.76,0.013,0.068,-0.012,-0.081,53.51,40.12
"2021-05-30 20:00:00",212,12.28,401,0,0.154,0.07,0.67,0.006,0.06,-0.02,-0.088,51.44,39.86
"2021-05-30 20:30:00",213,12.28,401,0,0.106,0.07,0.44,0.006,0.039,-0.018,-0.102,51.64,39.9
"2021-05-30 21:00:00",214,12.28,401,0,0.075,0.07,0.29,0.006,0.026,-0.022,-0.108,51.41,39.43
"2021-05-30 21:30:00",215,12.28,401,0,0.037,0,0.18,0,0.016,-0.022,-0.121,52.87,39.48
"2021-05-30 22:00:00",216,12.28,401,0,0.012,0,0.06,0,0.005,-0.026,-0.127,52.82,40.52
"2021-05-30 22:30:00",217,12.27,401,0,-0.012,-0.04,-0.02,-0.004,-0.003,-0.026,-0.134,52.15,39.74
"2021-05-30 23:00:00",218,12.27,401,0,-0.012,-0.01,-0.05,-0.002,-0.005,-0.028,-0.134,51.43,39.13
"2021-05-30 23:30:00",219,12.27,401,0,-0.018,-0.04,-0.05,-0.004,-0.005,-0.026,-0.135,51.99,39.42
"2021-05-31 00:00:00",220,12.27,401,0,-0.047,-0.06,-0.17,-0.006,-0.016,-0.03,-0.142,51.87,39.47
"2021-05-31 00:30:00",221,12.27,401,0,-0.047,-0.04,-0.19,-0.004,-0.018,-0.03,-0.142,52.51,39.54
"2021-05-31 01:00:00",222,12.26,401,0,-0.058,-0.06,-0.22,-0.006,-0.021,-0.028,-0.146,51.97,39.68
"2021-05-31 01:30:00",223,12.26,401,0,-0.043,-0.04,-0.17,-0.004,-0.016,-0.028,-0.144,51.83,39.42
"2021-05-31 02:00:00",224,12.26,401,0,-0.043,-0.04,-0.17,-0.004,-0.016,-0.026,-0.142,51.97,39.67
"2021-05-31 02:30:00",225,12.26,401,0,-0.037,-0.04,-0.14,-0.004,-0.013,-0.028,-0.14,50.95,38.8
"2021-05-31 03:00:00",226,12.26,401,0,-0.047,-0.06,-0.17,-0.006,-0.016,-0.028,-0.142,52.56,39.59
"2021-05-31 03:30:00",227,12.26,401,0,-0.089,-0.09,-0.34,-0.009,-0.031,-0.03,-0.157,51.97,40.09
"2021-05-31 04:00:00",228,12.26,401,0,-0.101,-0.06,-0.43,-0.007,-0.039,-0.032,-0.159,52.66,39.42
"2021-05-31 04:30:00",229,12.25,401,0,-0.07,-0.06,-0.28,-0.006,-0.026,-0.028,-0.148,52.92,39.79
"2021-05-31 05:00:00",230,12.25,401,0,-0.018,-0.01,-0.08,-0.002,-0.008,-0.028,-0.135,51.71,38.58
"2021-05-31 05:30:00",231,12.25,401,0,0.012,0,0.06,0,0.005,-0.024,-0.125,51.92,38.95
"2021-05-31 06:00:00",232,12.25,401,0,0.029,0.02,0.12,0.002,0.01,-0.024,-0.121,51.83,39.43
"2021-05-31 06:30:00",233,12.25,401,0,0.094,0.07,0.38,0.006,0.034,-0.018,-0.107,51.73,39.43
"2021-05-31 07:00:00",234,12.25,401,0,0.182,0.14,0.73,0.013,0.064,-0.016,-0.083,52.62,39.64
"2021-05-31 07:30:00",235,12.25,401,0,0.346,0.24,1.42,0.021,0.126,-0.006,-0.033,52.92,40.36
"2021-05-31 08:00:00",236,12.25,401,0,0.547,0.43,2.19,0.038,0.194,0.006,0.018,53.59,40.62
"2021-05-31 08:30:00",237,12.28,401,0,0.701,0.53,2.83,0.047,0.251,0.017,0.064,53.47,41.59
"2021-05-31 09:00:00",238,12.3,401,0,0.834,0.6,3.4,0.053,0.301,0.023,0.102,53.5,40.78
"2021-05-31 09:30:00",239,12.26,401,0,0.856,0.69,3.41,0.061,0.302,0.024,0.103,53.28,40.98
"2021-05-31 10:00:00",240,12.26,401,0,0.843,0.48,3.57,0.042,0.316,0.02,0.12,55.53,41.58
"2021-05-31 10:30:00",241,12.27,401,0,0.957,0.67,3.92,0.06,0.347,0.029,0.14,53.91,41.61
"2021-05-31 11:00:00",242,12.27,401,0,1.051,0.71,4.33,0.063,0.383,0.034,0.172,55.46,41.5
"2021-05-31 11:30:00",243,12.27,401,0,1.635,2.75,5.01,0.244,0.443,-99,0.214,-99,41.96
"2021-05-31 12:00:00",244,12.28,401,0,1.406,1.26,5.47,0.111,0.484,0.062,0.244,52.92,41.19
"2021-05-31 12:30:00",245,12.28,401,0,1.436,1.17,5.71,0.104,0.506,0.06,0.263,53.01,41.86
"2021-05-31 13:00:00",246,12.27,401,0,1.653,1.46,6.45,0.129,0.571,0.08,0.312,54.44,40.23
"2021-05-31 13:30:00",247,12.27,401,0,1.767,1.31,7.16,0.116,0.633,0.068,0.365,53.14,40.34
"2021-05-31 14:00:00",248,12.28,401,0,1.884,1.64,7.38,0.145,0.653,0.086,0.371,51.92,40.61
"2021-05-31 14:30:00",249,12.28,401,0,1.916,1.7,7.47,0.15,0.661,0.096,0.382,53.37,39.41
"2021-05-31 15:00:00",250,12.27,401,0,1.855,1.61,7.27,0.143,0.644,0.092,0.362,54.3,40.24
"2021-05-31 15:30:00",251,12.27,401,0,1.9,1.57,7.53,0.139,0.667,0.089,0.398,53.99,39.78
"2021-05-31 16:00:00",252,12.26,401,0,1.874,1.69,7.28,0.15,0.644,0.094,0.368,53.15,40.44
"2021-05-31 16:30:00",253,12.26,401,0,1.853,1.66,7.21,0.147,0.638,0.087,0.359,52.67,39.96
"2021-05-31 17:00:00",254,12.26,401,0,1.864,1.65,7.27,0.146,0.643,0.086,0.356,53.3,39.92
"2021-05-31 17:30:00",255,12.26,401,0,1.786,1.52,7.03,0.134,0.622,0.083,0.341,53.87,40.75
"2021-05-31 18:00:00",256,12.26,401,0,1.711,1.53,6.66,0.136,0.589,0.074,0.316,52.56,40.43
"2021-05-31 18:30:00",257,12.26,401,0,1.485,1.25,5.86,0.111,0.519,0.061,0.262,52.67,40.38
"2021-05-31 19:00:00",258,12.25,401,0,1.378,1.14,5.46,0.101,0.483,0.047,0.222,51.69,41.37
"2021-05-31 19:30:00",259,12.25,401,0,1.155,0.95,4.58,0.084,0.405,0.037,0.167,52.42,40.44
"2021-05-31 20:00:00",260,12.25,401,0,0.852,0.67,3.41,0.059,0.301,0.012,0.084,50.66,41.01
"2021-05-31 20:30:00",261,12.25,401,0,0.572,0.48,2.26,0.043,0.2,0.004,0.004,51.65,40.18
"2021-05-31 21:00:00",262,12.24,401,0,0.337,0.2,1.42,0.018,0.125,-0.014,-0.046,50.89,40.01
"2021-05-31 21:30:00",263,12.24,401,0,0.206,0.15,0.84,0.013,0.074,-0.018,-0.082,50.85,39.96
"2021-05-31 22:00:00",264,12.24,401,0,0.076,-0.02,0.39,-0.002,0.034,-0.029,-0.109,51.23,38.83
"2021-05-31 22:30:00",265,12.23,401,0,-0.012,-0.04,-0.02,-0.004,-0.003,-0.031,-0.138,51.07,38.93
"2021-05-31 23:00:00",266,12.23,401,0,-0.072,-0.09,-0.26,-0.009,-0.024,-0.035,-0.149,50.82,38.42
"2021-05-31 23:30:00",267,12.23,401,0,-0.102,-0.14,-0.35,-0.013,-0.032,-0.037,-0.157,51.41,38.85
"2021-06-01 00:00:00",268,12.22,401,0,-0.103,-0.09,-0.41,-0.009,-0.037,-0.032,-0.161,51.56,39.15
"2021-06-01 00:30:00",269,12.22,401,0,-0.131,-0.14,-0.49,-0.013,-0.045,-0.037,-0.164,51.3,38.59
"2021-06-01 01:00:00",270,12.22,401,0,-0.138,-0.19,-0.47,-0.018,-0.042,-0.039,-0.164,51.26,39.12
"2021-06-01 01:30:00",271,12.21,401,0,-0.131,-0.14,-0.49,-0.013,-0.045,-0.037,-0.166,52.09,38.44
"2021-06-01 02:00:00",272,12.21,401,0,-0.148,-0.16,-0.55,-0.015,-0.05,-0.037,-0.17,51.73,39.43
"2021-06-01 02:30:00",273,12.21,401,0,-0.166,-0.16,-0.64,-0.015,-0.058,-0.039,-0.172,52.08,39.11
"2021-06-01 03:00:00",274,12.21,401,0,-0.172,-0.16,-0.67,-0.015,-0.06,-0.039,-0.177,51.08,39.2
"2021-06-01 03:30:00",275,12.21,401,0,-0.196,-0.21,-0.73,-0.02,-0.066,-0.039,-0.181,51.62,39.63
"2021-06-01 04:00:00",276,12.2,401,0,-0.204,-0.19,-0.79,-0.018,-0.071,-0.039,-0.183,51.5,38.53
"2021-06-01 04:30:00",277,12.2,401,0,-0.191,-0.16,-0.76,-0.015,-0.068,-0.037,-0.183,51.85,38.73
"2021-06-01 05:00:00",278,12.2,401,0,-0.214,-0.21,-0.82,-0.02,-0.074,-0.041,-0.187,52.68,38.47
"2021-06-01 05:30:00",279,12.2,401,0,-0.221,-0.21,-0.85,-0.02,-0.076,-0.036,-0.187,51.64,39.51
"2021-06-01 06:00:00",280,12.2,401,0,-0.214,-0.21,-0.82,-0.02,-0.073,-0.04,-0.185,51.5,39.52
"2021-06-01 06:30:00",281,12.19,401,0,-0.187,-0.18,-0.72,-0.017,-0.065,-0.036,-0.176,52.45,39.21
"2021-06-01 07:00:00",282,12.19,401,0,-0.145,-0.13,-0.57,-0.013,-0.051,-0.032,-0.169,53.2,40.5
"2021-06-01 07:30:00",283,12.19,401,0,-0.021,-0.1,0,-0.01,0,-0.024,-0.125,54.91,40.96
"2021-06-01 08:00:00",284,12.19,401,0,0.183,0.09,0.79,0.008,0.07,-0.014,-0.068,53.02,41.29
"2021-06-01 08:30:00",285,12.21,401,0,0.371,0.26,1.52,0.023,0.135,-0.004,-0.022,54.02,41.06
"2021-06-01 09:00:00",286,12.22,401,0,0.622,0.49,2.49,0.043,0.22,0.014,0.041,54.75,40.96
"2021-06-01 09:30:00",287,12.21,401,0,0.635,0.53,2.51,0.047,0.222,0.014,0.039,52.94,41.22
"2021-06-01 10:00:00",288,12.21,401,0,0.757,0.57,3.06,0.05,0.271,0.016,0.08,52.92,41.78
"2021-06-01 10:30:00",289,12.23,401,0,1.052,0.87,4.17,0.077,0.369,0.036,0.152,53.74,40.52
"2021-06-01 11:00:00",290,12.23,401,0,1.366,1.15,5.39,0.102,0.477,0.059,0.24,53.63,41.09
"2021-06-01 11:30:00",291,12.22,401,0,1.848,2.3,6.51,0.204,0.576,0.148,0.318,60.63,41.04
"2021-06-01 12:00:00",292,12.23,401,0,1.761,1.53,6.9,0.135,0.61,0.083,0.339,54.55,40.6
"2021-06-01 12:30:00",293,12.23,401,0,1.967,1.67,7.75,0.148,0.686,0.098,0.406,53.65,40.28
"2021-06-01 13:00:00",294,12.23,401,0,2.064,1.83,8.05,0.162,0.713,0.109,0.42,53.19,39.4
"2021-06-01 13:30:00",295,12.23,401,0,1.835,0.9,7.92,0.08,0.701,0.041,0.433,51.61,39.48
"2021-06-01 14:00:00",296,12.23,401,0,2.141,1.88,8.37,0.166,0.741,0.096,0.431,50.33,39.44
"2021-06-01 14:30:00",297,12.23,401,0,2.202,1.97,8.57,0.174,0.759,0.11,0.448,52.82,38.61
"2021-06-01 15:00:00",298,12.22,401,0,2.167,2,8.37,0.177,0.741,0.111,0.425,52.46,38.93
"2021-06-01 15:30:00",299,12.22,401,0,2.072,1.82,8.1,0.161,0.717,0.101,0.416,52.36,39.65
"2021-06-01 16:00:00",300,12.22,401,0,2.083,1.87,8.1,0.166,0.717,0.104,0.405,52.67,39.29
"2021-06-01 16:30:00",301,12.21,401,0,1.999,1.78,7.79,0.157,0.689,0.098,0.385,53.4,39.61
"2021-06-01 17:00:00",302,12.21,401,0,1.859,1.61,7.29,0.142,0.645,0.088,0.352,53.21,39.15
"2021-06-01 17:30:00",303,12.21,401,0,1.629,1.38,6.42,0.123,0.568,0.067,0.286,51.75,40.03
"2021-06-01 18:00:00",304,12.21,401,0,1.351,1.15,5.32,0.102,0.471,0.049,0.212,52.05,40.17
"2021-06-01 18:30:00",305,12.21,401,0,1.096,0.9,4.35,0.08,0.385,0.035,0.148,52.31,40.33
"2021-06-01 19:00:00",306,12.2,401,0,0.81,0.66,3.22,0.058,0.285,0.019,0.074,51.43,40.54
"2021-06-01 19:30:00",307,12.2,401,0,0.584,0.43,2.37,0.038,0.209,0.002,0.021,50.93,39.88
"2021-06-01 20:00:00",308,12.2,401,0,0.409,0.31,1.65,0.027,0.146,-0.006,-0.031,51.97,39.16
"2021-06-01 20:30:00",309,12.19,401,0,0.244,0.15,1.02,0.014,0.09,-0.017,-0.071,51.08,39.61
"2021-06-01 21:00:00",310,12.19,401,0,0.14,0.1,0.57,0.009,0.05,-0.021,-0.099,51.66,39.1
"2021-06-01 21:30:00",311,12.18,401,0,0.045,-0.02,0.24,-0.002,0.021,-0.025,-0.118,50.52,39.47
"2021-06-01 22:00:00",312,12.18,401,0,-0.008,-0.07,0.03,-0.007,0.003,-0.031,-0.133,50.57,38.27
"2021-06-01 22:30:00",313,12.18,401,0,-0.042,-0.12,-0.08,-0.011,-0.008,-0.033,-0.139,51.77,37.81
"2021-06-01 23:00:00",314,12.18,401,0,-0.041,-0.09,-0.11,-0.009,-0.011,-0.035,-0.143,51.42,39.27
"2021-06-01 23:30:00",315,12.17,401,0,-0.06,-0.09,-0.2,-0.009,-0.019,-0.033,-0.148,51.4,39.26
"2021-06-02 00:00:00",316,12.17,401,0,-0.066,-0.09,-0.23,-0.009,-0.021,-0.031,-0.15,51.26,38.29
"2021-06-02 00:30:00",317,12.17,401,0,-0.091,-0.12,-0.32,-0.011,-0.029,-0.035,-0.154,51.6,38.78
"2021-06-02 01:00:00",318,12.17,401,0,-0.121,-0.17,-0.41,-0.016,-0.037,-0.035,-0.158,51.77,38.54
"2021-06-02 01:30:00",319,12.16,401,0,-0.119,-0.16,-0.41,-0.015,-0.037,-0.037,-0.158,52.03,39.06
"2021-06-02 02:00:00",320,12.16,401,0,-0.127,-0.14,-0.47,-0.013,-0.042,-0.037,-0.165,51.19,38.63
"2021-06-02 02:30:00",321,12.16,401,0,-0.143,-0.16,-0.53,-0.015,-0.048,-0.037,-0.167,51.25,38.69
"2021-06-02 03:00:00",322,12.16,401,0,-0.139,-0.14,-0.53,-0.013,-0.048,-0.037,-0.17,51.42,38.7
"2021-06-02 03:30:00",323,12.15,401,0,-0.167,-0.24,-0.56,-0.022,-0.05,-0.041,-0.172,50.9,38.91
"2021-06-02 04:00:00",324,12.15,401,0,-0.15,-0.19,-0.53,-0.018,-0.048,-0.039,-0.169,51,39.01
"2021-06-02 04:30:00",325,12.15,401,0,-0.169,-0.22,-0.59,-0.02,-0.053,-0.041,-0.172,51.15,39.01
"2021-06-02 05:00:00",326,12.14,401,0,-0.169,-0.22,-0.59,-0.02,-0.053,-0.043,-0.174,51.47,38.91
"2021-06-02 05:30:00",327,12.15,401,0,-0.15,-0.16,-0.56,-0.015,-0.05,-0.035,-0.17,52.55,38.9
"2021-06-02 06:00:00",328,12.14,401,0,-0.139,-0.14,-0.53,-0.013,-0.048,-0.035,-0.167,51.47,38.49
"2021-06-02 06:30:00",329,12.14,401,0,-0.121,-0.14,-0.44,-0.013,-0.039,-0.033,-0.158,52.75,38.53
"2021-06-02 07:00:00",330,12.14,401,0,-0.089,-0.14,-0.29,-0.013,-0.026,-0.033,-0.154,51.9,39.61
"2021-06-02 07:30:00",331,12.14,401,0,-0.018,-0.04,-0.05,-0.004,-0.005,-0.026,-0.134,52.13,39.42
"2021-06-02 08:00:00",332,12.14,401,0,0.022,-0.04,0.15,-0.004,0.013,-0.026,-0.119,52.39,39.57
"2021-06-02 08:30:00",333,12.14,401,0,0.118,0.02,0.55,0.002,0.049,-0.022,-0.089,52.81,40.93
"2021-06-02 09:00:00",334,12.14,401,0,0.387,0.23,1.63,0.021,0.144,-0.004,-0.019,53.59,40.62
"2021-06-02 09:30:00",335,12.15,401,0,0.651,0.51,2.61,0.045,0.231,0.014,0.053,54.29,41.9
"2021-06-02 10:00:00",336,12.15,401,0,0.92,0.66,3.75,0.059,0.332,0.024,0.127,53.32,41.75
"2021-06-02 10:30:00",337,12.18,401,0,1.388,1.11,5.54,0.098,0.49,0.059,0.246,53.97,41.42
"2021-06-02 11:00:00",338,12.17,401,0,1.905,1.66,7.46,0.147,0.661,0.095,0.38,54.11,40.06
"2021-06-02 11:30:00",339,12.16,401,0,2.351,2.78,8.44,0.246,0.747,0.185,0.457,62.4,39.49
"2021-06-02 12:00:00",340,12.17,401,0,2.289,2.18,8.77,0.193,0.776,0.132,0.472,52.83,38.46
"2021-06-02 12:30:00",341,12.18,401,0,2.311,2.1,8.96,0.186,0.793,0.128,0.489,53.13,38.51
"2021-06-02 13:00:00",342,12.17,401,0,2.408,2.42,9.09,0.214,0.804,0.125,0.477,51,38.61
"2021-06-02 13:30:00",343,12.18,401,0,1.93,0.65,8.64,0.057,0.765,0.04,0.484,50.45,38.73
"2021-06-02 14:00:00",344,12.18,401,0,2.281,1.76,9.17,0.156,0.811,0.11,0.501,52.97,38.09
"2021-06-02 14:30:00",345,12.17,401,0,2.369,2.04,9.3,0.18,0.823,0.129,0.5,53.86,38.41
"2021-06-02 15:00:00",346,12.17,401,0,2.332,2.12,9.04,0.187,0.8,0.118,0.474,51.89,38.93
"2021-06-02 15:30:00",347,12.16,401,0,2.333,2.19,8.97,0.194,0.794,0.12,0.467,51.78,38.4
"2021-06-02 16:00:00",348,12.16,401,0,2.252,2.16,8.61,0.192,0.762,0.114,0.439,52.52,38.16
"2021-06-02 16:30:00",349,12.16,401,0,2.102,1.85,8.21,0.164,0.727,0.11,0.416,54.43,38.98
"2021-06-02 17:00:00",350,12.16,401,0,2.056,1.87,7.97,0.165,0.705,0.097,0.391,52.36,38.98
"2021-06-02 17:30:00",351,12.15,401,0,1.88,1.68,7.32,0.149,0.648,0.09,0.343,52.77,39.8
"2021-06-02 18:00:00",352,12.15,401,0,1.681,1.44,6.61,0.127,0.585,0.075,0.303,52.01,39.88
"2021-06-02 18:30:00",353,12.15,401,0,1.539,1.29,6.08,0.114,0.538,0.059,0.263,52.68,40.39
"2021-06-02 19:00:00",354,12.15,401,0,1.272,1.08,5.01,0.096,0.444,0.038,0.182,50.57,41.08
"2021-06-02 19:30:00",355,12.15,401,0,0.906,0.72,3.62,0.064,0.32,0.019,0.093,51.45,41.13
"2021-06-02 20:00:00",356,12.14,401,0,0.478,0.36,1.93,0.032,0.171,-0.002,-0.013,51.96,39.56
"2021-06-02 20:30:00",357,12.14,401,0,0.198,0.13,0.82,0.011,0.072,-0.021,-0.08,51.11,39.55
"2021-06-02 21:00:00",358,12.13,401,0,0.073,0.02,0.33,0.002,0.029,-0.027,-0.117,51.38,38.83
"2021-06-02 21:30:00",359,12.13,401,0,-0.008,-0.07,0.03,-0.007,0.003,-0.035,-0.132,51.55,39
"2021-06-02 22:00:00",360,12.13,401,0,-0.048,-0.12,-0.11,-0.011,-0.011,-0.038,-0.142,51.39,38.42
"2021-06-02 22:30:00",361,12.12,401,0,-0.054,-0.12,-0.14,-0.011,-0.013,-0.035,-0.144,51.55,39.41
"2021-06-02 23:00:00",362,12.12,401,0,-0.071,-0.14,-0.2,-0.013,-0.019,-0.035,-0.147,50.7,39.24
"2021-06-02 23:30:00",363,12.12,401,0,-0.135,-0.17,-0.48,-0.016,-0.043,-0.038,-0.165,50.87,38.47
"2021-06-03 00:00:00",364,12.12,401,0,-0.165,-0.22,-0.57,-0.02,-0.051,-0.042,-0.173,51.3,38.49
"2021-06-03 00:30:00",365,12.11,401,0,-0.169,-0.22,-0.59,-0.02,-0.053,-0.039,-0.173,51.7,38.88
"2021-06-03 01:00:00",366,12.11,401,0,-0.181,-0.22,-0.65,-0.02,-0.058,-0.039,-0.174,51.9,38.68
"2021-06-03 01:30:00",367,12.11,401,0,-0.181,-0.22,-0.65,-0.02,-0.058,-0.039,-0.177,51.69,38.72
"2021-06-03 02:00:00",368,12.1,401,0,-0.198,-0.24,-0.71,-0.022,-0.063,-0.043,-0.178,52.11,38.99
"2021-06-03 02:30:00",369,12.1,401,0,-0.2,-0.22,-0.74,-0.02,-0.066,-0.043,-0.181,51.29,38.58
"2021-06-03 03:00:00",370,12.1,401,0,-0.206,-0.19,-0.8,-0.018,-0.072,-0.037,-0.185,52.12,38.74
"2021-06-03 03:30:00",371,12.1,401,0,-0.217,-0.24,-0.8,-0.022,-0.072,-0.041,-0.184,51.82,38.85
"2021-06-03 04:00:00",372,12.1,401,0,-0.23,-0.27,-0.83,-0.024,-0.074,-0.043,-0.187,51.4,38.84
"2021-06-03 04:30:00",373,12.1,401,0,-0.217,-0.24,-0.8,-0.022,-0.072,-0.042,-0.185,51.3,38.48
"2021-06-03 05:00:00",374,12.09,401,0,-0.223,-0.24,-0.83,-0.022,-0.074,-0.039,-0.188,51.61,39.47
"2021-06-03 05:30:00",375,12.1,401,0,-0.235,-0.24,-0.89,-0.022,-0.079,-0.041,-0.188,51.3,39.99
"2021-06-03 06:00:00",376,12.1,401,0,-0.238,-0.26,-0.88,-0.024,-0.079,-0.043,-0.187,51.53,39.4
"2021-06-03 06:30:00",377,12.09,401,0,-0.208,-0.21,-0.79,-0.02,-0.071,-0.039,-0.181,51.44,39.87
"2021-06-03 07:00:00",378,12.09,401,0,-0.221,-0.24,-0.82,-0.022,-0.074,-0.042,-0.184,51.15,38.59
"2021-06-03 07:30:00",379,12.09,401,0,-0.208,-0.21,-0.79,-0.02,-0.071,-0.039,-0.187,51.88,39.16
"2021-06-03 08:00:00",380,12.09,401,0,-0.16,-0.19,-0.58,-0.017,-0.052,-0.035,-0.165,52.39,39.84
"2021-06-03 08:30:00",381,12.09,401,0,-0.048,-0.09,-0.14,-0.009,-0.013,-0.033,-0.134,51.95,38.57
"2021-06-03 09:00:00",382,12.09,401,0,0.033,-0.02,0.18,-0.002,0.016,-0.029,-0.121,51.47,40.43
"2021-06-03 09:30:00",383,12.09,401,0,0.229,0.1,1,0.009,0.088,-0.016,-0.063,52.41,40.53
"2021-06-03 10:00:00",384,12.1,401,0,0.534,0.35,2.21,0.031,0.196,0,0.008,52.32,40.86
"2021-06-03 10:30:00",385,12.11,401,0,0.75,0.69,2.9,0.061,0.257,0.028,0.058,53.95,40.58
"2021-06-03 11:00:00",386,12.11,401,0,0.939,0.74,3.76,0.066,0.332,0.026,0.113,53.38,41.67
"2021-06-03 11:30:00",387,12.11,401,0,0.999,0.72,4.07,0.064,0.36,0.025,0.141,53.29,42.24
"2021-06-03 12:00:00",388,12.11,401,0,1.098,0.85,4.41,0.075,0.39,0.033,0.157,53.66,41.11
"2021-06-03 12:30:00",389,12.12,401,0,1.402,1.3,5.41,0.115,0.479,0.062,0.224,52.88,42.25
"2021-06-03 13:00:00",390,12.11,401,0,1.389,1.18,5.47,0.105,0.484,0.054,0.22,53.09,40.79
"2021-06-03 13:30:00",391,12.11,401,0,1.466,1.21,5.81,0.108,0.514,0.065,0.257,54.74,39.7
"2021-06-03 14:00:00",392,12.1,401,0,1.427,1.23,5.6,0.109,0.496,0.062,0.227,52.91,39.13
"2021-06-03 14:30:00",393,12.1,401,0,1.344,1.07,5.37,0.094,0.475,0.052,0.224,52.75,40.21
"2021-06-03 15:00:00",394,12.1,401,0,1.419,1.25,5.54,0.111,0.49,0.053,0.22,51.67,40.94
"2021-06-03 15:30:00",395,12.1,401,0,1.245,1.06,4.9,0.094,0.433,0.04,0.182,51.86,40.98
"2021-06-03 16:00:00",396,12.09,401,0,1.073,0.89,4.25,0.079,0.377,0.032,0.139,51.26,40.79
"2021-06-03 16:30:00",397,12.09,401,0,0.881,0.72,3.5,0.063,0.309,0.023,0.091,51.52,40.63
"2021-06-03 17:00:00",398,12.09,401,0,0.246,0.19,0.99,0.017,0.088,-0.018,-0.069,50.89,40.16
"2021-06-03 17:30:00",399,12.09,401,0,-0.075,-0.12,-0.24,-0.012,-0.022,-0.036,-0.153,50.91,38.21
"2021-06-03 18:00:00",400,12.08,401,0,-0.072,-0.09,-0.26,-0.009,-0.024,-0.038,-0.157,50.33,38.61
"2021-06-03 18:30:00",401,12.08,401,0,-0.173,-0.2,-0.63,-0.018,-0.057,-0.042,-0.172,50.49,40.01
"2021-06-03 19:00:00",402,12.07,401,0,-0.179,-0.2,-0.66,-0.018,-0.059,-0.042,-0.174,50.75,37.79
"2021-06-03 19:30:00",403,12.07,401,0,-0.167,-0.2,-0.6,-0.018,-0.054,-0.042,-0.172,50.49,37.79
"2021-06-03 20:00:00",404,12.07,401,0,-0.14,-0.19,-0.48,-0.018,-0.043,-0.042,-0.163,52.63,40.75
"2021-06-03 20:30:00",405,12.07,401,0,-0.16,-0.2,-0.57,-0.018,-0.051,-0.04,-0.172,51.02,39.3
"2021-06-03 21:00:00",406,12.07,401,0,-0.154,-0.17,-0.57,-0.016,-0.052,-0.038,-0.173,50.65,37.12
"2021-06-03 21:30:00",407,12.06,401,0,-0.19,-0.22,-0.69,-0.02,-0.062,-0.042,-0.176,51.39,39.66
"2021-06-03 22:00:00",408,12.06,401,0,-0.185,-0.2,-0.69,-0.018,-0.062,-0.042,-0.179,51.18,39.04
"2021-06-03 22:30:00",409,12.06,401,0,-0.177,-0.22,-0.63,-0.02,-0.057,-0.04,-0.177,53.28,39.33
"2021-06-03 23:00:00",410,12.06,401,0,-0.183,-0.22,-0.66,-0.02,-0.059,-0.042,-0.172,51.89,39.18
"2021-06-03 23:30:00",411,12.05,401,0,-0.177,-0.22,-0.63,-0.02,-0.057,-0.042,-0.179,50.41,39.51
"2021-06-04 00:00:00",412,12.05,401,0,-0.179,-0.2,-0.66,-0.018,-0.059,-0.04,-0.178,51.59,39.2
"2021-06-04 00:30:00",413,12.05,401,0,-0.19,-0.25,-0.66,-0.023,-0.059,-0.042,-0.175,51.95,38
"2021-06-04 01:00:00",414,12.05,401,0,-0.209,-0.25,-0.75,-0.023,-0.067,-0.044,-0.182,51.34,39.61
"2021-06-04 01:30:00",415,12.05,401,0,-0.196,-0.22,-0.72,-0.021,-0.065,-0.042,-0.18,50.71,38.99
"2021-06-04 02:00:00",416,12.05,401,0,-0.198,-0.2,-0.75,-0.018,-0.067,-0.04,-0.184,51.7,39.98
"2021-06-04 02:30:00",417,12.05,401,0,-0.209,-0.25,-0.75,-0.023,-0.067,-0.045,-0.184,51.95,38.31
"2021-06-04 03:00:00",418,12.04,401,0,-0.185,-0.2,-0.69,-0.018,-0.062,-0.04,-0.182,50.93,38.38
"2021-06-04 03:30:00",419,12.04,401,0,-0.202,-0.22,-0.75,-0.021,-0.067,-0.04,-0.18,50.3,38.31
"2021-06-04 04:00:00",420,12.04,401,0,-0.179,-0.17,-0.69,-0.016,-0.062,-0.036,-0.178,51.4,38.17
"2021-06-04 04:30:00",421,12.04,401,0,-0.19,-0.22,-0.69,-0.021,-0.062,-0.04,-0.178,50.76,39.2
"2021-06-04 05:00:00",422,12.04,401,0,-0.19,-0.22,-0.69,-0.021,-0.062,-0.045,-0.176,50.85,39.13
"2021-06-04 05:30:00",423,12.04,401,0,-0.192,-0.2,-0.72,-0.018,-0.065,-0.04,-0.18,52.52,38.72
"2021-06-04 06:00:00",424,12.03,401,0,-0.192,-0.23,-0.69,-0.021,-0.062,-0.041,-0.181,50.7,39.97
"2021-06-04 06:30:00",425,12.03,401,0,-0.179,-0.2,-0.66,-0.018,-0.059,-0.042,-0.178,51.13,39.41
"2021-06-04 07:00:00",426,12.03,401,0,-0.167,-0.2,-0.6,-0.018,-0.054,-0.04,-0.178,51.75,39.2
"2021-06-04 07:30:00",427,12.03,401,0,-0.202,-0.22,-0.75,-0.021,-0.067,-0.045,-0.183,51.44,39.3
"2021-06-04 08:00:00",428,12.03,401,0,-0.214,-0.22,-0.81,-0.021,-0.073,-0.042,-0.189,52.69,39.15
"2021-06-04 08:30:00",429,12.03,401,0,-0.218,-0.2,-0.85,-0.018,-0.076,-0.041,-0.189,51.25,39.26
"2021-06-04 09:00:00",430,12.03,401,0,-0.24,-0.25,-0.9,-0.023,-0.081,-0.045,-0.196,51.86,38.06
"2021-06-04 09:30:00",431,12.02,401,0,-0.24,-0.25,-0.9,-0.023,-0.081,-0.042,-0.194,51.29,40.39
"2021-06-04 10:00:00",432,12.02,401,0,-0.215,-0.25,-0.78,-0.023,-0.07,-0.042,-0.187,51.41,39.11
"2021-06-04 10:30:00",433,12.02,401,0,-0.259,-0.3,-0.94,-0.028,-0.084,-0.045,-0.192,51.55,39
"2021-06-04 11:00:00",434,12.02,401,0,-0.219,-0.23,-0.82,-0.021,-0.074,-0.039,-0.19,51.08,39.51
"2021-06-04 11:30:00",435,12.02,401,0,-0.202,-0.19,-0.78,-0.018,-0.07,-0.038,-0.184,51.43,39.04
"2021-06-04 12:00:00",436,12.02,401,0,-0.142,-0.17,-0.51,-0.016,-0.046,-0.038,-0.168,51.38,39.81
"2021-06-04 12:30:00",437,12.02,401,0,0.037,0,0.18,0,0.016,-0.025,-0.119,51.51,40.2
"2021-06-04 13:00:00",438,12.02,401,0,0.421,0.31,1.71,0.027,0.151,-0.004,-0.028,51.6,40.29
"2021-06-04 13:30:00",439,12.03,401,0,0.819,0.52,3.41,0.046,0.301,0.016,0.096,53.15,42.25
"2021-06-04 14:00:00",440,12.03,401,0,1.138,0.96,4.49,0.085,0.398,0.04,0.158,52.62,41.16
"2021-06-04 14:30:00",441,12.02,401,0,1.131,0.88,4.54,0.077,0.402,0.039,0.164,53.24,40.84
"2021-06-04 15:00:00",442,12.02,401,0,1.222,1.07,4.78,0.095,0.423,0.052,0.178,55.05,40.01
"2021-06-04 15:30:00",443,12.02,401,0,1.435,1.27,5.6,0.112,0.496,0.06,0.23,54.58,41.05
"2021-06-04 16:00:00",444,12.02,401,0,1.395,1.14,5.54,0.101,0.49,0.049,0.235,50.7,41.73
"2021-06-04 16:30:00",445,12.01,401,0,0.869,0.76,3.4,0.067,0.301,0.017,0.077,50.91,41.26
"2021-06-04 17:00:00",446,12.01,401,0,0.432,0.32,1.75,0.028,0.155,-0.007,-0.026,50.61,39.98
"2021-06-04 17:30:00",447,12.01,401,0,0.221,0.16,0.9,0.014,0.08,-0.017,-0.081,51.13,38.84
"2021-06-04 18:00:00",448,12.01,401,0,0.284,0.2,1.16,0.018,0.103,-0.008,-0.058,51.37,40.23
"2021-06-04 18:30:00",449,12.01,401,0,0.603,0.46,2.43,0.041,0.215,0.004,0.021,52.07,40.91
"2021-06-04 19:00:00",450,12,401,0,0.474,0.35,1.92,0.031,0.17,-0.007,-0.015,51.23,40.6
"2021-06-04 19:30:00",451,12,401,0,0.306,0.19,1.28,0.017,0.113,-0.015,-0.057,50.86,39.56
"2021-06-04 20:00:00",452,12,401,0,0.161,0.11,0.66,0.01,0.058,-0.022,-0.092,50.39,38.67
"2021-06-04 20:30:00",453,12,401,0,0.003,-0.07,0.09,-0.007,0.008,-0.028,-0.132,51.7,39.15
"2021-06-04 21:00:00",454,12,401,0,-0.037,-0.1,-0.08,-0.01,-0.008,-0.037,-0.143,50.37,39.06
"2021-06-04 21:30:00",455,11.99,401,0,-0.091,-0.1,-0.34,-0.01,-0.031,-0.033,-0.159,50.51,38.63
"2021-06-04 22:00:00",456,11.99,401,0,-0.146,-0.18,-0.52,-0.016,-0.047,-0.039,-0.172,50.62,39.05
"2021-06-04 22:30:00",457,11.98,401,0,-0.165,-0.2,-0.59,-0.019,-0.053,-0.039,-0.175,50.52,39.06
"2021-06-04 23:00:00",458,11.98,401,0,-0.181,-0.17,-0.7,-0.016,-0.063,-0.038,-0.178,51.92,38.53
"2021-06-04 23:30:00",459,11.98,401,0,-0.2,-0.23,-0.73,-0.021,-0.066,-0.043,-0.18,51.26,39.27
"2021-06-05 00:00:00",460,11.98,401,0,-0.227,-0.23,-0.86,-0.021,-0.077,-0.043,-0.189,52.23,38.69
"2021-06-05 00:30:00",461,11.98,401,0,-0.238,-0.25,-0.89,-0.023,-0.08,-0.045,-0.192,51.29,39.4
"2021-06-05 01:00:00",462,11.97,401,0,-0.219,-0.23,-0.82,-0.021,-0.074,-0.041,-0.185,51.39,38.58
"2021-06-05 01:30:00",463,11.97,401,0,-0.231,-0.25,-0.86,-0.023,-0.077,-0.045,-0.189,52.26,39.15
"2021-06-05 02:00:00",464,11.97,401,0,-0.24,-0.28,-0.87,-0.026,-0.078,-0.044,-0.19,51.66,38.43
"2021-06-05 02:30:00",465,11.97,401,0,-0.229,-0.23,-0.87,-0.021,-0.078,-0.043,-0.19,50.77,38.63
"2021-06-05 03:00:00",466,11.97,401,0,-0.229,-0.26,-0.84,-0.024,-0.075,-0.046,-0.188,50.9,38.18
"2021-06-05 03:30:00",467,11.96,401,0,-0.229,-0.23,-0.87,-0.021,-0.078,-0.043,-0.193,51.11,38.29
"2021-06-05 04:00:00",468,11.97,401,0,-0.223,-0.26,-0.81,-0.024,-0.072,-0.046,-0.19,51.03,38.63
"2021-06-05 04:30:00",469,11.96,401,0,-0.196,-0.23,-0.71,-0.021,-0.064,-0.043,-0.18,51.87,39.32
"2021-06-05 05:00:00",470,11.96,401,0,-0.173,-0.18,-0.65,-0.016,-0.058,-0.039,-0.177,51.89,39.9
"2021-06-05 05:30:00",471,11.96,401,0,-0.179,-0.18,-0.68,-0.016,-0.061,-0.041,-0.177,51.41,39.26
"2021-06-05 06:00:00",472,11.96,401,0,-0.173,-0.18,-0.65,-0.016,-0.058,-0.039,-0.177,51.38,38.41
"2021-06-05 06:30:00",473,11.95,401,0,-0.127,-0.15,-0.46,-0.014,-0.041,-0.037,-0.164,52.04,39.06
"2021-06-05 07:00:00",474,11.95,401,0,-0.035,-0.12,-0.05,-0.011,-0.005,-0.032,-0.139,52.9,39.67
"2021-06-05 07:30:00",475,11.95,401,0,0.162,0.05,0.73,0.004,0.064,-0.021,-0.085,52.09,39.95
"2021-06-05 08:00:00",476,11.95,401,0,0.388,0.25,1.61,0.022,0.143,-0.002,-0.026,53.59,41.18
"2021-06-05 08:30:00",477,11.98,401,0,0.741,0.57,2.98,0.051,0.264,0.017,0.065,53.52,41.38
"2021-06-05 09:00:00",478,11.97,401,0,1.146,0.96,4.53,0.085,0.401,0.044,0.164,53.09,41.93
"2021-06-05 09:30:00",479,11.96,401,0,1.598,1.39,6.26,0.123,0.554,0.073,0.279,53.54,40.43
"2021-06-05 10:00:00",480,11.96,401,0,1.935,1.71,7.55,0.152,0.668,0.11,0.38,56.67,40.39
"2021-06-05 10:30:00",481,11.99,401,0,2.313,2.26,8.8,0.2,0.779,0.135,0.453,53.46,39.25
"2021-06-05 11:00:00",482,11.97,401,0,2.5,2.38,9.58,0.211,0.848,0.147,0.506,53.54,38.5
"2021-06-05 11:30:00",483,11.97,401,0,2.665,3.04,9.68,0.269,0.856,0.218,0.519,60.93,38.44
"2021-06-05 12:00:00",484,11.98,401,0,2.509,2.6,9.39,0.23,0.831,0.155,0.497,52.8,37.93
"2021-06-05 12:30:00",485,11.98,401,0,2.38,2.34,9.04,0.207,0.8,0.137,0.469,52.82,39.18
"2021-06-05 13:00:00",486,11.98,401,0,2.522,2.64,9.41,0.234,0.833,0.156,0.487,53.01,38.4
"2021-06-05 13:30:00",487,11.97,401,0,2.287,1.95,9,0.172,0.796,0.104,0.486,52.14,38.51
"2021-06-05 14:00:00",488,11.98,401,0,2.483,2.13,9.76,0.189,0.863,0.12,0.51,50.16,38.19
"2021-06-05 14:30:00",489,11.98,401,0,2.711,2.71,10.25,0.24,0.907,0.157,0.527,51.57,36.95
"2021-06-05 15:00:00",490,11.97,401,0,2.646,2.63,10.02,0.233,0.886,0.153,0.514,52.51,37.63
"2021-06-05 15:30:00",491,11.97,401,0,2.528,2.46,9.63,0.218,0.852,0.146,0.497,52.03,37.67
"2021-06-05 16:00:00",492,11.97,401,0,2.493,2.42,9.5,0.214,0.841,0.153,0.498,54.78,37.52
"2021-06-05 16:30:00",493,11.97,401,0,2.435,2.46,9.18,0.217,0.812,0.137,0.474,51.93,38.97
"2021-06-05 17:00:00",494,11.97,401,0,2.391,2.38,9.05,0.211,0.801,0.131,0.44,52.91,38.86
"2021-06-05 17:30:00",495,11.97,401,0,2.162,2.06,8.28,0.182,0.733,0.114,0.398,53.7,40.06
"2021-06-05 18:00:00",496,11.96,401,0,1.97,1.89,7.53,0.167,0.667,0.1,0.351,52.72,41
"2021-06-05 18:30:00",497,11.96,401,0,1.764,1.63,6.81,0.145,0.603,0.085,0.306,52.76,39.8
"2021-06-05 19:00:00",498,11.96,401,0,1.52,1.46,5.81,0.13,0.515,0.068,0.228,52.5,40.79
"2021-06-05 19:30:00",499,11.96,401,0,1.099,0.95,4.31,0.084,0.381,0.033,0.134,50.74,41.67
"2021-06-05 20:00:00",500,11.95,401,0,0.731,0.6,2.9,0.054,0.257,0.009,0.045,50.7,40.64
"2021-06-05 20:30:00",501,11.95,401,0,0.361,0.25,1.48,0.022,0.131,-0.013,-0.046,50.56,40.34
"2021-06-05 21:00:00",502,11.95,401,0,0.154,0.05,0.69,0.005,0.061,-0.022,-0.095,50,39.26
"2021-06-05 21:30:00",503,11.94,401,0,0.062,-0.02,0.32,-0.002,0.028,-0.031,-0.117,50.41,39.51
"2021-06-05 22:00:00",504,11.94,401,0,0.003,-0.07,0.09,-0.007,0.008,-0.033,-0.13,51.11,38.97
"2021-06-05 22:30:00",505,11.94,401,0,-0.029,-0.12,-0.02,-0.012,-0.003,-0.035,-0.136,51.13,39.83
"2021-06-05 23:00:00",506,11.93,401,0,-0.056,-0.12,-0.15,-0.012,-0.014,-0.039,-0.148,51.39,39.51
"2021-06-05 23:30:00",507,11.93,401,0,-0.069,-0.12,-0.21,-0.012,-0.019,-0.037,-0.148,50.35,38.63
"2021-06-06 00:00:00",508,11.93,401,0,-0.056,-0.12,-0.15,-0.012,-0.014,-0.037,-0.148,51.07,38.11
"2021-06-06 00:30:00",509,11.92,401,0,-0.081,-0.15,-0.24,-0.014,-0.022,-0.037,-0.15,50.97,38.84
"2021-06-06 01:00:00",510,11.92,401,0,-0.098,-0.2,-0.27,-0.019,-0.025,-0.041,-0.152,50.88,39.31
"2021-06-06 01:30:00",511,11.92,401,0,-0.111,-0.23,-0.3,-0.021,-0.028,-0.044,-0.157,51.27,39.55
"2021-06-06 02:00:00",512,11.92,401,0,-0.094,-0.18,-0.27,-0.016,-0.025,-0.041,-0.153,51.37,38.82
"2021-06-06 02:30:00",513,11.92,401,0,-0.094,-0.18,-0.27,-0.017,-0.025,-0.04,-0.153,50.69,39.39
"2021-06-06 03:00:00",514,11.91,401,0,-0.081,-0.15,-0.24,-0.014,-0.022,-0.042,-0.156,51.08,39.61
"2021-06-06 03:30:00",515,11.91,401,0,-0.081,-0.15,-0.24,-0.014,-0.022,-0.039,-0.153,52.11,38.31
"2021-06-06 04:00:00",516,11.91,401,0,-0.082,-0.18,-0.21,-0.017,-0.02,-0.042,-0.149,51.69,38.88
"2021-06-06 04:30:00",517,11.91,401,0,-0.085,-0.13,-0.28,-0.012,-0.025,-0.038,-0.154,50.41,38.27
"2021-06-06 05:00:00",518,11.9,401,0,-0.09,-0.18,-0.25,-0.017,-0.023,-0.04,-0.152,51.23,38.68
"2021-06-06 05:30:00",519,11.9,401,0,-0.096,-0.15,-0.31,-0.014,-0.028,-0.039,-0.156,51.81,38.84
"2021-06-06 06:00:00",520,11.9,401,0,-0.094,-0.18,-0.27,-0.017,-0.025,-0.039,-0.156,51.34,39.36
"2021-06-06 06:30:00",521,11.9,401,0,-0.019,-0.12,0.03,-0.012,0.003,-0.035,-0.136,51.28,39.15
"2021-06-06 07:00:00",522,11.89,401,0,0.191,0.08,0.84,0.007,0.074,-0.019,-0.084,51.8,39.92
"2021-06-06 07:30:00",523,11.89,401,0,0.461,0.35,1.86,0.031,0.165,0.002,-0.013,53.46,40.5
"2021-06-06 08:00:00",524,11.89,401,0,0.722,0.51,2.95,0.045,0.261,0.013,0.06,53.91,41.78
"2021-06-06 08:30:00",525,11.92,401,0,1.068,0.94,4.17,0.083,0.369,0.04,0.135,53.13,41.83
"2021-06-06 09:00:00",526,11.92,401,0,1.347,1.17,5.28,0.104,0.467,0.06,0.214,54.96,41.73
"2021-06-06 09:30:00",527,11.9,401,0,1.663,1.47,6.49,0.13,0.574,0.077,0.295,54.46,40.93
"2021-06-06 10:00:00",528,11.9,401,0,1.888,1.8,7.23,0.16,0.64,0.115,0.349,55.97,40.93
"2021-06-06 10:30:00",529,11.93,401,0,2.309,2.28,8.76,0.202,0.776,0.133,0.438,53.79,39.59
"2021-06-06 11:00:00",530,11.91,401,0,2.518,2.44,9.6,0.216,0.849,0.148,0.501,53.79,37.93
"2021-06-06 11:30:00",531,11.91,401,0,2.629,2.78,9.78,0.246,0.866,0.187,0.52,57.59,38.56
"2021-06-06 12:00:00",532,11.92,401,0,2.719,2.92,10.07,0.258,0.892,0.178,0.535,53.43,37.98
"2021-06-06 12:30:00",533,11.92,401,0,2.684,2.68,10.15,0.237,0.898,0.167,0.543,52.97,37.52
"2021-06-06 13:00:00",534,11.92,401,0,2.715,2.92,10.05,0.258,0.889,0.179,0.523,52.44,37.82
"2021-06-06 13:30:00",535,11.92,401,0,2.271,1.62,9.27,0.144,0.821,0.087,0.51,51.81,38.28
"2021-06-06 14:00:00",536,11.92,401,0,2.68,2.37,10.46,0.21,0.925,0.134,0.552,50.42,37.05
"2021-06-06 14:30:00",537,11.91,401,0,2.906,3.13,10.75,0.277,0.952,0.193,0.557,52.75,37.31
"2021-06-06 15:00:00",538,11.91,401,0,2.836,2.99,10.56,0.265,0.935,0.176,0.543,51.71,37.66
"2021-06-06 15:30:00",539,11.91,401,0,2.77,2.86,10.38,0.253,0.918,0.174,0.536,54.47,37.36
"2021-06-06 16:00:00",540,11.91,401,0,2.798,2.97,10.4,0.263,0.92,0.178,0.535,52.88,37.84
"2021-06-06 16:30:00",541,11.91,401,0,2.589,2.7,9.67,0.239,0.855,0.159,0.492,52.91,39.12
"2021-06-06 17:00:00",542,11.91,401,0,2.511,2.55,9.45,0.226,0.836,0.147,0.467,51.2,38.24
"2021-06-06 17:30:00",543,11.9,401,0,2.345,2.33,8.88,0.206,0.786,0.131,0.429,52.34,40.47
"2021-06-06 18:00:00",544,11.9,401,0,2.043,1.99,7.78,0.176,0.689,0.107,0.371,52.85,39.48
"2021-06-06 18:30:00",545,11.9,401,0,1.756,1.69,6.71,0.15,0.594,0.086,0.294,52.9,40.77
"2021-06-06 19:00:00",546,11.9,401,0,1.482,1.39,5.7,0.123,0.504,0.06,0.22,51.6,40.46
"2021-06-06 19:30:00",547,11.89,401,0,1.078,0.95,4.21,0.084,0.373,0.031,0.125,51.55,40
"2021-06-06 20:00:00",548,11.89,401,0,0.67,0.5,2.71,0.044,0.24,-0.002,0.028,51.06,40.43
"2021-06-06 20:30:00",549,11.89,401,0,0.352,0.25,1.44,0.022,0.127,-0.018,-0.049,50.09,39.46
"2021-06-06 21:00:00",550,11.88,401,0,0.179,0.06,0.8,0.005,0.071,-0.025,-0.087,50.14,39.09
"2021-06-06 21:30:00",551,11.88,401,0,0.081,-0.02,0.41,-0.002,0.037,-0.031,-0.112,50.44,38.46
"2021-06-06 22:00:00",552,11.87,401,0,0.011,-0.1,0.16,-0.01,0.014,-0.038,-0.13,50.7,39.96
"2021-06-06 22:30:00",553,11.87,401,0,-0.032,-0.15,0,-0.014,0,-0.04,-0.141,51.28,39.56
"2021-06-06 23:00:00",554,11.86,401,0,-0.052,-0.13,-0.12,-0.012,-0.011,-0.04,-0.146,50.15,39.26
"2021-06-06 23:30:00",555,11.87,401,0,-0.069,-0.15,-0.18,-0.015,-0.017,-0.042,-0.154,50.91,39.35
"2021-06-07 00:00:00",556,11.86,401,0,-0.096,-0.18,-0.28,-0.017,-0.025,-0.042,-0.157,50.93,39.36
"2021-06-07 00:30:00",557,11.86,401,0,-0.103,-0.21,-0.28,-0.019,-0.026,-0.045,-0.155,50.2,38.06
"2021-06-07 01:00:00",558,11.86,401,0,-0.121,-0.21,-0.37,-0.019,-0.034,-0.044,-0.161,50.89,39.58
"2021-06-07 01:30:00",559,11.85,401,0,-0.098,-0.2,-0.27,-0.018,-0.025,-0.039,-0.151,51.55,39
"2021-06-07 02:00:00",560,11.85,401,0,-0.098,-0.17,-0.3,-0.016,-0.028,-0.039,-0.153,52.49,39.1
"2021-06-07 02:30:00",561,11.85,401,0,-0.088,-0.21,-0.21,-0.019,-0.019,-0.044,-0.147,50.3,38.32
"2021-06-07 03:00:00",562,11.84,401,0,-0.077,-0.13,-0.24,-0.012,-0.022,-0.042,-0.152,51.32,39.03
"2021-06-07 03:30:00",563,11.85,401,0,-0.109,-0.21,-0.31,-0.019,-0.028,-0.044,-0.153,51.2,39.63
"2021-06-07 04:00:00",564,11.84,401,0,-0.096,-0.18,-0.28,-0.017,-0.025,-0.04,-0.157,51.29,38.89
"2021-06-07 04:30:00",565,11.84,401,0,-0.102,-0.15,-0.34,-0.014,-0.031,-0.04,-0.16,50.63,39.57
"2021-06-07 05:00:00",566,11.84,401,0,-0.115,-0.21,-0.34,-0.019,-0.031,-0.042,-0.16,50.9,38.49
"2021-06-07 05:30:00",567,11.84,401,0,-0.121,-0.18,-0.4,-0.017,-0.037,-0.04,-0.165,51.27,39.28
"2021-06-07 06:00:00",568,11.83,401,0,-0.075,-0.15,-0.21,-0.014,-0.02,-0.04,-0.153,51.61,39.21
"2021-06-07 06:30:00",569,11.83,401,0,0.037,-0.07,0.25,-0.007,0.022,-0.031,-0.117,52.13,39.16
"2021-06-07 07:00:00",570,11.83,401,0,0.292,0.18,1.22,0.016,0.108,-0.013,-0.06,52.73,40.16
"2021-06-07 07:30:00",571,11.83,401,0,0.597,0.45,2.41,0.04,0.213,0.002,0.015,52.95,40.97
"2021-06-07 08:00:00",572,11.83,401,0,0.762,0.62,3.03,0.055,0.268,0.013,0.055,53.26,41.38
"2021-06-07 08:30:00",573,11.86,401,0,1.019,0.89,3.99,0.079,0.353,0.032,0.116,51.66,41.34
"2021-06-07 09:00:00",574,11.85,401,0,1.258,1.12,4.9,0.099,0.434,0.052,0.178,53.59,41.7
"2021-06-07 09:30:00",575,11.83,401,0,1.379,1.19,5.41,0.105,0.479,0.053,0.208,52.27,41.38
"2021-06-07 10:00:00",576,11.84,401,0,1.175,1.12,4.5,0.099,0.399,0.05,0.145,53.72,41.58
"2021-06-07 10:30:00",577,11.85,401,0,1.45,1.28,5.66,0.113,0.501,0.064,0.225,52.9,41.59
"2021-06-07 11:00:00",578,11.84,401,0,1.762,1.66,6.77,0.147,0.599,0.09,0.305,53.71,41.16
"2021-06-07 11:30:00",579,11.83,401,0,1.995,1.96,7.58,0.174,0.671,0.119,0.361,57.23,40.95
"2021-06-07 12:00:00",580,11.85,401,0,2.133,2.26,7.93,0.2,0.701,0.13,0.376,54.09,40.87
"2021-06-07 12:30:00",581,11.85,401,0,2.227,2.14,8.51,0.189,0.753,0.119,0.417,53.86,39.91
"2021-06-07 13:00:00",582,11.84,401,0,2.373,2.43,8.91,0.215,0.789,0.142,0.436,53.75,39.7
"2021-06-07 13:30:00",583,11.84,401,0,2.079,1.5,8.47,0.133,0.749,0.08,0.427,51.47,38.92
"2021-06-07 14:00:00",584,11.85,401,0,2.26,1.99,8.83,0.176,0.781,0.111,0.436,52.24,39.54
"2021-06-07 14:30:00",585,11.84,401,0,2.507,2.61,9.37,0.231,0.829,0.157,0.454,52.85,38.91
"2021-06-07 15:00:00",586,11.83,401,0,2.465,2.57,9.21,0.227,0.815,0.149,0.451,53.23,39.18
"2021-06-07 15:30:00",587,11.83,401,0,2.437,2.42,9.23,0.215,0.817,0.141,0.454,52.95,39.84
"2021-06-07 16:00:00",588,11.83,401,0,2.475,2.53,9.3,0.224,0.823,0.149,0.46,51.59,39.47
"2021-06-07 16:30:00",589,11.83,401,0,2.506,2.52,9.46,0.223,0.837,0.143,0.469,52.68,39.15
"2021-06-07 17:00:00",590,11.83,401,0,2.517,2.6,9.43,0.23,0.835,0.147,0.459,51.38,38.59
"2021-06-07 17:30:00",591,11.83,401,0,2.379,2.42,8.95,0.214,0.792,0.138,0.432,53.54,39.49
"2021-06-07 18:00:00",592,11.82,401,0,2.197,2.23,8.27,0.197,0.732,0.123,0.393,52.45,40.47
"2021-06-07 18:30:00",593,11.82,401,0,1.947,1.88,7.43,0.167,0.658,0.098,0.335,51.9,40.03
"2021-06-07 19:00:00",594,11.82,401,0,1.765,1.75,6.69,0.155,0.592,0.081,0.283,51.06,40.59
"2021-06-07 19:30:00",595,11.82,401,0,1.254,1.14,4.86,0.101,0.43,0.043,0.165,51.32,41.1
"2021-06-07 20:00:00",596,11.82,401,0,0.792,0.68,3.11,0.06,0.275,0.007,0.053,50.58,40.52
"2021-06-07 20:30:00",597,11.81,401,0,0.457,0.34,1.85,0.03,0.164,-0.009,-0.022,49.99,40.76
"2021-06-07 21:00:00",598,11.81,401,0,0.231,0.11,1,0.01,0.089,-0.025,-0.074,51.12,39.4
"2021-06-07 21:30:00",599,11.81,401,0,0.109,-0.02,0.55,-0.002,0.049,-0.029,-0.104,49.57,40.18
"2021-06-07 22:00:00",600,11.8,401,0,-0.013,-0.16,0.1,-0.015,0.009,-0.041,-0.131,51.59,40.02
"2021-06-07 22:30:00",601,11.8,401,0,-0.057,-0.18,-0.09,-0.017,-0.009,-0.042,-0.145,52.12,38.58
"2021-06-07 23:00:00",602,11.79,401,0,-0.082,-0.21,-0.18,-0.019,-0.017,-0.042,-0.145,50.52,39.47
"2021-06-07 23:30:00",603,11.79,401,0,-0.057,-0.18,-0.09,-0.016,-0.008,-0.042,-0.14,52.95,38.32
"2021-06-08 00:00:00",604,11.79,401,0,-0.058,-0.13,-0.15,-0.012,-0.014,-0.038,-0.149,50.89,38.18
"2021-06-08 00:30:00",605,11.79,401,0,-0.069,-0.18,-0.15,-0.017,-0.014,-0.041,-0.15,50.05,39.31
"2021-06-08 01:00:00",606,11.78,401,0,-0.088,-0.24,-0.18,-0.022,-0.017,-0.045,-0.148,51.44,39.04
"2021-06-08 01:30:00",607,11.78,401,0,-0.09,-0.18,-0.25,-0.017,-0.023,-0.041,-0.155,51.09,39.36
"2021-06-08 02:00:00",608,11.78,401,0,-0.115,-0.24,-0.31,-0.022,-0.029,-0.05,-0.157,50.82,39.51
"2021-06-08 02:30:00",609,11.78,401,0,-0.115,-0.24,-0.31,-0.022,-0.029,-0.045,-0.16,51.91,39.61
"2021-06-08 03:00:00",610,11.77,401,0,-0.142,-0.24,-0.44,-0.022,-0.04,-0.048,-0.167,50.94,38.8
"2021-06-08 03:30:00",611,11.77,401,0,-0.136,-0.21,-0.44,-0.02,-0.04,-0.048,-0.165,51.18,39.04
"2021-06-08 04:00:00",612,11.77,401,0,-0.157,-0.24,-0.51,-0.022,-0.046,-0.045,-0.167,50.63,38.75
"2021-06-08 04:30:00",613,11.77,401,0,-0.163,-0.24,-0.54,-0.022,-0.049,-0.048,-0.167,50.95,38.8
"2021-06-08 05:00:00",614,11.76,401,0,-0.157,-0.24,-0.51,-0.022,-0.046,-0.05,-0.17,51.63,37.99
"2021-06-08 05:30:00",615,11.76,401,0,-0.129,-0.18,-0.44,-0.017,-0.04,-0.043,-0.165,51.17,38.88
"2021-06-08 06:00:00",616,11.76,401,0,-0.109,-0.24,-0.28,-0.022,-0.026,-0.043,-0.154,50.87,39.3
"2021-06-08 06:30:00",617,11.76,401,0,0.083,-0.02,0.42,-0.002,0.037,-0.029,-0.11,51.58,40.54
"2021-06-08 07:00:00",618,11.76,401,0,0.3,0.19,1.25,0.017,0.11,-0.018,-0.057,52.75,39.62
"2021-06-08 07:30:00",619,11.76,401,0,0.524,0.4,2.11,0.036,0.187,0,-0.002,52.47,41.42
"2021-06-08 08:00:00",620,11.75,401,0,0.793,0.64,3.16,0.057,0.28,0.011,0.064,52.54,41.64
"2021-06-08 08:30:00",621,11.76,401,0,0.926,0.84,3.59,0.075,0.318,0.03,0.09,54.18,40.96
"2021-06-08 09:00:00",622,11.77,401,0,1.166,1.01,4.57,0.089,0.404,0.038,0.155,53.5,41.52
"2021-06-08 09:30:00",623,11.77,401,0,1.465,1.35,5.66,0.12,0.501,0.064,0.226,52.62,40.9
"2021-06-08 10:00:00",624,11.77,401,0,1.599,1.53,6.12,0.136,0.542,0.074,0.254,51.74,40.85
"2021-06-08 10:30:00",625,11.78,401,0,1.645,1.53,6.34,0.136,0.561,0.075,0.27,53.64,42.34
"2021-06-08 11:00:00",626,11.77,401,0,1.849,1.86,6.98,0.164,0.617,0.101,0.309,53.02,41.56
"2021-06-08 11:30:00",627,11.77,401,0,1.824,1.81,6.91,0.16,0.611,0.095,0.301,52.76,41.05
"2021-06-08 12:00:00",628,11.76,401,0,1.763,1.69,6.74,0.15,0.596,0.083,0.29,52.36,40.22
"2021-06-08 12:30:00",629,11.77,401,0,1.747,1.63,6.73,0.144,0.596,0.088,0.294,54.11,40.89
"2021-06-08 13:00:00",630,11.77,401,0,1.995,1.99,7.55,0.176,0.668,0.112,0.345,53.65,40.27
"2021-06-08 13:30:00",631,11.77,401,0,1.91,1.13,8.04,0.1,0.711,0.061,0.416,52.03,40.47
"2021-06-08 14:00:00",632,11.77,401,0,2.349,2.15,9.09,0.19,0.804,0.121,0.453,51.77,38.4
"2021-06-08 14:30:00",633,11.76,401,0,2.578,2.65,9.67,0.234,0.856,0.149,0.469,51.24,38.54
"2021-06-08 15:00:00",634,11.76,401,0,2.639,2.76,9.85,0.245,0.872,0.164,0.487,53.08,38.72
"2021-06-08 15:30:00",635,11.76,401,0,2.587,2.7,9.66,0.239,0.855,0.154,0.48,52.45,38.92
"2021-06-08 16:00:00",636,11.76,401,0,2.489,2.48,9.42,0.219,0.834,0.149,0.471,53.31,38.28
"2021-06-08 16:30:00",637,11.75,401,0,2.493,2.85,9.05,0.252,0.801,0.15,0.432,50.94,39.38
"2021-06-08 17:00:00",638,11.75,401,0,2.197,2.29,8.21,0.203,0.727,0.118,0.373,51.4,39.69
"2021-06-08 17:30:00",639,11.75,401,0,2.026,1.95,7.74,0.173,0.685,0.112,0.366,53.7,39.75
"2021-06-08 18:00:00",640,11.75,401,0,1.908,1.96,7.16,0.174,0.633,0.097,0.311,51.56,40.68
"2021-06-08 18:30:00",641,11.74,401,0,1.7,1.6,6.53,0.142,0.578,0.08,0.276,52.35,40.21
"2021-06-08 19:00:00",642,11.74,401,0,1.652,1.56,6.34,0.139,0.561,0.077,0.261,52.49,41.87
"2021-06-08 19:30:00",643,11.74,401,0,1.352,1.26,5.21,0.111,0.461,0.052,0.192,51.37,40.63
"2021-06-08 20:00:00",644,11.74,401,0,0.965,0.85,3.77,0.075,0.334,0.025,0.098,51.61,40.46
"2021-06-08 20:30:00",645,11.73,401,0,0.591,0.46,2.37,0.04,0.209,-0.002,0.007,51.22,40.07
"2021-06-08 21:00:00",646,11.73,401,0,0.283,0.11,1.25,0.01,0.11,-0.023,-0.062,50.43,40.37
"2021-06-08 21:30:00",647,11.73,401,0,0.138,-0.02,0.69,-0.003,0.061,-0.032,-0.092,50.56,39.1
"2021-06-08 22:00:00",648,11.72,401,0,0.135,0,0.65,0,0.057,-0.043,-0.1,47.97,38.73
"2021-06-08 22:30:00",649,11.72,401,0,-0.138,-0.39,-0.26,-0.036,-0.024,-0.056,-0.155,50.37,38.39
"2021-06-08 23:00:00",650,11.72,401,0,-0.172,-0.27,-0.55,-0.024,-0.05,-0.048,-0.174,51.19,38.9
"2021-06-08 23:30:00",651,11.71,401,0,-0.212,-0.33,-0.68,-0.03,-0.061,-0.053,-0.179,50.51,38.53
"2021-06-09 00:00:00",652,11.71,401,0,-0.212,-0.33,-0.68,-0.03,-0.061,-0.053,-0.179,51.14,38.59
"2021-06-09 00:30:00",653,11.71,401,0,-0.199,-0.3,-0.65,-0.027,-0.058,-0.05,-0.179,50.84,38.7
"2021-06-09 01:00:00",654,11.7,401,0,-0.207,-0.27,-0.72,-0.025,-0.064,-0.048,-0.181,50.84,37.71
"2021-06-09 01:30:00",655,11.7,401,0,-0.203,-0.29,-0.68,-0.027,-0.061,-0.05,-0.178,51.51,38.95
"2021-06-09 02:00:00",656,11.7,401,0,-0.206,-0.35,-0.63,-0.031,-0.057,-0.052,-0.173,51.82,39.11
"2021-06-09 02:30:00",657,11.69,401,0,-0.19,-0.27,-0.64,-0.024,-0.057,-0.048,-0.176,51.72,38.9
"2021-06-09 03:00:00",658,11.7,401,0,-0.174,-0.29,-0.54,-0.027,-0.049,-0.052,-0.171,51.45,39.72
"2021-06-09 03:30:00",659,11.69,401,0,-0.176,-0.3,-0.54,-0.027,-0.049,-0.05,-0.17,50.93,40.45
"2021-06-09 04:00:00",660,11.69,401,0,-0.151,-0.27,-0.45,-0.025,-0.041,-0.05,-0.167,50.5,38.52
"2021-06-09 04:30:00",661,11.69,401,0,-0.138,-0.24,-0.42,-0.022,-0.038,-0.046,-0.164,51.24,38.68
"2021-06-09 05:00:00",662,11.69,401,0,-0.145,-0.27,-0.42,-0.025,-0.038,-0.051,-0.159,51.75,38.22
"2021-06-09 05:30:00",663,11.69,401,0,-0.113,-0.22,-0.32,-0.02,-0.029,-0.044,-0.156,51.35,39.21
"2021-06-09 06:00:00",664,11.68,401,0,-0.052,-0.16,-0.09,-0.015,-0.009,-0.041,-0.142,51.13,39.98
"2021-06-09 06:30:00",665,11.68,401,0,0.091,-0.05,0.49,-0.005,0.043,-0.032,-0.104,51.83,40.52
"2021-06-09 07:00:00",666,11.68,401,0,0.202,0.08,0.89,0.007,0.079,-0.023,-0.079,50.62,39.05
"2021-06-09 07:30:00",667,11.68,401,0,0.276,0.11,1.22,0.01,0.108,-0.023,-0.06,51.24,40.5
"2021-06-09 08:00:00",668,11.67,401,0,0.515,0.38,2.09,0.034,0.185,-0.002,-0.007,52.94,41.07
"2021-06-09 08:30:00",669,11.7,401,0,0.823,0.72,3.22,0.064,0.285,0.02,0.07,53.63,42.06
"2021-06-09 09:00:00",670,11.68,401,0,0.931,0.76,3.7,0.067,0.327,0.025,0.097,52.64,41.18
"2021-06-09 09:30:00",671,11.67,401,0,0.997,0.91,3.86,0.08,0.341,0.029,0.108,53.25,41.79
"2021-06-09 10:00:00",672,11.68,401,0,1.126,1.01,4.38,0.089,0.388,0.04,0.148,52.05,42.14
"2021-06-09 10:30:00",673,11.68,401,0,1.315,1.25,5.04,0.111,0.446,0.051,0.186,52.16,42.1
"2021-06-09 11:00:00",674,11.68,401,0,1.488,1.4,5.72,0.124,0.506,0.073,0.23,53.72,41.58
"2021-06-09 11:30:00",675,11.69,401,0,1.721,1.72,6.51,0.152,0.577,0.085,0.275,53.23,41.51
"2021-06-09 12:00:00",676,11.69,401,0,1.773,1.7,6.78,0.15,0.6,0.089,0.299,53.88,41.17
"2021-06-09 12:30:00",677,11.69,401,0,1.86,1.88,7.01,0.167,0.62,0.094,0.305,52.98,41.11
"2021-06-09 13:00:00",678,11.68,401,0,1.874,1.86,7.1,0.165,0.628,0.094,0.309,52.69,40.55
"2021-06-09 13:30:00",679,11.68,401,0,2.039,1.99,7.76,0.176,0.687,0.122,0.357,55.58,40.8
"2021-06-09 14:00:00",680,11.68,401,0,2.229,2.34,8.31,0.207,0.735,0.124,0.389,53.14,39.76
"2021-06-09 14:30:00",681,11.68,401,0,2.067,2.12,7.76,0.187,0.687,0.113,0.358,53.86,40.64
"2021-06-09 15:00:00",682,11.68,401,0,2.084,2.13,7.83,0.189,0.693,0.119,0.362,52.77,40.63
"2021-06-09 15:30:00",683,11.67,401,0,2.13,2.2,7.98,0.195,0.706,0.118,0.366,52.63,40.33
"2021-06-09 16:00:00",684,11.67,401,0,2.232,2.21,8.46,0.196,0.749,0.128,0.399,54.24,40.29
"2021-06-09 16:30:00",685,11.66,401,0,2.057,2.18,7.65,0.193,0.678,0.106,0.338,50.92,40.03
"2021-06-09 17:00:00",686,11.66,401,0,1.38,1.32,5.28,0.117,0.467,0.056,0.185,52.3,40.84
"2021-06-09 17:30:00",687,11.66,401,0,1.401,1.34,5.36,0.119,0.474,0.053,0.181,51.05,40.15
"2021-06-09 18:00:00",688,11.65,401,0,0.708,0.59,2.8,0.052,0.248,0,0.028,49.43,41.6
"2021-06-09 18:30:00",689,11.65,401,0,0.005,-0.11,0.14,-0.011,0.012,-0.041,-0.136,49.38,37.91
"2021-06-09 19:00:00",690,11.65,401,0,-0.109,-0.22,-0.3,-0.021,-0.027,-0.047,-0.161,50.93,38.79
"2021-06-09 19:30:00",691,11.64,401,0,-0.149,-0.25,-0.46,-0.023,-0.042,-0.049,-0.168,51.05,39.32
"2021-06-09 20:00:00",692,11.64,401,0,-0.142,-0.22,-0.46,-0.02,-0.042,-0.046,-0.164,51.91,39.93
"2021-06-09 20:30:00",693,11.63,401,0,-0.17,-0.32,-0.49,-0.029,-0.044,-0.053,-0.169,52.02,39.88
"2021-06-09 21:00:00",694,11.63,401,0,-0.241,-0.36,-0.79,-0.032,-0.07,-0.056,-0.184,51.35,39.05
"2021-06-09 21:30:00",695,11.63,401,0,-0.255,-0.36,-0.86,-0.033,-0.077,-0.056,-0.187,50.89,38.48
"2021-06-09 22:00:00",696,11.63,401,0,-0.262,-0.39,-0.86,-0.035,-0.077,-0.058,-0.192,51.16,39.43
"2021-06-09 22:30:00",697,11.62,401,0,-0.283,-0.39,-0.96,-0.035,-0.086,-0.056,-0.192,51.15,38.33
"2021-06-09 23:00:00",698,11.62,401,0,-0.275,-0.42,-0.89,-0.038,-0.08,-0.059,-0.193,50.43,38.44
"2021-06-09 23:30:00",699,11.62,401,0,-0.283,-0.39,-0.96,-0.035,-0.086,-0.058,-0.197,51.97,38.59
"2021-06-10 00:00:00",700,11.62,401,0,-0.276,-0.39,-0.93,-0.035,-0.083,-0.059,-0.195,51.07,38.92
"2021-06-10 00:30:00",701,11.61,401,0,-0.262,-0.36,-0.89,-0.033,-0.08,-0.056,-0.191,51.58,38.6
"2021-06-10 01:00:00",702,11.61,401,0,-0.258,-0.41,-0.82,-0.038,-0.074,-0.056,-0.188,51.62,38.64
"2021-06-10 01:30:00",703,11.61,401,0,-0.247,-0.36,-0.82,-0.033,-0.074,-0.054,-0.188,51.88,39.17
"2021-06-10 02:00:00",704,11.61,401,0,-0.249,-0.33,-0.86,-0.03,-0.077,-0.054,-0.191,51.35,39.21
"2021-06-10 02:30:00",705,11.61,401,0,-0.255,-0.36,-0.86,-0.033,-0.077,-0.054,-0.19,51.5,38.94
"2021-06-10 03:00:00",706,11.6,401,0,-0.271,-0.44,-0.85,-0.039,-0.076,-0.058,-0.185,52.02,39.47
"2021-06-10 03:30:00",707,11.6,401,0,-0.245,-0.37,-0.8,-0.033,-0.071,-0.057,-0.188,50.9,38.75
"2021-06-10 04:00:00",708,11.6,401,0,-0.239,-0.37,-0.77,-0.033,-0.069,-0.054,-0.189,50.64,38.49
"2021-06-10 04:30:00",709,11.6,401,0,-0.236,-0.33,-0.8,-0.03,-0.072,-0.054,-0.187,51.31,39.17
"2021-06-10 05:00:00",710,11.6,401,0,-0.232,-0.34,-0.77,-0.031,-0.069,-0.057,-0.185,50.32,38.33
"2021-06-10 05:30:00",711,11.59,401,0,-0.219,-0.28,-0.77,-0.026,-0.069,-0.05,-0.185,51.32,38.34
"2021-06-10 06:00:00",712,11.59,401,0,-0.243,-0.36,-0.8,-0.033,-0.072,-0.057,-0.188,51.61,39.47
"2021-06-10 06:30:00",713,11.59,401,0,-0.195,-0.3,-0.63,-0.028,-0.057,-0.047,-0.177,51.3,39.32
"2021-06-10 07:00:00",714,11.58,401,0,-0.111,-0.24,-0.29,-0.022,-0.026,-0.041,-0.152,52.96,39.99
"2021-06-10 07:30:00",715,11.58,401,0,-0.09,-0.18,-0.25,-0.017,-0.023,-0.039,-0.147,52.4,40.83
"2021-06-10 08:00:00",716,11.58,401,0,-0.067,-0.16,-0.16,-0.015,-0.015,-0.04,-0.142,52.3,39.32
"2021-06-10 08:30:00",717,11.58,401,0,0,-0.1,0.1,-0.01,0.009,-0.035,-0.126,51.52,39.95
"2021-06-10 09:00:00",718,11.58,401,0,0.064,-0.05,0.36,-0.005,0.032,-0.035,-0.112,51.09,40.04
"2021-06-10 09:30:00",719,11.57,401,0,0.164,0.06,0.73,0.005,0.064,-0.026,-0.09,52.55,39.99
"2021-06-10 10:00:00",720,11.58,401,0,0.333,0.22,1.38,0.02,0.122,-0.012,-0.045,52.76,40.62
"2021-06-10 10:30:00",721,11.59,401,0,0.767,0.7,2.97,0.062,0.263,0.023,0.053,53.26,41.69
"2021-06-10 11:00:00",722,11.6,401,0,1.117,1.07,4.27,0.095,0.378,0.048,0.141,53.68,42.11
"2021-06-10 11:30:00",723,11.6,401,0,1.302,1.23,5,0.108,0.443,0.055,0.186,52.75,41.86
"2021-06-10 12:00:00",724,11.61,401,0,1.486,1.41,5.7,0.125,0.505,0.067,0.236,52.72,42.66
"2021-06-10 12:30:00",725,11.61,401,0,1.657,1.73,6.19,0.153,0.548,0.095,0.259,56.21,41.58
"2021-06-10 13:00:00",726,11.59,401,0,2.056,2.07,7.76,0.183,0.687,0.109,0.361,52.52,40.96
"2021-06-10 13:30:00",727,11.59,401,0,1.903,0.63,8.53,0.056,0.755,0.033,0.446,51.69,39.82
"2021-06-10 14:00:00",728,11.59,401,0,2.515,2.61,9.41,0.231,0.833,0.159,0.481,52.11,39.56
"2021-06-10 14:30:00",729,11.59,401,0,2.837,3.31,10.23,0.293,0.905,0.211,0.514,53.73,38.7
"2021-06-10 15:00:00",730,11.59,401,0,2.898,3.18,10.66,0.281,0.944,0.194,0.545,51.82,38.03
"2021-06-10 15:30:00",731,11.59,401,0,2.972,3.32,10.87,0.294,0.962,0.201,0.552,52.19,37.57
"2021-06-10 16:00:00",732,11.58,401,0,2.081,2.21,7.73,0.195,0.684,0.109,0.326,51.8,40.49
"2021-06-10 16:30:00",733,11.58,401,0,0.937,1.14,3.33,0.101,0.295,0.028,0.055,50.34,40.02
"2021-06-10 17:00:00",734,11.57,401,0,0.166,0.03,0.77,0.002,0.068,-0.025,-0.09,53.12,39.89
"2021-06-10 17:30:00",735,11.56,401,0,0.141,0,0.68,0,0.06,-0.026,-0.096,51.92,39.78
"2021-06-10 18:00:00",736,11.56,401,0,0.189,0.06,0.85,0.005,0.075,-0.026,-0.084,51.67,40.77
"2021-06-10 18:30:00",737,11.56,401,0,0.249,0.06,1.14,0.005,0.101,-0.034,-0.07,50.69,39.63
"2021-06-10 19:00:00",738,11.56,401,0,0.168,0.06,0.75,0.005,0.066,-0.028,-0.089,51.34,40.03
"2021-06-10 19:30:00",739,11.55,401,0,0.045,-0.05,0.27,-0.005,0.024,-0.036,-0.123,50.93,38.12
"2021-06-10 20:00:00",740,11.54,401,0,-0.042,-0.14,-0.06,-0.013,-0.006,-0.041,-0.14,51.55,39
"2021-06-10 20:30:00",741,11.55,401,0,-0.116,-0.29,-0.26,-0.026,-0.024,-0.048,-0.157,49.75,37.45
"2021-06-10 21:00:00",742,11.54,401,0,-0.181,-0.35,-0.51,-0.032,-0.046,-0.056,-0.17,50.78,39.31
"2021-06-10 21:30:00",743,11.54,401,0,-0.197,-0.32,-0.62,-0.029,-0.056,-0.051,-0.181,50.63,38.64
"2021-06-10 22:00:00",744,11.54,401,0,-0.215,-0.31,-0.72,-0.029,-0.065,-0.055,-0.183,50.06,39.58
"2021-06-10 22:30:00",745,11.53,401,0,-0.256,-0.4,-0.82,-0.037,-0.073,-0.058,-0.185,51.72,38.33
"2021-06-10 23:00:00",746,11.53,401,0,-0.275,-0.43,-0.88,-0.039,-0.079,-0.062,-0.195,51.56,38.59
"2021-06-10 23:30:00",747,11.52,401,0,-0.27,-0.37,-0.92,-0.034,-0.082,-0.06,-0.193,51.36,38.38
"2021-06-11 00:00:00",748,11.52,401,0,-0.283,-0.4,-0.95,-0.036,-0.085,-0.058,-0.195,50.92,38.2
"2021-06-11 00:30:00",749,11.52,401,0,-0.297,-0.43,-0.99,-0.039,-0.088,-0.06,-0.202,52.3,40.31
"2021-06-11 01:00:00",750,11.51,401,0,-0.291,-0.4,-0.99,-0.036,-0.088,-0.058,-0.2,50.94,38.95
"2021-06-11 01:30:00",751,11.51,401,0,-0.297,-0.43,-0.99,-0.039,-0.088,-0.06,-0.198,51.19,38.22
"2021-06-11 02:00:00",752,11.51,401,0,-0.284,-0.37,-0.99,-0.034,-0.088,-0.058,-0.198,51.57,38.75
"2021-06-11 02:30:00",753,11.51,401,0,-0.289,-0.43,-0.95,-0.039,-0.085,-0.063,-0.198,52.29,38.07
"2021-06-11 03:00:00",754,11.5,401,0,-0.278,-0.37,-0.96,-0.034,-0.085,-0.055,-0.196,51.58,38.18
"2021-06-11 03:30:00",755,11.5,401,0,-0.297,-0.43,-0.99,-0.039,-0.088,-0.06,-0.196,50.67,38.11
"2021-06-11 04:00:00",756,11.5,401,0,-0.297,-0.4,-1.02,-0.036,-0.091,-0.058,-0.198,51.77,38.8
"2021-06-11 04:30:00",757,11.5,401,0,-0.291,-0.37,-1.02,-0.034,-0.091,-0.055,-0.201,51.16,38.6
"2021-06-11 05:00:00",758,11.49,401,0,-0.31,-0.46,-1.02,-0.041,-0.091,-0.06,-0.199,50.38,39.06
"2021-06-11 05:30:00",759,11.49,401,0,-0.283,-0.4,-0.95,-0.036,-0.085,-0.058,-0.194,51.23,39.08
"2021-06-11 06:00:00",760,11.49,401,0,-0.289,-0.4,-0.98,-0.036,-0.088,-0.058,-0.198,51.64,39.49
"2021-06-11 06:30:00",761,11.49,401,0,-0.283,-0.4,-0.95,-0.037,-0.085,-0.056,-0.192,52.28,40.28
"2021-06-11 07:00:00",762,11.49,401,0,-0.291,-0.4,-0.99,-0.037,-0.089,-0.061,-0.195,52.4,39.27
"2021-06-11 07:30:00",763,11.48,401,0,-0.27,-0.37,-0.92,-0.033,-0.082,-0.058,-0.199,52.29,38.33
"2021-06-11 08:00:00",764,11.48,401,0,-0.256,-0.4,-0.82,-0.037,-0.073,-0.058,-0.19,51.67,38.28
"2021-06-11 08:30:00",765,11.48,401,0,-0.27,-0.37,-0.92,-0.034,-0.083,-0.058,-0.193,52.33,39.21
"2021-06-11 09:00:00",766,11.47,401,0,-0.266,-0.38,-0.89,-0.034,-0.08,-0.058,-0.19,51.37,39.64
"2021-06-11 09:30:00",767,11.47,401,0,-0.249,-0.37,-0.82,-0.034,-0.073,-0.056,-0.188,51.04,39.47
"2021-06-11 10:00:00",768,11.47,401,0,-0.291,-0.43,-0.96,-0.039,-0.086,-0.058,-0.196,51.82,38.43
"2021-06-11 10:30:00",769,11.47,401,0,-0.278,-0.34,-0.99,-0.031,-0.089,-0.058,-0.198,52.41,40.52
"2021-06-11 11:00:00",770,11.46,401,0,-0.279,-0.44,-0.89,-0.04,-0.08,-0.061,-0.189,50.95,40.05
"2021-06-11 11:30:00",771,11.46,401,0,-0.289,-0.38,-1,-0.034,-0.089,-0.061,-0.199,51.83,39.27
"2021-06-11 12:00:00",772,11.46,401,0,-0.265,-0.34,-0.93,-0.031,-0.083,-0.053,-0.193,52.34,38.8
"2021-06-11 12:30:00",773,11.46,401,0,-0.29,-0.35,-1.04,-0.032,-0.093,-0.056,-0.204,51.36,38.96
"2021-06-11 13:00:00",774,11.45,401,0,-0.305,-0.35,-1.11,-0.031,-0.099,-0.054,-0.204,50.99,40.77
"2021-06-11 13:30:00",775,11.45,401,0,-0.318,-0.41,-1.11,-0.037,-0.099,-0.059,-0.205,51.73,39.43
"2021-06-11 14:00:00",776,11.45,401,0,-0.318,-0.41,-1.11,-0.037,-0.099,-0.061,-0.205,52.53,38.99
"2021-06-11 14:30:00",777,11.44,401,0,-0.308,-0.43,-1.04,-0.039,-0.093,-0.063,-0.2,50.41,39.1
"2021-06-11 15:00:00",778,11.45,401,0,-0.331,-0.47,-1.11,-0.042,-0.099,-0.064,-0.199,51.73,39.84
"2021-06-11 15:30:00",779,11.44,401,0,-0.312,-0.41,-1.08,-0.037,-0.096,-0.062,-0.203,51.66,38.95
"2021-06-11 16:00:00",780,11.44,401,0,-0.31,-0.44,-1.04,-0.04,-0.093,-0.062,-0.203,51.82,39.01
"2021-06-11 16:30:00",781,11.44,401,0,-0.318,-0.41,-1.11,-0.037,-0.099,-0.059,-0.203,51.76,39.62
"2021-06-11 17:00:00",782,11.43,401,0,-0.324,-0.44,-1.11,-0.04,-0.099,-0.064,-0.205,50.94,38.8
"2021-06-11 17:30:00",783,11.43,401,0,-0.327,-0.44,-1.12,-0.04,-0.1,-0.062,-0.206,51.61,39.73
"2021-06-11 18:00:00",784,11.43,401,0,-0.305,-0.38,-1.08,-0.035,-0.097,-0.06,-0.204,50.94,38.8
"2021-06-11 18:30:00",785,11.42,401,0,-0.299,-0.38,-1.05,-0.035,-0.094,-0.054,-0.202,50.79,39.06
"2021-06-11 19:00:00",786,11.42,401,0,-0.32,-0.44,-1.09,-0.04,-0.097,-0.062,-0.207,52.08,39.94
"2021-06-11 19:30:00",787,11.42,401,0,-0.331,-0.45,-1.13,-0.04,-0.101,-0.062,-0.208,52.6,37.3
"2021-06-11 20:00:00",788,11.41,401,0,-0.308,-0.41,-1.06,-0.037,-0.094,-0.059,-0.207,50.77,39.88
"2021-06-11 20:30:00",789,11.41,401,0,-0.301,-0.35,-1.09,-0.032,-0.097,-0.059,-0.207,51.31,38.75
"2021-06-11 21:00:00",790,11.41,401,0,-0.301,-0.35,-1.09,-0.032,-0.098,-0.055,-0.21,50.9,39.32
"2021-06-11 21:30:00",791,11.41,401,0,-0.327,-0.44,-1.12,-0.04,-0.1,-0.062,-0.212,51.4,39.84
"2021-06-11 22:00:00",792,11.4,401,0,-0.314,-0.41,-1.09,-0.038,-0.098,-0.062,-0.203,51.68,38.54
"2021-06-11 22:30:00",793,11.4,401,0,-0.328,-0.41,-1.16,-0.037,-0.104,-0.059,-0.211,51.73,40.26
"2021-06-11 23:00:00",794,11.4,401,0,-0.327,-0.44,-1.12,-0.04,-0.1,-0.062,-0.208,51.12,39.12
"2021-06-11 23:30:00",795,11.4,401,0,-0.329,-0.44,-1.13,-0.04,-0.101,-0.065,-0.203,50.87,39.4
"2021-06-12 00:00:00",796,11.39,401,0,-0.324,-0.42,-1.13,-0.038,-0.101,-0.062,-0.208,52.51,38.97
"2021-06-12 00:30:00",797,11.39,401,0,-0.309,-0.39,-1.09,-0.035,-0.098,-0.06,-0.206,51.57,39.43
"2021-06-12 01:00:00",798,11.38,401,0,-0.325,-0.45,-1.1,-0.041,-0.098,-0.065,-0.207,51.3,38.9
"2021-06-12 01:30:00",799,11.38,401,0,-0.32,-0.44,-1.09,-0.04,-0.098,-0.06,-0.209,51.72,39.16
"2021-06-12 02:00:00",800,11.37,401,0,-0.318,-0.42,-1.1,-0.038,-0.098,-0.063,-0.207,50.63,38.34
"2021-06-12 02:30:00",801,11.38,401,0,-0.318,-0.42,-1.1,-0.038,-0.098,-0.06,-0.207,51.57,39.58
"2021-06-12 03:00:00",802,11.37,401,0,-0.318,-0.42,-1.1,-0.038,-0.098,-0.062,-0.209,51.58,38.44
"2021-06-12 03:30:00",803,11.36,401,0,-0.325,-0.45,-1.1,-0.04,-0.098,-0.062,-0.207,51.17,39.18
"2021-06-12 04:00:00",804,11.36,401,0,-0.318,-0.42,-1.1,-0.038,-0.098,-0.06,-0.207,51.99,38.44
"2021-06-12 04:30:00",805,11.36,401,0,-0.311,-0.39,-1.1,-0.035,-0.098,-0.058,-0.207,51.66,40.1
"2021-06-12 05:00:00",806,11.36,401,0,-0.316,-0.45,-1.06,-0.041,-0.095,-0.063,-0.205,51.26,39.69
"2021-06-12 05:30:00",807,11.35,401,0,-0.32,-0.39,-1.14,-0.035,-0.102,-0.06,-0.205,52.54,39
"2021-06-12 06:00:00",808,11.35,401,0,-0.318,-0.42,-1.1,-0.038,-0.098,-0.063,-0.21,52.35,39.22
"2021-06-12 06:30:00",809,11.35,401,0,-0.311,-0.39,-1.1,-0.035,-0.098,-0.06,-0.205,52.46,38.65
"2021-06-12 07:00:00",810,11.34,401,0,-0.318,-0.45,-1.07,-0.04,-0.095,-0.065,-0.2,50.85,38.86
"2021-06-12 07:30:00",811,11.34,401,0,-0.289,-0.39,-0.99,-0.035,-0.089,-0.058,-0.195,51.99,39.85
"2021-06-12 08:00:00",812,11.34,401,0,-0.256,-0.38,-0.84,-0.035,-0.076,-0.062,-0.192,51.23,39.25
"2021-06-12 08:30:00",813,11.33,401,0,-0.237,-0.39,-0.74,-0.035,-0.066,-0.058,-0.179,52.82,39.01
"2021-06-12 09:00:00",814,11.33,401,0,-0.226,-0.33,-0.75,-0.03,-0.067,-0.054,-0.18,51.2,38.38
"2021-06-12 09:30:00",815,11.33,401,0,-0.297,-0.42,-1,-0.038,-0.09,-0.06,-0.201,51.61,38.79
"2021-06-12 10:00:00",816,11.32,401,0,-0.263,-0.35,-0.91,-0.032,-0.082,-0.055,-0.197,52.18,40.87
"2021-06-12 10:30:00",817,11.32,401,0,-0.244,-0.29,-0.88,-0.027,-0.079,-0.052,-0.19,52.19,40.04
"2021-06-12 11:00:00",818,11.33,401,0,-0.087,-0.28,-0.13,-0.026,-0.012,-0.043,-0.136,53.58,41.28
"2021-06-12 11:30:00",819,11.35,401,0,0.438,0.33,1.77,0.029,0.157,-0.007,-0.022,53.52,43.04
"2021-06-12 12:00:00",820,11.33,401,0,0.863,0.75,3.38,0.067,0.299,0.013,0.077,50.63,40.56
"2021-06-12 12:30:00",821,11.32,401,0,1.016,1.12,3.73,0.1,0.33,0.044,0.097,53.69,42.79
"2021-06-12 13:00:00",822,11.35,401,0,1.509,1.38,5.84,0.122,0.516,0.069,0.246,56.18,41.29
"2021-06-12 13:30:00",823,11.33,401,0,1.55,0.6,6.86,0.053,0.607,0.034,0.334,53.45,41.3
"2021-06-12 14:00:00",824,11.34,401,0,1.799,1.01,7.63,0.089,0.675,0.047,0.381,51.56,40.67
"2021-06-12 14:30:00",825,11.33,401,0,2.27,2.49,8.35,0.22,0.739,0.142,0.385,54.24,40.03
"2021-06-12 15:00:00",826,11.32,401,0,2.238,2.4,8.29,0.212,0.734,0.14,0.384,54.68,40.04
"2021-06-12 15:30:00",827,11.32,401,0,2.523,2.73,9.32,0.242,0.825,0.172,0.459,55.81,38.94
"2021-06-12 16:00:00",828,11.31,401,0,2.631,2.95,9.61,0.261,0.85,0.181,0.466,54.12,38.93
"2021-06-12 16:30:00",829,11.31,401,0,2.541,2.71,9.43,0.24,0.834,0.169,0.471,54.93,39.32
"2021-06-12 17:00:00",830,11.31,401,0,2.636,2.91,9.68,0.258,0.857,0.172,0.473,52.86,39.22
"2021-06-12 17:30:00",831,11.29,401,0,2.564,2.9,9.34,0.257,0.826,0.165,0.444,52.14,40.42
"2021-06-12 18:00:00",832,11.29,401,0,2.348,2.64,8.57,0.233,0.759,0.148,0.404,53.6,40.05
"2021-06-12 18:30:00",833,11.29,401,0,2.047,2.14,7.64,0.19,0.677,0.12,0.342,53.45,41.3
"2021-06-12 19:00:00",834,11.29,401,0,1.85,1.98,6.86,0.175,0.607,0.1,0.284,52.43,39.45
"2021-06-12 19:30:00",835,11.28,401,0,1.542,1.59,5.78,0.141,0.512,0.072,0.217,51.83,41.19
"2021-06-12 20:00:00",836,11.28,401,0,1.104,1.08,4.2,0.095,0.372,0.038,0.12,51.68,41.04
"2021-06-12 20:30:00",837,11.27,401,0,0.698,0.61,2.73,0.054,0.241,0.005,0.023,51.9,41.41
"2021-06-12 21:00:00",838,11.26,401,0,0.372,0.31,1.47,0.028,0.13,-0.013,-0.046,52.78,39.8
"2021-06-12 21:30:00",839,11.27,401,0,0.196,0.09,0.85,0.008,0.075,-0.028,-0.09,51.64,40.73
"2021-06-12 22:00:00",840,11.25,401,0,0.072,-0.02,0.37,-0.003,0.032,-0.031,-0.116,52.53,39.81
"2021-06-12 22:30:00",841,11.25,401,0,-0.03,-0.18,0.04,-0.017,0.003,-0.043,-0.135,51.62,39.63
"2021-06-12 23:00:00",842,11.25,401,0,-0.073,-0.18,-0.17,-0.017,-0.016,-0.044,-0.146,52.11,39.54
"2021-06-12 23:30:00",843,11.25,401,0,-0.134,-0.24,-0.4,-0.022,-0.036,-0.052,-0.162,50.71,39.39
"2021-06-13 00:00:00",844,11.23,401,0,-0.193,-0.37,-0.55,-0.034,-0.049,-0.06,-0.17,51.39,39.5
"2021-06-13 00:30:00",845,11.24,401,0,-0.203,-0.31,-0.66,-0.028,-0.059,-0.057,-0.181,51.97,39.66
"2021-06-13 01:00:00",846,11.22,401,0,-0.224,-0.37,-0.7,-0.033,-0.062,-0.057,-0.182,52.28,38.62
"2021-06-13 01:30:00",847,11.22,401,0,-0.222,-0.37,-0.69,-0.033,-0.062,-0.054,-0.181,51.55,38.98
"2021-06-13 02:00:00",848,11.21,401,0,-0.224,-0.34,-0.73,-0.031,-0.066,-0.057,-0.184,51.28,40.38
"2021-06-13 02:30:00",849,11.21,401,0,-0.253,-0.37,-0.84,-0.033,-0.076,-0.059,-0.19,51.5,38.52
"2021-06-13 03:00:00",850,11.2,401,0,-0.262,-0.37,-0.88,-0.034,-0.079,-0.06,-0.193,51.94,39.62
"2021-06-13 03:30:00",851,11.19,401,0,-0.281,-0.41,-0.93,-0.037,-0.083,-0.06,-0.196,51.23,39.5
"2021-06-13 04:00:00",852,11.2,401,0,-0.3,-0.47,-0.96,-0.043,-0.086,-0.066,-0.194,50.93,38.78
"2021-06-13 04:30:00",853,11.19,401,0,-0.278,-0.4,-0.93,-0.037,-0.083,-0.06,-0.195,52.44,38.47
"2021-06-13 05:00:00",854,11.18,401,0,-0.293,-0.44,-0.96,-0.039,-0.086,-0.06,-0.195,51.51,38.68
"2021-06-13 05:30:00",855,11.18,401,0,-0.293,-0.4,-1,-0.037,-0.09,-0.063,-0.2,51.29,38.46
"2021-06-13 06:00:00",856,11.17,401,0,-0.298,-0.46,-0.96,-0.042,-0.086,-0.063,-0.198,52.73,38.51
"2021-06-13 06:30:00",857,11.18,401,0,-0.285,-0.4,-0.96,-0.036,-0.086,-0.063,-0.2,51,39.01
"2021-06-13 07:00:00",858,11.16,401,0,-0.298,-0.46,-0.96,-0.042,-0.086,-0.062,-0.195,52.15,39.01
"2021-06-13 07:30:00",859,11.15,401,0,-0.237,-0.36,-0.77,-0.033,-0.069,-0.057,-0.184,52.92,40.21
"2021-06-13 08:00:00",860,11.15,401,0,-0.134,-0.24,-0.4,-0.022,-0.036,-0.049,-0.162,52.87,39.22
"2021-06-13 08:30:00",861,11.17,401,0,0.096,-0.11,0.58,-0.011,0.051,-0.038,-0.096,53.29,40.57
"2021-06-13 09:00:00",862,11.17,401,0,0.457,0.34,1.85,0.03,0.164,-0.005,-0.01,54,40.77
"2021-06-13 09:30:00",863,11.15,401,0,0.936,0.81,3.67,0.072,0.325,0.03,0.102,54.79,42.49
"2021-06-13 10:00:00",864,11.16,401,0,1.431,1.42,5.42,0.126,0.48,0.079,0.221,56.27,42.22
"2021-06-13 10:30:00",865,11.19,401,0,1.945,2.11,7.18,0.186,0.636,0.119,0.326,54.52,41.81
"2021-06-13 11:00:00",866,11.16,401,0,2.074,2.16,7.75,0.192,0.686,0.127,0.367,56.54,40.66
"2021-06-13 11:30:00",867,11.15,401,0,2.261,2.42,8.38,0.214,0.742,0.151,0.413,56.05,40.85
"2021-06-13 12:00:00",868,11.19,401,0,2.428,2.75,8.84,0.243,0.782,0.172,0.457,54.25,40.04
"2021-06-13 12:30:00",869,11.17,401,0,2.441,2.8,8.85,0.248,0.783,0.174,0.422,55.17,40.54
"2021-06-13 13:00:00",870,11.17,401,0,2.425,2.87,8.7,0.254,0.77,0.171,0.42,55.59,40.29
"2021-06-13 13:30:00",871,11.18,401,0,1.738,0.16,8.23,0.015,0.729,0.018,0.454,52.74,41.17
"2021-06-13 14:00:00",872,11.19,401,0,2.703,3.53,9.35,0.312,0.827,0.222,0.48,58.53,39.34
"2021-06-13 14:30:00",873,11.16,401,0,2.712,3.06,9.89,0.271,0.875,0.184,0.491,53.52,38.63
"2021-06-13 15:00:00",874,11.15,401,0,2.696,3.04,9.83,0.269,0.87,0.18,0.483,53.01,39.47
"2021-06-13 15:30:00",875,11.14,401,0,2.651,2.9,9.76,0.257,0.863,0.173,0.48,53.88,39.52
"2021-06-13 16:00:00",876,11.13,401,0,2.572,2.85,9.43,0.252,0.835,0.169,0.467,54.31,39.68
"2021-06-13 16:30:00",877,11.12,401,0,2.619,2.99,9.51,0.264,0.842,0.174,0.47,52.53,39.4
"2021-06-13 17:00:00",878,11.11,401,0,2.532,2.83,9.26,0.251,0.82,0.158,0.44,54.03,39.56
"2021-06-13 17:30:00",879,11.11,401,0,2.378,2.59,8.77,0.229,0.777,0.147,0.409,51.72,39.99
"2021-06-13 18:00:00",880,11.1,401,0,2.182,2.39,8.03,0.212,0.711,0.136,0.365,52.9,41.02
"2021-06-13 18:30:00",881,11.09,401,0,1.891,2.1,6.93,0.186,0.614,0.1,0.285,51.09,41.44
"2021-06-13 19:00:00",882,11.08,401,0,1.427,1.43,5.39,0.127,0.477,0.062,0.191,52.12,41.9
"2021-06-13 19:30:00",883,11.07,401,0,1.146,1.13,4.35,0.1,0.385,0.036,0.123,51.94,40.62
"2021-06-13 20:00:00",884,11.06,401,0,0.769,0.71,2.97,0.063,0.263,0.011,0.038,52.19,41.96
"2021-06-13 20:30:00",885,11.06,401,0,0.457,0.37,1.82,0.033,0.161,-0.014,-0.027,52.15,40.42
"2021-06-13 21:00:00",886,11.06,401,0,0.204,0.07,0.91,0.006,0.08,-0.027,-0.08,52.26,40.53
"2021-06-13 21:30:00",887,11.03,401,0,0.059,-0.06,0.35,-0.006,0.031,-0.038,-0.113,51.95,39.96
"2021-06-13 22:00:00",888,11.03,401,0,-0.04,-0.16,-0.03,-0.015,-0.004,-0.047,-0.142,51.51,38.95
"2021-06-13 22:30:00",889,11.01,401,0,-0.101,-0.29,-0.19,-0.027,-0.018,-0.052,-0.148,52.04,39.06
"2021-06-13 23:00:00",890,11.02,401,0,-0.143,-0.29,-0.39,-0.027,-0.035,-0.052,-0.157,52.19,39.37
"2021-06-13 23:30:00",891,10.99,401,0,-0.158,-0.32,-0.43,-0.03,-0.039,-0.052,-0.158,52.79,40.38
"2021-06-14 00:00:00",892,10.99,401,0,-0.168,-0.29,-0.51,-0.027,-0.046,-0.053,-0.164,51.31,39.33
"2021-06-14 00:30:00",893,10.99,401,0,-0.143,-0.29,-0.39,-0.027,-0.035,-0.047,-0.161,51.43,38.71
"2021-06-14 01:00:00",894,10.97,401,0,-0.176,-0.33,-0.51,-0.03,-0.046,-0.053,-0.168,51.13,38.98
"2021-06-14 01:30:00",895,10.97,401,0,-0.168,-0.33,-0.47,-0.03,-0.043,-0.056,-0.166,50.78,38.47
"2021-06-14 02:00:00",896,10.94,401,0,-0.168,-0.33,-0.47,-0.03,-0.043,-0.053,-0.163,51.69,38.71
"2021-06-14 02:30:00",897,10.93,401,0,-0.16,-0.33,-0.43,-0.03,-0.039,-0.057,-0.164,51.33,39.18
"2021-06-14 03:00:00",898,10.94,401,0,-0.168,-0.33,-0.47,-0.03,-0.043,-0.056,-0.168,52.47,39.91
"2021-06-14 03:30:00",899,10.91,401,0,-0.172,-0.34,-0.48,-0.031,-0.043,-0.055,-0.163,51.73,39.43
"2021-06-14 04:00:00",900,10.9,401,0,-0.191,-0.34,-0.57,-0.031,-0.051,-0.055,-0.173,52.33,39.19
"2021-06-14 04:30:00",901,10.9,401,0,-0.176,-0.31,-0.53,-0.028,-0.048,-0.055,-0.167,51.37,39.64
"2021-06-14 05:00:00",902,10.87,401,0,-0.151,-0.31,-0.41,-0.028,-0.037,-0.052,-0.162,51.23,38.92
"2021-06-14 05:30:00",903,10.87,401,0,-0.17,-0.31,-0.5,-0.029,-0.045,-0.053,-0.167,51.01,38.87
"2021-06-14 06:00:00",904,10.85,401,0,-0.153,-0.28,-0.45,-0.026,-0.041,-0.053,-0.168,51.45,39.29
"2021-06-14 06:30:00",905,10.83,401,0,-0.092,-0.2,-0.24,-0.019,-0.022,-0.047,-0.153,52.87,40.16
"2021-06-14 07:00:00",906,10.83,401,0,0.066,-0.06,0.38,-0.006,0.033,-0.035,-0.108,54.07,40
"2021-06-14 07:30:00",907,10.79,401,0,0.32,0.14,1.4,0.012,0.124,-0.017,-0.039,53.58,40.77
"2021-06-14 08:00:00",908,10.8,401,0,0.787,0.64,3.13,0.057,0.277,0.017,0.074,56.55,42.33
"2021-06-14 08:30:00",909,10.88,401,0,1.286,1.22,4.93,0.108,0.437,0.061,0.187,55.57,42.59
"2021-06-14 09:00:00",910,10.85,401,0,1.366,1.34,5.19,0.119,0.46,0.069,0.205,54.91,43.18
"2021-06-14 09:30:00",911,10.81,401,0,1.399,1.38,5.31,0.122,0.47,0.069,0.217,53.34,41.46
"2021-06-14 10:00:00",912,10.79,401,0,1.641,1.7,6.14,0.15,0.543,0.103,0.276,57.21,41.75
"2021-06-14 10:30:00",913,10.88,401,0,1.945,2.12,7.17,0.188,0.634,0.117,0.329,53.48,41.18
"2021-06-14 11:00:00",914,10.87,401,0,1.77,1.79,6.67,0.158,0.59,0.097,0.3,54.36,42.22
"2021-06-14 11:30:00",915,10.82,401,0,2.057,2.3,7.52,0.204,0.666,0.141,0.359,59.17,42.73
"2021-06-14 12:00:00",916,10.87,401,0,2.21,2.36,8.2,0.208,0.726,0.14,0.403,53.9,40.1
"2021-06-14 12:30:00",917,10.84,401,0,2.386,2.74,8.65,0.242,0.766,0.16,0.43,53.2,40.91
"2021-06-14 13:00:00",918,10.81,401,0,2.423,2.68,8.89,0.238,0.787,0.163,0.442,54.13,39.92
"2021-06-14 13:30:00",919,10.8,401,0,2.773,4.33,8.85,0.383,0.783,0.275,0.426,58.55,40.03
"2021-06-14 14:00:00",920,10.83,401,0,2.359,2.16,9.13,0.191,0.808,0.138,0.479,53.25,39.45
"2021-06-14 14:30:00",921,10.76,401,0,2.621,2.84,9.68,0.252,0.857,0.173,0.486,54.04,39.41
"2021-06-14 15:00:00",922,10.76,401,0,2.768,3.24,9.97,0.287,0.883,0.184,0.496,53.01,39.05
"2021-06-14 15:30:00",923,10.72,401,0,2.868,3.26,10.43,0.289,0.923,0.203,0.531,54.32,37.87
"2021-06-14 16:00:00",924,10.68,401,0,2.796,3.11,10.24,0.275,0.906,0.199,0.532,53.89,39.68
"2021-06-14 16:30:00",925,10.65,401,0,2.802,3.33,10.04,0.295,0.889,0.201,0.518,52.49,39.26
"2021-06-14 17:00:00",926,10.61,401,0,2.786,3.15,10.15,0.279,0.898,0.185,0.495,52.12,38.06
"2021-06-14 17:30:00",927,10.51,401,0,2.629,2.95,9.6,0.261,0.849,0.177,0.468,53.56,39.35
"2021-06-14 18:00:00",928,10.5,401,0,2.401,2.61,8.86,0.231,0.784,0.151,0.43,53.14,40.59
"2021-06-14 18:30:00",929,10.43,401,0,2.179,2.31,8.1,0.204,0.717,0.131,0.38,54.13,40.34
"2021-06-14 19:00:00",930,10.35,401,0,1.946,2,7.3,0.177,0.646,0.1,0.314,51.22,41.16
