"TOA5","CR300Series_402","CR300","27021","CR300-RF407.Std.10.03","CPU:CR300_sapflow.CR300","32345","Table1"
"TIMESTAMP","RECORD","BattV_Min","id","SDI0","SapFlwTot0","VhOuter0","VhInner0","AlphaOut0","AlphaIn0","BetaOut0","BetaIn0","tMaxTout0","tMaxTin0"
"TS","RN","Volts","","","literPerHour","heatVelocity","heatVelocity","logTRatio","logTRatio","logTRatio","logTRatio","second","second"
"","","Min","Smp","Smp","Smp","Smp","Smp","Smp","Smp","Smp","Smp","Smp","Smp"
"2024-05-01 16:00:00",0,12.73,402,0,0.727,3.19,5.69,0.282,0.503,0.265,0.418,59.57,54.16
"2024-05-01 16:30:00",1,12.73,402,0,0.76,3.76,5.47,0.332,0.484,0.316,0.399,65.89,55.59
"2024-05-01 17:00:00",2,12.73,402,0,0.66,2.71,5.38,0.24,0.476,0.234,0.388,64.14,56.69
"2024-05-01 17:30:00",3,12.72,402,0,0.646,2.92,4.96,0.258,0.439,0.25,0.364,65.92,55.61
"2024-05-01 18:00:00",4,12.72,402,0,0.603,2.81,4.53,0.249,0.401,0.233,0.329,61,53.95
"2024-05-01 18:30:00",5,12.72,402,0,0.464,2.08,3.58,0.184,0.317,0.182,0.273,60.84,55.02
"2024-05-01 19:00:00",6,12.73,402,0,0.419,1.94,3.16,0.172,0.279,0.155,0.21,55.08,50.23
"2024-05-01 19:30:00",7,12.72,402,0,0.264,0.99,2.26,0.088,0.2,0.067,0.123,48.63,45.92
"2024-05-01 20:00:00",8,12.72,402,0,0.164,0.6,1.42,0.053,0.126,0.031,0.055,49.36,43.79
"2024-05-01 20:30:00",9,12.71,402,0,0.08,0.22,0.78,0.019,0.069,0.006,0.017,50.82,43.61
"2024-05-01 21:00:00",10,12.71,402,0,0.045,0.04,0.53,0.003,0.047,-0.012,-0.003,52.39,44.77
"2024-05-01 21:30:00",11,12.7,402,0,0.018,-0.06,0.3,-0.006,0.027,-0.017,-0.01,52.91,45.02
"2024-05-01 22:00:00",12,12.69,402,0,0.012,-0.09,0.26,-0.009,0.023,-0.02,-0.02,52.35,44.47
"2024-05-01 22:30:00",13,12.69,402,0,-0.003,-0.19,0.17,-0.018,0.015,-0.025,-0.023,54.2,45.49
"2024-05-01 23:00:00",14,12.68,402,0,-0.009,-0.23,0.13,-0.021,0.011,-0.028,-0.02,53.38,45.09
"2024-05-01 23:30:00",15,12.68,402,0,-0.006,-0.19,0.13,-0.018,0.011,-0.169,-0.023,52.63,45.16
"2024-05-02 00:00:00",16,12.67,402,0,-0.012,-0.22,0.08,-0.021,0.007,-0.125,-0.026,54.1,46.22
"2024-05-02 00:30:00",17,12.67,402,0,-0.018,-0.22,0,-0.02,0,-0.028,-0.026,54.19,46.46
"2024-05-02 01:00:00",18,12.67,402,0,-0.015,-0.25,0.08,-0.023,0.007,-0.036,-0.029,53.3,46.9
"2024-05-02 01:30:00",19,12.66,402,0,-0.018,-0.25,0.04,-0.023,0.004,-0.036,-0.026,54.52,47.2
"2024-05-02 02:00:00",20,12.66,402,0,-0.018,-0.25,0.04,-0.023,0.004,-0.027,-0.029,54.02,47.62
"2024-05-02 02:30:00",21,12.66,402,0,-0.023,-0.25,-0.03,-0.023,-0.004,-0.033,-0.029,54.74,47.01
"2024-05-02 03:00:00",22,12.65,402,0,-0.021,-0.25,0,-0.023,0,-0.033,-0.026,55.14,46.84
"2024-05-02 03:30:00",23,12.65,402,0,-0.023,-0.24,-0.03,-0.022,-0.004,-0.03,-0.032,55.37,47.33
"2024-05-02 04:00:00",24,12.65,402,0,-0.018,-0.21,0,-0.02,0,-0.03,-0.026,55.4,47.51
"2024-05-02 04:30:00",25,12.65,402,0,-0.026,-0.28,-0.03,-0.025,-0.004,-0.03,-0.029,55.01,47.78
"2024-05-02 05:00:00",26,12.64,402,0,-0.023,-0.27,0,-0.025,0,-0.032,-0.029,55.66,47.93
"2024-05-02 05:30:00",27,12.64,402,0,-0.023,-0.27,0,-0.025,0,-0.027,-0.025,56.08,48.19
"2024-05-02 06:00:00",28,12.64,402,0,-0.025,-0.27,-0.03,-0.025,-0.003,-0.029,-0.029,55.39,47.35
"2024-05-02 06:30:00",29,12.64,402,0,-0.028,-0.27,-0.07,-0.024,-0.007,-0.032,-0.035,56.09,49.59
"2024-05-02 07:00:00",30,12.63,402,0,-0.024,-0.26,-0.03,-0.024,-0.003,-0.028,-0.031,57.12,48.42
"2024-05-02 07:30:00",31,12.64,402,0,-0.017,-0.2,0,-0.018,0,-0.023,-0.022,58.91,50.77
"2024-05-02 08:00:00",32,12.63,402,0,0.057,0.08,0.64,0.008,0.057,0.002,0.03,61,50.81
"2024-05-02 08:30:00",33,12.63,402,0,0.369,1.5,3.02,0.133,0.268,0.121,0.212,62.15,55.25
"2024-05-02 09:00:00",34,12.63,402,0,0.562,2.46,4.4,0.218,0.39,0.205,0.315,61.08,55.25
"2024-05-02 09:30:00",35,12.64,402,0,0.665,2.91,5.21,0.258,0.461,0.24,0.377,59.96,56.18
"2024-05-02 10:00:00",36,12.64,402,0,0.781,3.54,5.98,0.313,0.529,0.288,0.428,59.73,55.13
"2024-05-02 10:30:00",37,12.64,402,0,0.775,3.49,5.97,0.309,0.528,0.288,0.435,62.25,55.61
"2024-05-02 11:00:00",38,12.65,402,0,0.82,3.72,6.28,0.329,0.556,0.306,0.449,59.95,55.76
"2024-05-02 11:30:00",39,12.65,402,0,0.898,4.03,6.93,0.357,0.613,0.33,0.494,59.59,53.77
"2024-05-02 12:00:00",40,12.65,402,0,0.846,3.78,6.54,0.335,0.579,0.317,0.474,60.09,54.83
"2024-05-02 12:30:00",41,12.64,402,0,0.796,3.59,6.12,0.317,0.541,0.295,0.429,60.26,54.03
"2024-05-02 13:00:00",42,12.65,402,0,0.831,3.76,6.37,0.333,0.564,0.311,0.471,59.44,54.28
"2024-05-02 13:30:00",43,12.65,402,0,0.862,3.84,6.68,0.34,0.591,0.32,0.481,58.64,53.39
"2024-05-02 14:00:00",44,12.66,402,0,0.791,3.63,6.01,0.321,0.532,0.3,0.434,59.8,53.17
"2024-05-02 14:30:00",45,12.66,402,0,0.771,3.46,5.95,0.306,0.526,0.29,0.433,59.89,54.08
"2024-05-02 15:00:00",46,12.65,402,0,0.744,3.35,5.73,0.296,0.507,0.284,0.426,61.48,54.44
"2024-05-02 15:30:00",47,12.66,402,0,0.71,3.2,5.46,0.283,0.484,0.273,0.418,63.1,54.18
"2024-05-02 16:00:00",48,12.66,402,0,0.737,3.37,5.61,0.299,0.496,0.293,0.432,62.66,57.1
"2024-05-02 16:30:00",49,12.65,402,0,0.69,3.23,5.17,0.286,0.457,0.275,0.398,62.01,57.58
"2024-05-02 17:00:00",50,12.66,402,0,0.667,2.87,5.29,0.254,0.468,-99,0.405,-99,57.68
"2024-05-02 17:30:00",51,12.66,402,0,0.624,2.98,4.61,0.264,0.408,0.247,0.356,62.7,57.29
"2024-05-02 18:00:00",52,12.65,402,0,0.594,2.64,4.61,0.233,0.408,0.218,0.326,56.25,50.85
"2024-05-02 18:30:00",53,12.65,402,0,0.507,2.27,3.92,0.201,0.347,0.218,0.289,73.69,53.19
"2024-05-02 19:00:00",54,12.65,402,0,0.458,2.22,3.35,0.196,0.297,0.18,0.23,55.04,51.01
"2024-05-02 19:30:00",55,12.65,402,0,0.338,1.43,2.71,0.127,0.24,0.098,0.152,47.96,46.63
"2024-05-02 20:00:00",56,12.64,402,0,0.23,0.93,1.89,0.082,0.167,0.056,0.074,49.64,43.81
"2024-05-02 20:30:00",57,12.64,402,0,0.129,0.49,1.09,0.043,0.096,0.021,0.031,51.34,43.87
"2024-05-02 21:00:00",58,12.64,402,0,0.079,0.21,0.77,0.019,0.068,0.003,0.014,52.3,43.35
"2024-05-02 21:30:00",59,12.63,402,0,0.051,0.07,0.57,0.006,0.05,-0.464,0.007,52.01,44.28
"2024-05-02 22:00:00",60,12.62,402,0,0.039,0.03,0.47,0.003,0.042,0.071,0,3.011,44.49
"2024-05-02 22:30:00",61,12.62,402,0,0.032,0.03,0.38,0.003,0.034,-0.389,-0.003,53.48,45.2
"2024-05-02 23:00:00",62,12.61,402,0,0.025,-0.02,0.34,-0.003,0.03,-0.014,-0.007,53.2,45.73
"2024-05-02 23:30:00",63,12.61,402,0,0.017,-0.06,0.29,-0.006,0.026,-0.014,-0.003,53.94,44.84
"2024-05-03 00:00:00",64,12.61,402,0,0.018,-0.09,0.33,-0.009,0.029,-0.017,-0.007,53.13,46.23
"2024-05-03 00:30:00",65,12.6,402,0,0.012,-0.09,0.25,-0.009,0.022,-0.017,-0.01,54.24,46.62
"2024-05-03 01:00:00",66,12.6,402,0,0.005,-0.12,0.2,-0.012,0.018,-0.019,-0.01,54.58,47.26
"2024-05-03 01:30:00",67,12.6,402,0,0.001,-0.09,0.12,-0.009,0.011,-0.232,-0.01,54.75,45.79
"2024-05-03 02:00:00",68,12.59,402,0,0.008,-0.09,0.2,-0.009,0.018,-0.014,-0.013,55.66,45.89
"2024-05-03 02:30:00",69,12.59,402,0,0.002,-0.15,0.2,-0.014,0.018,-0.201,-0.016,54.49,46.61
"2024-05-03 03:00:00",70,12.59,402,0,-0.003,-0.15,0.12,-0.014,0.011,-0.025,-0.019,55.17,46.31
"2024-05-03 03:30:00",71,12.59,402,0,0,-0.15,0.16,-0.014,0.014,-0.019,-0.019,55.46,45.94
"2024-05-03 04:00:00",72,12.58,402,0,-0.008,-0.21,0.12,-0.019,0.01,-0.027,-0.016,56.74,46.97
"2024-05-03 04:30:00",73,12.58,402,0,-0.003,-0.15,0.12,-0.014,0.011,-0.181,-0.016,55.71,47.43
"2024-05-03 05:00:00",74,12.58,402,0,0,-0.12,0.12,-0.012,0.011,-0.147,-0.016,54.52,46.89
"2024-05-03 05:30:00",75,12.58,402,0,-0.003,-0.15,0.12,-0.014,0.011,-0.025,-0.016,54.65,46.77
"2024-05-03 06:00:00",76,12.58,402,0,0,-0.18,0.2,-0.017,0.018,-0.022,-0.013,55.05,46.76
"2024-05-03 06:30:00",77,12.58,402,0,0.046,0.1,0.48,0.008,0.042,-0.003,0.01,55.52,47.79
"2024-05-03 07:00:00",78,12.57,402,0,0.139,0.5,1.21,0.044,0.107,0.035,0.06,56.59,48.3
"2024-05-03 07:30:00",79,12.57,402,0,0.213,0.79,1.83,0.07,0.162,0.057,0.1,56.79,48.9
"2024-05-03 08:00:00",80,12.57,402,0,0.273,1.09,2.26,0.097,0.2,0.084,0.136,57.48,51.4
"2024-05-03 08:30:00",81,12.57,402,0,0.462,1.95,3.7,0.173,0.327,0.153,0.246,59.22,53.8
"2024-05-03 09:00:00",82,12.56,402,0,0.615,2.7,4.81,0.239,0.426,-0.112,0.337,59.92,53.68
"2024-05-03 09:30:00",83,12.56,402,0,0.707,3.11,5.52,0.275,0.489,0.253,0.392,59.85,54.17
"2024-05-03 10:00:00",84,12.56,402,0,0.793,3.6,6.07,0.318,0.538,0.288,0.417,58.38,53.78
"2024-05-03 10:30:00",85,12.56,402,0,0.785,3.51,6.07,0.311,0.538,0.284,0.419,59.66,53.68
"2024-05-03 11:00:00",86,12.56,402,0,0.816,3.76,6.18,0.333,0.547,0.303,0.44,58.53,53.67
"2024-05-03 11:30:00",87,12.56,402,0,0.89,4,6.86,0.354,0.607,0.319,0.466,58.1,53.5
"2024-05-03 12:00:00",88,12.56,402,0,0.809,3.61,6.26,0.32,0.554,0.285,0.425,58.13,52.72
"2024-05-03 12:30:00",89,12.56,402,0,0.788,3.62,5.99,0.321,0.53,0.285,0.399,57.29,52.95
"2024-05-03 13:00:00",90,12.57,402,0,0.754,3.28,5.93,0.291,0.525,0.263,0.407,58.26,51.77
"2024-05-03 13:30:00",91,12.56,402,0,0.739,3.23,5.8,0.285,0.513,0.267,0.404,60.91,53.71
"2024-05-03 14:00:00",92,12.57,402,0,0.73,3.2,5.72,0.283,0.507,0.254,0.387,55.29,53.15
"2024-05-03 14:30:00",93,12.56,402,0,0.688,2.95,5.46,0.261,0.483,0.227,0.378,60.14,52.12
"2024-05-03 15:00:00",94,12.56,402,0,0.638,2.64,5.17,0.234,0.458,0.224,0.363,62.75,51.61
"2024-05-03 15:30:00",95,12.56,402,0,0.661,2.97,5.09,0.263,0.45,0.233,0.352,57.96,53.36
"2024-05-03 16:00:00",96,12.56,402,0,0.552,2.11,4.68,0.187,0.414,0.177,0.338,55.02,54.51
"2024-05-03 16:30:00",97,12.56,402,0,0.519,2.47,3.85,0.219,0.341,0.19,0.253,60.91,51.65
"2024-05-03 17:00:00",98,12.55,402,0,0.39,1.11,3.73,0.098,0.331,-99,0.283,-99,55.61
"2024-05-03 17:30:00",99,12.55,402,0,0.467,2.12,3.57,0.188,0.316,0.178,0.254,61.72,55.23
"2024-05-03 18:00:00",100,12.55,402,0,0.41,2.06,2.91,0.182,0.258,0.132,0.156,50.99,45.97
"2024-05-03 18:30:00",101,12.54,402,0,0.26,0.93,2.28,0.083,0.202,0.061,0.105,50.72,45.7
"2024-05-03 19:00:00",102,12.54,402,0,0.189,0.61,1.73,0.054,0.154,0.038,0.078,52.13,45.88
"2024-05-03 19:30:00",103,12.54,402,0,0.164,0.74,1.26,0.065,0.112,0.044,0.045,53.76,45.72
"2024-05-03 20:00:00",104,12.53,402,0,0.018,-0.47,0.76,-0.043,0.068,-0.036,0.007,51.58,45.74
"2024-05-03 20:30:00",105,12.53,402,0,0.062,0.2,0.57,0.018,0.051,0.006,0.01,53.88,46.81
"2024-05-03 21:00:00",106,12.52,402,0,0.038,0.13,0.34,0.012,0.03,0,-0.01,55.26,46.81
"2024-05-03 21:30:00",107,12.52,402,0,0.008,-0.09,0.21,-0.009,0.019,-0.02,-0.017,55.68,46.71
"2024-05-03 22:00:00",108,12.52,402,0,-0.011,-0.29,0.17,-0.027,0.015,-0.034,-0.02,52.81,46.15
"2024-05-03 22:30:00",109,12.51,402,0,0.003,-0.12,0.17,-0.012,0.015,-0.022,-0.017,55.26,47.37
"2024-05-03 23:00:00",110,12.51,402,0,0.012,-0.02,0.17,-0.003,0.015,-0.014,-0.02,55.34,47.04
"2024-05-03 23:30:00",111,12.51,402,0,-0.018,-0.28,0.08,-0.026,0.007,-0.031,-0.023,53.6,47.19
"2024-05-04 00:00:00",112,12.5,402,0,-0.027,-0.35,0.04,-0.032,0.004,-0.036,-0.03,53.6,47.5
"2024-05-04 00:30:00",113,12.5,402,0,-0.024,-0.32,0.04,-0.029,0.004,-0.036,-0.023,54.95,46.64
"2024-05-04 01:00:00",114,12.49,402,0,-0.018,-0.25,0.04,-0.023,0.004,-0.033,-0.026,55.8,47.9
"2024-05-04 01:30:00",115,12.49,402,0,-0.014,-0.21,0.04,-0.02,0.004,-0.027,-0.026,56.78,47.91
"2024-05-04 02:00:00",116,12.49,402,0,-0.018,-0.25,0.04,-0.023,0.004,-0.033,-0.019,55.08,47.44
"2024-05-04 02:30:00",117,12.49,402,0,-0.026,-0.31,0,-0.028,0,-0.033,-0.026,55.53,47.07
"2024-05-04 03:00:00",118,12.48,402,0,-0.024,-0.28,0,-0.026,0,-0.033,-0.026,57.15,47.63
"2024-05-04 03:30:00",119,12.48,402,0,-0.014,-0.21,0.04,-0.02,0.003,-0.024,-0.026,55.78,47.63
"2024-05-04 04:00:00",120,12.48,402,0,-0.026,-0.31,0,-0.028,0,-0.033,-0.026,55.74,48.11
"2024-05-04 04:30:00",121,12.48,402,0,-0.023,-0.31,0.04,-0.028,0.004,-0.036,-0.029,55.68,48.61
"2024-05-04 05:00:00",122,12.48,402,0,-0.017,-0.27,0.08,-0.025,0.007,-0.03,-0.022,55.57,48.51
"2024-05-04 05:30:00",123,12.48,402,0,-0.023,-0.31,0.04,-0.028,0.004,-0.033,-0.022,55.02,48.77
"2024-05-04 06:00:00",124,12.48,402,0,-0.023,-0.27,0,-0.025,0,-0.03,-0.022,55.83,48.35
"2024-05-04 06:30:00",125,12.47,402,0,-0.017,-0.24,0.04,-0.022,0.003,-0.027,-0.022,56.6,48.15
"2024-05-04 07:00:00",126,12.47,402,0,0.014,-0.08,0.27,-0.008,0.024,-0.013,-0.003,56.31,49.24
"2024-05-04 07:30:00",127,12.47,402,0,0.022,-0.09,0.39,-0.008,0.034,-0.014,0.006,56.19,49.53
"2024-05-04 08:00:00",128,12.47,402,0,0.045,0.06,0.51,0.006,0.045,-0.005,0.01,56.14,49.06
"2024-05-04 08:30:00",129,12.46,402,0,0.045,0.09,0.47,0.008,0.041,0,0.006,56.25,49.59
"2024-05-04 09:00:00",130,12.46,402,0,0.022,-0.02,0.31,-0.003,0.027,-0.011,-0.003,57.54,48.83
"2024-05-04 09:30:00",131,12.46,402,0,-0.009,-0.15,0.04,-0.014,0.003,-0.024,-0.025,56.27,49.04
"2024-05-04 10:00:00",132,12.46,402,0,-0.023,-0.27,0,-0.025,0,-0.027,-0.019,56.87,49.64
"2024-05-04 10:30:00",133,12.46,402,0,-0.014,-0.14,-0.03,-0.014,-0.003,-0.021,-0.028,58.6,49.22
"2024-05-04 11:00:00",134,12.46,402,0,-0.02,-0.18,-0.07,-0.017,-0.007,-0.024,-0.029,55.95,48.47
"2024-05-04 11:30:00",135,12.46,402,0,-0.051,-0.53,-0.07,-0.047,-0.007,-0.046,-0.028,55.39,49.55
"2024-05-04 12:00:00",136,12.45,402,0,-0.022,-0.2,-0.07,-0.019,-0.007,-0.024,-0.031,57.49,50.01
"2024-05-04 12:30:00",137,12.45,402,0,-0.027,-0.23,-0.1,-0.022,-0.01,-0.026,-0.028,57.21,49.88
"2024-05-04 13:00:00",138,12.45,402,0,0,-0.08,0.08,-0.008,0.007,-0.016,-0.019,57.15,49.4
"2024-05-04 13:30:00",139,12.45,402,0,-0.016,-0.29,0.11,-0.027,0.01,-0.034,-0.012,58.75,50.04
"2024-05-04 14:00:00",140,12.45,402,0,0.023,0,0.3,0,0.026,-0.013,0.003,58.74,51
"2024-05-04 14:30:00",141,12.45,402,0,0.093,0.27,0.88,0.024,0.077,0.018,0.043,59.33,52.42
"2024-05-04 15:00:00",142,12.44,402,0,0.163,0.77,1.21,0.068,0.107,0.053,0.059,58.14,50.67
"2024-05-04 15:30:00",143,12.44,402,0,0.157,0.69,1.23,0.061,0.109,0.049,0.069,58.37,49.09
"2024-05-04 16:00:00",144,12.45,402,0,0.185,0.7,1.58,0.062,0.14,0.05,0.09,59.04,50.34
"2024-05-04 16:30:00",145,12.45,402,0,0.234,1.04,1.82,0.092,0.161,0.079,0.117,57.28,51.85
"2024-05-04 17:00:00",146,12.44,402,0,0.243,1.02,1.96,0.09,0.174,0.077,0.126,58.98,51.35
"2024-05-04 17:30:00",147,12.45,402,0,0.221,0.85,1.87,0.075,0.166,0.058,0.111,55.56,50.28
"2024-05-04 18:00:00",148,12.44,402,0,0.237,0.99,1.91,0.088,0.169,0.075,0.119,58.64,52.39
"2024-05-04 18:30:00",149,12.44,402,0,0.198,0.67,1.77,0.06,0.156,0.045,0.099,55.24,48.33
"2024-05-04 19:00:00",150,12.44,402,0,0.164,0.62,1.4,0.055,0.124,0.042,0.068,55.23,48.15
"2024-05-04 19:30:00",151,12.44,402,0,0.123,0.46,1.05,0.04,0.093,0.028,0.045,55.31,48.65
"2024-05-04 20:00:00",152,12.43,402,0,0.08,0.2,0.8,0.017,0.071,0.008,0.036,55.32,48.1
"2024-05-04 20:30:00",153,12.44,402,0,0.066,0.19,0.63,0.017,0.056,0.008,0.013,55.74,47.69
"2024-05-04 21:00:00",154,12.43,402,0,0.043,0.06,0.48,0.006,0.043,-0.006,0.003,55.94,47.9
"2024-05-04 21:30:00",155,12.43,402,0,0.029,-0.02,0.4,-0.003,0.035,-0.011,0.003,56.46,48.72
"2024-05-04 22:00:00",156,12.42,402,0,0.014,-0.09,0.28,-0.008,0.025,-0.016,-0.006,56.95,49.32
"2024-05-04 22:30:00",157,12.42,402,0,0.008,-0.09,0.2,-0.009,0.017,-0.016,-0.013,55.44,48.78
"2024-05-04 23:00:00",158,12.42,402,0,0.002,-0.12,0.16,-0.011,0.014,-0.022,-0.016,55.33,47.69
"2024-05-04 23:30:00",159,12.42,402,0,-0.002,-0.18,0.16,-0.017,0.014,-0.019,-0.006,55.69,47.55
"2024-05-05 00:00:00",160,12.41,402,0,-0.011,-0.21,0.08,-0.02,0.007,-0.027,-0.019,56.07,49.66
"2024-05-05 00:30:00",161,12.41,402,0,-0.011,-0.21,0.08,-0.02,0.007,-0.03,-0.016,55.38,47.9
"2024-05-05 01:00:00",162,12.41,402,0,-0.021,-0.25,0,-0.023,0,-0.027,-0.026,58.22,49.51
"2024-05-05 01:30:00",163,12.41,402,0,-0.017,-0.24,0.04,-0.022,0.003,-0.027,-0.026,55.56,48.65
"2024-05-05 02:00:00",164,12.4,402,0,-0.02,-0.24,0,-0.022,0,-0.024,-0.022,56.97,49.08
"2024-05-05 02:30:00",165,12.4,402,0,-0.02,-0.24,0,-0.022,0,-0.03,-0.026,55.25,49.67
"2024-05-05 03:00:00",166,12.4,402,0,-0.023,-0.25,-0.03,-0.023,-0.003,-0.03,-0.026,56.23,49.57
"2024-05-05 03:30:00",167,12.4,402,0,-0.018,-0.21,0,-0.019,0,-0.027,-0.022,56.76,50.76
"2024-05-05 04:00:00",168,12.4,402,0,-0.014,-0.21,0.04,-0.019,0.003,-0.024,-0.022,56.52,49.2
"2024-05-05 04:30:00",169,12.39,402,0,-0.023,-0.24,-0.03,-0.022,-0.003,-0.027,-0.026,56.68,48.39
"2024-05-05 05:00:00",170,12.39,402,0,-0.024,-0.28,0,-0.025,0,-0.027,-0.026,56.12,49.05
"2024-05-05 05:30:00",171,12.39,402,0,-0.018,-0.21,0,-0.02,0,-0.024,-0.029,56.84,49.93
"2024-05-05 06:00:00",172,12.39,402,0,-0.02,-0.27,0.04,-0.025,0.003,-0.03,-0.026,57.04,49
"2024-05-05 06:30:00",173,12.39,402,0,-0.015,-0.18,0,-0.017,0,-0.022,-0.022,57.5,48.24
"2024-05-05 07:00:00",174,12.39,402,0,0.019,-0.05,0.3,-0.005,0.027,-0.008,0,58.7,49.99
"2024-05-05 07:30:00",175,12.39,402,0,0.059,0.15,0.59,0.013,0.052,0.005,0.022,58.88,50.33
"2024-05-05 08:00:00",176,12.38,402,0,0.145,0.53,1.26,0.047,0.111,0.038,0.079,61.01,52.31
"2024-05-05 08:30:00",177,12.38,402,0,0.308,1.22,2.56,0.108,0.227,0.096,0.183,59.97,54.7
"2024-05-05 09:00:00",178,12.38,402,0,0.485,2.05,3.89,0.181,0.345,0.033,0.286,67.97,56.67
"2024-05-05 09:30:00",179,12.38,402,0,0.584,2.61,4.52,0.231,0.4,0.217,0.336,62.01,56.18
"2024-05-05 10:00:00",180,12.39,402,0,0.592,2.73,4.48,0.242,0.396,0.215,0.313,61.36,55.28
"2024-05-05 10:30:00",181,12.39,402,0,0.618,2.74,4.8,0.243,0.424,0.23,0.348,64.46,56.18
"2024-05-05 11:00:00",182,12.39,402,0,0.696,3.04,5.47,0.269,0.484,0.256,0.402,63.98,56.36
"2024-05-05 11:30:00",183,12.39,402,0,0.782,3.6,5.93,0.318,0.525,0.299,0.426,62.85,55.64
"2024-05-05 12:00:00",184,12.39,402,0,0.931,4.25,7.1,0.376,0.629,0.36,0.534,61.21,56.87
"2024-05-05 12:30:00",185,12.39,402,0,0.89,4.22,6.61,0.373,0.585,0.346,0.48,58.77,54.43
"2024-05-05 13:00:00",186,12.39,402,0,0.849,3.78,6.58,0.334,0.583,0.313,0.48,60.34,54.52
"2024-05-05 13:30:00",187,12.39,402,0,0.768,3.5,5.86,0.31,0.518,0.289,0.414,63.78,54.68
"2024-05-05 14:00:00",188,12.39,402,0,0.646,2.96,4.92,0.262,0.435,0.229,0.325,54.95,51.99
"2024-05-05 14:30:00",189,12.39,402,0,0.547,2.38,4.3,0.211,0.381,0.192,0.293,58.58,52.76
"2024-05-05 15:00:00",190,12.39,402,0,0.58,2.61,4.46,0.231,0.395,0.216,0.304,61.19,53.73
"2024-05-05 15:30:00",191,12.39,402,0,0.543,2.42,4.21,0.214,0.373,0.184,0.276,55.47,50.06
"2024-05-05 16:00:00",192,12.38,402,0,0.423,1.87,3.3,0.165,0.292,0.142,0.204,56.49,49.59
"2024-05-05 16:30:00",193,12.38,402,0,0.305,1.26,2.48,0.111,0.219,0.096,0.148,55.72,49.63
"2024-05-05 17:00:00",194,12.38,402,0,0.377,1.56,3.06,0.138,0.271,0.126,0.211,57.4,51.43
"2024-05-05 17:30:00",195,12.38,402,0,0.422,1.7,3.48,0.151,0.308,0.133,0.234,54.08,51.52
"2024-05-05 18:00:00",196,12.38,402,0,0.391,1.74,3.03,0.154,0.268,0.13,0.19,54.28,49.53
"2024-05-05 18:30:00",197,12.37,402,0,0.237,0.9,2.02,0.08,0.179,0.064,0.112,53.28,47.86
"2024-05-05 19:00:00",198,12.37,402,0,0.114,0.32,1.1,0.028,0.097,-0.299,0.044,54.32,47
"2024-05-05 19:30:00",199,12.37,402,0,0.071,0.17,0.72,0.015,0.063,0.006,0.023,54.57,46.95
"2024-05-05 20:00:00",200,12.37,402,0,0.037,-0.02,0.5,-0.003,0.045,-0.014,0.007,53.88,47.07
"2024-05-05 20:30:00",201,12.36,402,0,0.018,-0.09,0.33,-0.009,0.029,-0.017,-0.003,55.14,47.1
"2024-05-05 21:00:00",202,12.36,402,0,0.008,-0.16,0.29,-0.015,0.026,-0.023,-0.007,55.16,47.13
"2024-05-05 21:30:00",203,12.35,402,0,-0.006,-0.19,0.12,-0.018,0.011,-0.02,-0.013,54.36,47.14
"2024-05-05 22:00:00",204,12.35,402,0,-0.003,-0.19,0.16,-0.018,0.015,-0.026,-0.017,54.56,47.75
"2024-05-05 22:30:00",205,12.35,402,0,-0.005,-0.22,0.17,-0.021,0.015,-0.031,-0.013,56.31,47.76
"2024-05-05 23:00:00",206,12.34,402,0,-0.006,-0.22,0.16,-0.021,0.015,-0.072,-0.013,53.86,47.2
"2024-05-05 23:30:00",207,12.34,402,0,-0.01,-0.23,0.12,-0.021,0.011,-0.029,-0.017,54.23,47.57
"2024-05-06 00:00:00",208,12.33,402,0,-0.009,-0.22,0.12,-0.021,0.011,-0.026,-0.013,54.41,47.76
"2024-05-06 00:30:00",209,12.33,402,0,-0.016,-0.26,0.08,-0.024,0.007,-0.034,-0.02,56,48.11
"2024-05-06 01:00:00",210,12.33,402,0,-0.012,-0.22,0.08,-0.02,0.007,-0.025,-0.02,55.44,48.78
"2024-05-06 01:30:00",211,12.33,402,0,-0.012,-0.22,0.08,-0.02,0.007,-0.028,-0.02,55.49,49.65
"2024-05-06 02:00:00",212,12.32,402,0,-0.021,-0.25,0,-0.023,0,-0.031,-0.023,54.81,48.16
"2024-05-06 02:30:00",213,12.32,402,0,-0.015,-0.25,0.08,-0.023,0.007,-0.028,-0.017,55.38,48.06
"2024-05-06 03:00:00",214,12.32,402,0,-0.015,-0.25,0.08,-0.023,0.007,-0.033,-0.02,55.27,48.47
"2024-05-06 03:30:00",215,12.32,402,0,-0.021,-0.22,-0.03,-0.02,-0.004,-0.028,-0.026,55.51,47.48
"2024-05-06 04:00:00",216,12.32,402,0,-0.024,-0.28,0,-0.026,0,-0.028,-0.02,56.08,47.94
"2024-05-06 04:30:00",217,12.32,402,0,-0.021,-0.25,0,-0.023,0,-0.033,-0.023,56.54,47.84
"2024-05-06 05:00:00",218,12.31,402,0,-0.023,-0.25,-0.03,-0.023,-0.004,-0.031,-0.026,56.43,48.14
"2024-05-06 05:30:00",219,12.31,402,0,-0.021,-0.25,0,-0.023,0,-0.028,-0.023,55.4,47.68
"2024-05-06 06:00:00",220,12.31,402,0,-0.026,-0.28,-0.03,-0.026,-0.004,-0.031,-0.026,55.82,47.94
"2024-05-06 06:30:00",221,12.31,402,0,-0.029,-0.28,-0.07,-0.026,-0.007,-0.028,-0.026,57.25,47.73
"2024-05-06 07:00:00",222,12.31,402,0,-0.023,-0.25,-0.03,-0.023,-0.004,-0.028,-0.026,56.93,48.79
"2024-05-06 07:30:00",223,12.3,402,0,-0.024,-0.18,-0.11,-0.017,-0.01,-0.022,-0.029,57.56,50.09
"2024-05-06 08:00:00",224,12.3,402,0,-0.015,-0.18,0,-0.017,0,-0.022,-0.023,57.51,48.81
"2024-05-06 08:30:00",225,12.3,402,0,-0.002,-0.17,0.15,-0.016,0.013,-0.021,-0.013,57.92,50.86
"2024-05-06 09:00:00",226,12.3,402,0,0.058,0.15,0.57,0.014,0.05,-0.206,0.019,59.78,50.83
"2024-05-06 09:30:00",227,12.3,402,0,0.116,0.47,0.95,0.042,0.084,0.033,0.054,58.69,51.22
"2024-05-06 10:00:00",228,12.29,402,0,0.236,0.82,2.09,0.073,0.185,0.064,0.139,53.56,51.56
"2024-05-06 10:30:00",229,12.29,402,0,0.246,0.84,2.2,0.074,0.195,0.067,0.139,57.71,50.49
"2024-05-06 11:00:00",230,12.3,402,0,0.382,1.51,3.18,0.134,0.282,0.119,0.223,59.44,53.19
"2024-05-06 11:30:00",231,12.29,402,0,0.563,2.63,4.23,0.233,0.375,0.215,0.302,64.31,54.64
"2024-05-06 12:00:00",232,12.29,402,0,0.74,3.28,5.76,0.291,0.51,0.281,0.421,61.82,56.56
"2024-05-06 12:30:00",233,12.29,402,0,0.595,2.72,4.53,0.241,0.401,0.217,0.29,58.86,53.03
"2024-05-06 13:00:00",234,12.29,402,0,0.627,2.72,4.94,0.241,0.437,0.217,0.339,56.93,53.56
"2024-05-06 13:30:00",235,12.29,402,0,0.548,2.39,4.31,0.212,0.381,-0.274,0.284,59.78,51.49
"2024-05-06 14:00:00",236,12.29,402,0,0.55,2.43,4.28,0.215,0.378,-0.36,0.286,56.5,51.74
"2024-05-06 14:30:00",237,12.29,402,0,0.576,2.63,4.39,0.233,0.388,0.208,0.301,58.04,51.95
"2024-05-06 15:00:00",238,12.28,402,0,0.617,2.56,5,0.227,0.443,0.205,0.346,57.84,53.65
"2024-05-06 15:30:00",239,12.28,402,0,0.696,2.96,5.56,0.262,0.492,0.241,0.399,58.83,54.23
"2024-05-06 16:00:00",240,12.28,402,0,0.777,3.35,6.15,0.297,0.545,0.275,0.436,56.9,54.75
"2024-05-06 16:30:00",241,12.27,402,0,0.716,3.37,5.34,0.298,0.472,0.249,0.345,54.02,51.21
"2024-05-06 17:00:00",242,12.28,402,0,0.523,2.33,4.05,0.207,0.358,0.176,0.249,56.05,50.22
"2024-05-06 17:30:00",243,12.28,402,0,0.415,1.69,3.4,0.149,0.301,0.131,0.223,56.79,50.4
"2024-05-06 18:00:00",244,12.27,402,0,0.318,1.25,2.65,0.111,0.235,0.094,0.162,54.83,48.19
"2024-05-06 18:30:00",245,12.27,402,0,0.207,0.76,1.79,0.067,0.159,0.053,0.107,55.04,48.39
"2024-05-06 19:00:00",246,12.27,402,0,0.085,0.21,0.85,0.019,0.075,0.012,0.034,52.89,47.21
"2024-05-06 19:30:00",247,12.27,402,0,0.021,-0.06,0.34,-0.006,0.03,-0.009,-0.003,53.87,48.29
"2024-05-06 20:00:00",248,12.26,402,0,0.014,-0.03,0.21,-0.003,0.019,-0.012,-0.014,54.18,46.97
"2024-05-06 20:30:00",249,12.26,402,0,0.008,-0.13,0.25,-0.012,0.022,-0.018,-0.007,55.23,46.53
"2024-05-06 21:00:00",250,12.25,402,0,-0.01,-0.2,0.08,-0.018,0.007,-0.234,-0.02,54.23,46.6
"2024-05-06 21:30:00",251,12.25,402,0,0,-0.13,0.13,-0.012,0.011,-0.02,-0.017,54.11,47.19
"2024-05-06 22:00:00",252,12.25,402,0,-0.003,-0.16,0.13,-0.015,0.011,-0.018,-0.017,55,48.61
"2024-05-06 22:30:00",253,12.24,402,0,-0.003,-0.2,0.17,-0.018,0.015,-0.023,-0.014,54.89,48.08
"2024-05-06 23:00:00",254,12.24,402,0,-0.003,-0.16,0.13,-0.015,0.011,-0.02,-0.014,54.98,47.1
"2024-05-06 23:30:00",255,12.24,402,0,-0.016,-0.26,0.08,-0.024,0.007,-0.029,-0.017,55.77,47.07
"2024-05-07 00:00:00",256,12.23,402,0,-0.009,-0.23,0.13,-0.021,0.011,-0.026,-0.017,55.82,47.27
"2024-05-07 00:30:00",257,12.23,402,0,-0.016,-0.23,0.04,-0.021,0.004,-0.023,-0.02,56.56,48.12
"2024-05-07 01:00:00",258,12.23,402,0,-0.017,-0.27,0.08,-0.024,0.007,-0.026,-0.017,55.16,47.54
"2024-05-07 01:30:00",259,12.22,402,0,-0.016,-0.23,0.04,-0.021,0.004,-0.026,-0.024,55.02,48.21
"2024-05-07 02:00:00",260,12.22,402,0,-0.013,-0.19,0.04,-0.018,0.004,-0.023,-0.017,55.94,47.8
"2024-05-07 02:30:00",261,12.22,402,0,-0.02,-0.27,0.04,-0.024,0.004,-0.026,-0.02,56.04,47.74
"2024-05-07 03:00:00",262,12.22,402,0,-0.019,-0.23,0,-0.021,0,-0.029,-0.027,54.6,48.61
"2024-05-07 03:30:00",263,12.22,402,0,-0.024,-0.26,-0.03,-0.024,-0.004,-0.029,-0.024,55.98,47.28
"2024-05-07 04:00:00",264,12.21,402,0,-0.022,-0.23,-0.03,-0.021,-0.004,-0.026,-0.031,56.92,48.22
"2024-05-07 04:30:00",265,12.21,402,0,-0.024,-0.26,-0.03,-0.024,-0.004,-0.029,-0.027,57.05,47.37
"2024-05-07 05:00:00",266,12.21,402,0,-0.022,-0.23,-0.03,-0.021,-0.004,-0.029,-0.024,56.39,48.51
"2024-05-07 05:30:00",267,12.2,402,0,-0.018,-0.19,-0.03,-0.018,-0.004,-0.029,-0.027,54.57,48.33
"2024-05-07 06:00:00",268,12.2,402,0,-0.027,-0.26,-0.07,-0.024,-0.007,-0.029,-0.027,55.54,47.81
"2024-05-07 06:30:00",269,12.2,402,0,-0.019,-0.23,0,-0.021,0,-0.026,-0.024,55.92,48.03
"2024-05-07 07:00:00",270,12.2,402,0,-0.033,-0.36,-0.03,-0.033,-0.004,-0.038,-0.027,55.91,48.58
"2024-05-07 07:30:00",271,12.2,402,0,-0.019,-0.23,0,-0.021,0,-0.026,-0.02,57.3,49.26
"2024-05-07 08:00:00",272,12.19,402,0,0.008,-0.09,0.2,-0.009,0.018,-0.014,-0.007,57.56,48.2
"2024-05-07 08:30:00",273,12.2,402,0,0.049,0.16,0.44,0.014,0.039,0.006,0.01,56.94,49.47
"2024-05-07 09:00:00",274,12.19,402,0,0.054,-0.02,0.71,-0.003,0.063,-0.003,0.032,58.98,51.92
"2024-05-07 09:30:00",275,12.19,402,0,0.176,0.78,1.37,0.069,0.121,0.053,0.084,59.33,50.89
"2024-05-07 10:00:00",276,12.19,402,0,0.437,1.89,3.45,0.167,0.305,-0.241,0.241,62.39,54.77
"2024-05-07 10:30:00",277,12.19,402,0,0.613,2.74,4.74,0.243,0.419,0.222,0.334,62.33,54.86
"2024-05-07 11:00:00",278,12.19,402,0,0.681,2.94,5.38,0.26,0.476,0.236,0.377,56.71,53.19
"2024-05-07 11:30:00",279,12.19,402,0,0.913,3.97,7.19,0.351,0.637,0.322,0.508,57.66,53.31
"2024-05-07 12:00:00",280,12.19,402,0,1.164,5.32,8.87,0.471,0.785,0.445,0.631,61.55,53.84
"2024-05-07 12:30:00",281,12.19,402,0,0.927,4.28,7.01,0.379,0.62,0.334,0.492,56.48,54.18
"2024-05-07 13:00:00",282,12.19,402,0,0.494,1.98,4.08,0.176,0.362,0.159,0.254,52.86,50.71
"2024-05-07 13:30:00",283,12.19,402,0,0.645,2.56,5.36,0.226,0.474,0.209,0.383,60.22,53.99
"2024-05-07 14:00:00",284,12.18,402,0,0.906,4.03,7.03,0.357,0.622,0.333,0.487,61.59,53.73
"2024-05-07 14:30:00",285,12.19,402,0,1.016,4.85,7.51,0.429,0.664,0.403,0.529,64.8,55.55
"2024-05-07 15:00:00",286,12.18,402,0,0.944,4.41,7.09,0.391,0.627,0.363,0.51,63.05,53.95
"2024-05-07 15:30:00",287,12.18,402,0,0.863,3.99,6.53,0.353,0.578,0.337,0.484,61.59,56.32
"2024-05-07 16:00:00",288,12.19,402,0,0.803,3.32,6.52,0.293,0.577,0.281,0.487,57.39,54.02
"2024-05-07 16:30:00",289,12.18,402,0,0.818,3.74,6.23,0.331,0.552,0.293,0.458,52.63,53.34
"2024-05-07 17:00:00",290,12.18,402,0,0.665,2.71,5.44,0.24,0.481,0.236,0.424,56.22,55.3
"2024-05-07 17:30:00",291,12.18,402,0,0.845,4.67,5.52,0.413,0.489,0.321,0.351,52.38,49.57
"2024-05-07 18:00:00",292,12.18,402,0,0.426,1.23,4.06,0.109,0.36,0.106,0.284,52.66,50.92
"2024-05-07 18:30:00",293,12.18,402,0,0.324,1.05,2.96,0.093,0.262,0.024,0.003,3.011,62.5
"2024-05-07 19:00:00",294,12.18,402,0,0.249,1,2.06,0.089,0.182,-0.496,0.107,57.62,47.03
"2024-05-07 19:30:00",295,12.17,402,0,0.145,0.39,1.42,0.034,0.125,-0.549,0.067,51.36,46.19
"2024-05-07 20:00:00",296,12.17,402,0,0.073,0.08,0.84,0.007,0.075,-0.003,0.025,52.36,44.63
"2024-05-07 20:30:00",297,12.16,402,0,0.027,-0.07,0.43,-0.007,0.038,-0.356,0,50.82,45.14
"2024-05-07 21:00:00",298,12.16,402,0,0,-0.21,0.23,-0.02,0.021,-0.031,-0.014,52.54,45.63
"2024-05-07 21:30:00",299,12.15,402,0,-0.014,-0.29,0.14,-0.026,0.012,-0.229,-0.018,52.06,45.66
"2024-05-07 22:00:00",300,12.15,402,0,-0.017,-0.28,0.09,-0.026,0.008,-0.187,-0.022,52.89,45.82
"2024-05-07 22:30:00",301,12.14,402,0,-0.017,-0.28,0.09,-0.026,0.008,-0.034,-0.021,54.7,45.74
"2024-05-07 23:00:00",302,12.14,402,0,-0.014,-0.28,0.13,-0.026,0.012,-0.037,-0.018,53.5,46.84
"2024-05-07 23:30:00",303,12.14,402,0,-0.023,-0.31,0.04,-0.029,0.004,-0.036,-0.018,54.06,46.58
"2024-05-08 00:00:00",304,12.13,402,0,-0.027,-0.35,0.04,-0.032,0.004,-0.037,-0.021,53.92,46.03
"2024-05-08 00:30:00",305,12.13,402,0,-0.033,-0.38,0,-0.035,0,-0.042,-0.025,54.05,46.57
"2024-05-08 01:00:00",306,12.13,402,0,-0.029,-0.31,-0.03,-0.028,-0.004,-0.033,-0.028,55.08,46.79
"2024-05-08 01:30:00",307,12.12,402,0,-0.032,-0.35,-0.03,-0.031,-0.004,-0.039,-0.025,55.89,46.36
"2024-05-08 02:00:00",308,12.12,402,0,-0.022,-0.3,0.04,-0.027,0.004,-0.032,-0.017,56.34,47.89
"2024-05-08 02:30:00",309,12.11,402,0,-0.039,-0.38,-0.08,-0.034,-0.008,-0.039,-0.035,55.42,48.35
"2024-05-08 03:00:00",310,12.11,402,0,-0.035,-0.3,-0.12,-0.028,-0.012,-0.044,-0.031,54.94,47.06
"2024-05-08 03:30:00",311,12.11,402,0,-0.038,-0.37,-0.08,-0.034,-0.008,-0.038,-0.031,55.77,48.44
"2024-05-08 04:00:00",312,12.11,402,0,-0.039,-0.38,-0.08,-0.034,-0.008,-0.048,-0.024,54.95,47.47
"2024-05-08 04:30:00",313,12.11,402,0,-0.034,-0.37,-0.03,-0.033,-0.004,-0.041,-0.031,55.52,47.63
"2024-05-08 05:00:00",314,12.11,402,0,-0.032,-0.3,-0.08,-0.028,-0.008,-0.033,-0.035,55.71,47.83
"2024-05-08 05:30:00",315,12.1,402,0,-0.039,-0.38,-0.08,-0.035,-0.008,-0.036,-0.032,53.86,47.46
"2024-05-08 06:00:00",316,12.1,402,0,-0.038,-0.34,-0.12,-0.031,-0.012,-0.039,-0.035,55,48.9
"2024-05-08 06:30:00",317,12.1,402,0,-0.038,-0.37,-0.08,-0.033,-0.008,-0.035,-0.031,56.48,49
"2024-05-08 07:00:00",318,12.1,402,0,-0.028,-0.3,-0.03,-0.027,-0.004,-0.029,-0.031,56.19,47.89
"2024-05-08 07:30:00",319,12.09,402,0,0.017,-0.05,0.28,-0.006,0.025,-0.049,0,59.18,49.66
"2024-05-08 08:00:00",320,12.09,402,0,0.157,0.57,1.37,0.051,0.121,0.042,0.082,59.46,51.73
"2024-05-08 08:30:00",321,12.09,402,0,0.435,1.82,3.51,0.162,0.311,0.155,0.25,63.71,54.86
"2024-05-08 09:00:00",322,12.09,402,0,0.539,2.48,4.09,0.22,0.362,-0.306,0.3,60.05,56.01
"2024-05-08 09:30:00",323,12.09,402,0,0.554,2.46,4.3,0.218,0.381,0.206,0.307,62,54.28
"2024-05-08 10:00:00",324,12.09,402,0,0.727,3.31,5.56,0.293,0.492,0.272,0.405,60.42,54.85
"2024-05-08 10:30:00",325,12.09,402,0,0.838,3.69,6.54,0.326,0.579,0.314,0.487,60.58,51.22
"2024-05-08 11:00:00",326,12.09,402,0,0.871,3.83,6.81,0.339,0.603,0.318,0.487,59.75,54.74
"2024-05-08 11:30:00",327,12.1,402,0,0.956,4.39,7.26,0.389,0.643,0.352,0.506,58.86,53.44
"2024-05-08 12:00:00",328,12.1,402,0,0.883,3.98,6.79,0.352,0.601,0.333,0.491,60.26,52.54
"2024-05-08 12:30:00",329,12.1,402,0,0.921,4.15,7.09,0.367,0.628,0.336,0.494,58.51,52.95
"2024-05-08 13:00:00",330,12.1,402,0,0.922,4.11,7.14,0.363,0.632,0.329,0.497,59.69,53.05
"2024-05-08 13:30:00",331,12.1,402,0,0.883,3.92,6.86,0.347,0.607,0.322,0.482,57.02,52.68
"2024-05-08 14:00:00",332,12.1,402,0,0.91,3.99,7.12,0.353,0.63,0.329,0.496,59.24,53.01
"2024-05-08 14:30:00",333,12.1,402,0,0.937,4.35,7.07,0.385,0.626,0.354,0.515,55.62,55.51
"2024-05-08 15:00:00",334,12.1,402,0,0.911,3.95,7.18,0.35,0.636,0.345,0.536,65.94,54.81
"2024-05-08 15:30:00",335,12.1,402,0,0.79,3.83,5.77,0.339,0.511,0.313,0.417,60.3,54.47
"2024-05-08 16:00:00",336,12.1,402,0,0.675,3.17,5.05,0.281,0.447,0.257,0.344,60.03,52.58
"2024-05-08 16:30:00",337,12.1,402,0,0.714,2.98,5.76,0.264,0.51,0.233,0.405,51.61,50.28
"2024-05-08 17:00:00",338,12.09,402,0,0.65,2.88,5.05,0.255,0.447,0.238,0.343,58.39,49.87
"2024-05-08 17:30:00",339,12.09,402,0,0.636,2.52,5.29,0.223,0.468,0.193,0.376,67.01,67.16
"2024-05-08 18:00:00",340,12.09,402,0,0.668,3.15,4.98,0.279,0.441,0.268,0.356,63.13,54.05
"2024-05-08 18:30:00",341,12.09,402,0,0.606,2.97,4.39,0.263,0.388,0.248,0.321,62.86,55.65
"2024-05-08 19:00:00",342,12.09,402,0,0.506,2.57,3.57,0.227,0.316,0.184,0.215,50.27,48.13
"2024-05-08 19:30:00",343,12.08,402,0,0.279,0.92,2.53,0.081,0.224,0.076,0.136,52.25,47.09
"2024-05-08 20:00:00",344,12.08,402,0,0.204,0.65,1.88,0.058,0.166,0.186,0.085,3.01,46.01
"2024-05-08 20:30:00",345,12.08,402,0,0.139,0.42,1.3,0.037,0.115,0.022,0.051,51.83,44.93
"2024-05-08 21:00:00",346,12.07,402,0,0.112,0.37,1.02,0.033,0.091,0.022,0.04,53.28,46.07
"2024-05-08 21:30:00",347,12.06,402,0,0.085,0.23,0.83,0.02,0.074,-0.461,0.029,53.66,45.37
"2024-05-08 22:00:00",348,12.06,402,0,0.063,0.15,0.64,0.013,0.057,0.003,0.014,53.69,44.84
"2024-05-08 22:30:00",349,12.06,402,0,0.06,0.15,0.6,0.013,0.053,0,0.015,52.6,45.54
"2024-05-08 23:00:00",350,12.05,402,0,0.05,0.11,0.51,0.01,0.045,0,0.004,54.03,45.89
"2024-05-08 23:30:00",351,12.05,402,0,0.029,-0.03,0.41,-0.003,0.037,-0.299,0.004,53.68,45.38
"2024-05-09 00:00:00",352,12.04,402,0,0.031,-0.06,0.46,-0.007,0.041,-0.016,0.007,53.64,46.73
"2024-05-09 00:30:00",353,12.04,402,0,0.027,-0.06,0.41,-0.007,0.036,-0.015,0.004,52.98,45.91
"2024-05-09 01:00:00",354,12.04,402,0,0.016,-0.14,0.36,-0.013,0.032,-0.019,-0.004,53.41,47
"2024-05-09 01:30:00",355,12.03,402,0,0.043,0.04,0.5,0.003,0.044,-0.17,0.011,54.78,46.9
"2024-05-09 02:00:00",356,12.03,402,0,0.031,0,0.4,0,0.036,-0.006,0,54.72,46.17
"2024-05-09 02:30:00",357,12.03,402,0,0.029,-0.03,0.4,-0.003,0.036,-0.009,-0.004,54.57,46.43
"2024-05-09 03:00:00",358,12.02,402,0,0.012,-0.1,0.27,-0.01,0.024,-0.129,-0.004,54.11,46.64
"2024-05-09 03:30:00",359,12.02,402,0,0.005,-0.1,0.18,-0.01,0.016,-0.018,-0.018,55.17,46.88
"2024-05-09 04:00:00",360,12.02,402,0,0,-0.17,0.18,-0.016,0.016,-0.022,-0.011,54.32,46.84
"2024-05-09 04:30:00",361,12.02,402,0,-0.001,-0.14,0.13,-0.013,0.012,-0.025,-0.014,54.15,47.49
"2024-05-09 05:00:00",362,12.01,402,0,-0.014,-0.21,0.04,-0.019,0.004,-0.028,-0.022,54.88,46.34
"2024-05-09 05:30:00",363,12.01,402,0,-0.01,-0.2,0.09,-0.019,0.008,-0.027,-0.021,54.23,47.32
"2024-05-09 06:00:00",364,12.01,402,0,-0.02,-0.24,0,-0.022,0,-0.03,-0.025,56.84,46.08
"2024-05-09 06:30:00",365,12.01,402,0,0,-0.13,0.13,-0.012,0.012,-0.021,-0.014,55.23,47.91
"2024-05-09 07:00:00",366,12,402,0,0.039,0.07,0.42,0.006,0.037,-0.006,0.003,58.9,49.12
"2024-05-09 07:30:00",367,12,402,0,0.188,0.65,1.67,0.057,0.148,0.05,0.103,59.57,51.02
"2024-05-09 08:00:00",368,11.99,402,0,0.389,1.61,3.16,0.142,0.28,0.203,0.215,59.76,55.82
"2024-05-09 08:30:00",369,11.99,402,0,0.396,1.69,3.16,0.15,0.279,-0.152,0.21,58.32,51.26
"2024-05-09 09:00:00",370,12,402,0,0.368,1.55,2.96,0.137,0.262,-0.142,0.188,56.39,51.11
"2024-05-09 09:30:00",371,12,402,0,0.42,1.65,3.5,0.146,0.31,-0.144,0.236,60.22,52.49
"2024-05-09 10:00:00",372,12,402,0,0.499,1.94,4.19,0.172,0.371,0.161,0.286,58.25,53.09
"2024-05-09 10:30:00",373,11.99,402,0,0.392,1.68,3.12,0.149,0.276,0.132,0.206,57.71,49.98
"2024-05-09 11:00:00",374,11.99,402,0,0.306,1.28,2.47,0.113,0.219,0.101,0.148,57.82,50.09
"2024-05-09 11:30:00",375,12,402,0,0.519,2.21,4.14,0.195,0.366,-0.128,0.283,60.48,52.19
"2024-05-09 12:00:00",376,11.99,402,0,0.792,3.55,6.11,0.314,0.541,0.293,0.453,59.98,55.64
"2024-05-09 12:30:00",377,11.99,402,0,0.772,3.48,5.94,0.308,0.526,-0.273,0.421,63.04,55.01
"2024-05-09 13:00:00",378,11.99,402,0,0.933,4.14,7.25,0.367,0.642,0.333,0.502,57.23,52.22
"2024-05-09 13:30:00",379,12,402,0,1.003,4.29,7.98,0.379,0.706,0.352,0.55,55.37,52.41
"2024-05-09 14:00:00",380,12,402,0,1.088,4.92,8.35,0.435,0.739,0.421,0.606,60.45,60.35
"2024-05-09 14:30:00",381,11.99,402,0,1.022,4.54,7.94,0.402,0.702,0.395,0.588,63.31,55.6
"2024-05-09 15:00:00",382,12,402,0,0.946,4.38,7.15,0.388,0.633,0.366,0.518,59.8,53.98
"2024-05-09 15:30:00",383,12,402,0,0.925,4.31,6.95,0.381,0.615,0.362,0.497,50.87,50.76
"2024-05-09 16:00:00",384,12,402,0,0.808,3.59,6.28,0.318,0.556,0.296,0.455,61.61,50.48
"2024-05-09 16:30:00",385,12,402,0,0.903,4.33,6.65,0.383,0.588,0.307,0.46,51.44,52.56
"2024-05-09 17:00:00",386,12,402,0,0.73,3.13,5.8,0.277,0.513,-99,0.422,62.59,62.89
"2024-05-09 17:30:00",387,12.01,402,0,0.666,2.96,5.17,0.262,0.458,0.254,0.398,68.52,56.98
"2024-05-09 18:00:00",388,12,402,0,0.602,2.38,5.01,0.211,0.443,0.215,0.369,53.96,54.02
"2024-05-09 18:30:00",389,12.01,402,0,0.676,3.28,4.93,0.29,0.437,0.257,0.283,60.38,46.78
"2024-05-09 19:00:00",390,12,402,0,0.528,2.39,4.05,0.212,0.358,0.16,0.229,50.01,46.22
"2024-05-09 19:30:00",391,12,402,0,0.3,1.03,2.67,0.091,0.236,-0.308,0.135,50.97,45.39
"2024-05-09 20:00:00",392,11.99,402,0,0.232,0.9,1.95,0.079,0.173,0.051,0.077,50.73,44.48
"2024-05-09 20:30:00",393,11.99,402,0,0.141,0.55,1.18,0.049,0.104,0.027,0.035,50.79,44.55
"2024-05-09 21:00:00",394,11.99,402,0,0.068,0.12,0.73,0.011,0.064,-0.003,0.004,51.98,43.68
"2024-05-09 21:30:00",395,11.98,402,0,0.029,-0.1,0.49,-0.01,0.043,-0.019,0,53.14,45.41
"2024-05-09 22:00:00",396,11.98,402,0,0.02,-0.03,0.29,-0.003,0.025,-0.019,-0.015,53.98,44.04
"2024-05-09 22:30:00",397,11.97,402,0,-0.006,-0.37,0.33,-0.033,0.029,-0.035,-0.011,52.55,46.3
"2024-05-09 23:00:00",398,11.97,402,0,0.013,-0.14,0.33,-0.013,0.029,-0.019,-0.007,53.16,45.84
"2024-05-09 23:30:00",399,11.96,402,0,0.019,-0.03,0.28,-0.003,0.025,-0.015,-0.011,55.74,46.06
"2024-05-10 00:00:00",400,11.96,402,0,0.003,-0.13,0.18,-0.013,0.016,-0.022,-0.022,54.72,46.16
"2024-05-10 00:30:00",401,11.96,402,0,-0.027,-0.44,0.14,-0.04,0.012,-0.044,-0.018,52.81,46.55
"2024-05-10 01:00:00",402,11.95,402,0,-0.038,-0.52,0.09,-0.047,0.008,-0.047,-0.018,52.75,45.94
"2024-05-10 01:30:00",403,11.95,402,0,-0.007,-0.2,0.13,-0.019,0.012,-0.024,-0.011,55.73,47.17
"2024-05-10 02:00:00",404,11.95,402,0,-0.017,-0.28,0.09,-0.026,0.008,-0.031,-0.018,53.84,48.26
"2024-05-10 02:30:00",405,11.94,402,0,-0.007,-0.17,0.09,-0.016,0.008,-0.027,-0.018,55.53,47.07
"2024-05-10 03:00:00",406,11.94,402,0,0.006,-0.14,0.24,-0.014,0.021,-0.022,-0.015,53.14,44.42
"2024-05-10 03:30:00",407,11.95,402,0,-0.045,-0.56,0.05,-0.05,0.004,-0.054,-0.018,53.22,47.38
"2024-05-10 04:00:00",408,11.94,402,0,0.002,-0.06,0.09,-0.006,0.008,-0.018,-0.025,55.17,46.61
"2024-05-10 04:30:00",409,11.94,402,0,-0.03,-0.39,0.05,-0.035,0.004,-0.037,-0.025,55.23,47.75
"2024-05-10 05:00:00",410,11.94,402,0,-0.021,-0.28,0.04,-0.026,0.004,-0.034,-0.029,55.45,48.53
"2024-05-10 05:30:00",411,11.93,402,0,-0.017,-0.2,0,-0.019,0,-0.024,-0.029,55.87,48.13
"2024-05-10 06:00:00",412,11.93,402,0,-0.007,-0.13,0.05,-0.013,0.004,-0.022,-0.025,54.83,46.38
"2024-05-10 06:30:00",413,11.93,402,0,-0.042,-0.42,-0.08,-0.038,-0.008,-0.04,-0.029,54.55,47.63
"2024-05-10 07:00:00",414,11.93,402,0,-0.044,-0.51,0,-0.046,0,-0.05,-0.018,53.44,46.62
"2024-05-10 07:30:00",415,11.92,402,0,-0.033,-0.5,0.13,-0.045,0.012,-0.046,-0.014,54.05,48.62
"2024-05-10 08:00:00",416,11.92,402,0,0.012,-0.06,0.22,-0.006,0.019,-0.015,-0.011,57.36,48.65
"2024-05-10 08:30:00",417,11.92,402,0,0.009,-0.21,0.35,-0.019,0.031,-0.028,-0.004,55.8,48.57
"2024-05-10 09:00:00",418,11.92,402,0,0.077,0.24,0.72,0.021,0.063,0.02,0.045,57.07,48.21
"2024-05-10 09:30:00",419,11.91,402,0,0.074,0.11,0.82,0.01,0.073,0,0.039,55.64,49.23
"2024-05-10 10:00:00",420,11.92,402,0,0.145,0.73,1.03,0.065,0.091,0.052,0.053,60.48,50.13
"2024-05-10 10:30:00",421,11.91,402,0,0.145,0.44,1.36,0.039,0.12,0.024,0.078,59.11,52.44
"2024-05-10 11:00:00",422,11.91,402,0,0.232,1.1,1.72,0.098,0.152,0.073,0.098,59.24,49.45
"2024-05-10 11:30:00",423,11.91,402,0,0.259,1.09,2.08,0.097,0.184,0.079,0.127,58.58,49.86
"2024-05-10 12:00:00",424,11.91,402,0,0.257,1.19,1.94,0.105,0.172,0.087,0.116,58.48,50.02
"2024-05-10 12:30:00",425,11.9,402,0,0.212,0.61,2.02,0.054,0.179,0.04,0.128,55.03,49.59
"2024-05-10 13:00:00",426,11.91,402,0,0.292,1.23,2.35,0.109,0.208,0.102,0.151,65.43,53.44
"2024-05-10 13:30:00",427,11.91,402,0,0.293,1.11,2.49,0.098,0.221,0.083,0.15,53.36,51.62
"2024-05-10 14:00:00",428,11.9,402,0,0.33,1.6,2.41,0.141,0.214,0.116,0.154,59.15,50.85
"2024-05-10 14:30:00",429,11.9,402,0,0.274,1.04,2.33,0.092,0.206,0.079,0.14,55.74,50.56
"2024-05-10 15:00:00",430,11.9,402,0,0.27,1.07,2.24,0.095,0.198,0.076,0.133,57.14,48.99
"2024-05-10 15:30:00",431,11.9,402,0,0.301,1.12,2.59,0.099,0.229,0.092,0.169,61.33,51.39
"2024-05-10 16:00:00",432,11.9,402,0,0.261,0.94,2.27,0.083,0.201,0.063,0.141,55.63,50.61
"2024-05-10 16:30:00",433,11.9,402,0,0.236,0.8,2.12,0.071,0.187,0.051,0.119,54.38,48.54
"2024-05-10 17:00:00",434,11.89,402,0,0.212,0.75,1.86,0.066,0.165,0.054,0.101,54.77,49.6
"2024-05-10 17:30:00",435,11.89,402,0,0.18,0.63,1.59,0.056,0.141,0.041,0.084,55.04,49.45
"2024-05-10 18:00:00",436,11.89,402,0,0.159,0.6,1.36,0.053,0.12,0.035,0.065,54.96,48.7
"2024-05-10 18:30:00",437,11.89,402,0,0.145,0.51,1.28,0.045,0.113,0.028,0.062,57.98,48.03
"2024-05-10 19:00:00",438,11.88,402,0,0.137,0.51,1.18,0.045,0.105,0.028,0.054,57.07,49.02
"2024-05-10 19:30:00",439,11.88,402,0,0.108,0.29,1.05,0.026,0.093,0.012,0.037,56.1,47.79
"2024-05-10 20:00:00",440,11.88,402,0,0.069,0.18,0.68,0.016,0.06,0.003,0.022,55.35,47.86
"2024-05-10 20:30:00",441,11.87,402,0,0.052,0.07,0.59,0.006,0.052,-0.006,0.022,55.49,47.34
"2024-05-10 21:00:00",442,11.88,402,0,0.02,-0.17,0.45,-0.016,0.04,-0.019,0.015,55.3,46.99
"2024-05-10 21:30:00",443,11.87,402,0,0.04,-0.03,0.54,-0.003,0.047,-0.012,0.011,54.74,47.24
"2024-05-10 22:00:00",444,11.86,402,0,0.022,-0.1,0.4,-0.01,0.035,-0.015,0,55.26,47.36
"2024-05-10 22:30:00",445,11.86,402,0,-0.001,-0.1,0.09,-0.01,0.008,-0.021,-0.018,55.96,47.49
"2024-05-10 23:00:00",446,11.87,402,0,-0.003,-0.2,0.17,-0.019,0.015,-0.021,-0.011,55.39,47.49
"2024-05-10 23:30:00",447,11.86,402,0,0.005,-0.1,0.18,-0.009,0.016,-0.018,-0.011,55.89,50.19
"2024-05-11 00:00:00",448,11.86,402,0,0.002,-0.17,0.22,-0.016,0.02,-0.025,-0.018,58.32,48.52
"2024-05-11 00:30:00",449,11.85,402,0,0,-0.17,0.18,-0.016,0.016,-0.024,-0.014,54.71,49.12
"2024-05-11 01:00:00",450,11.85,402,0,-0.01,-0.25,0.14,-0.023,0.012,-0.028,-0.018,54.42,47.34
"2024-05-11 01:30:00",451,11.85,402,0,-0.003,-0.2,0.18,-0.019,0.016,-0.027,-0.011,55.51,48.17
"2024-05-11 02:00:00",452,11.85,402,0,-0.01,-0.25,0.14,-0.023,0.012,-0.028,-0.015,54.91,49.05
"2024-05-11 02:30:00",453,11.85,402,0,-0.017,-0.25,0.05,-0.023,0.004,-0.028,-0.022,56.45,48.55
"2024-05-11 03:00:00",454,11.85,402,0,-0.017,-0.24,0.04,-0.022,0.004,-0.03,-0.018,57.55,48.01
"2024-05-11 03:30:00",455,11.84,402,0,-0.017,-0.28,0.09,-0.025,0.008,-0.034,-0.018,56.06,48.57
"2024-05-11 04:00:00",456,11.84,402,0,-0.017,-0.28,0.09,-0.026,0.008,-0.034,-0.018,54.93,49.5
"2024-05-11 04:30:00",457,11.84,402,0,-0.026,-0.31,0,-0.028,0,-0.033,-0.025,56.75,49.67
"2024-05-11 05:00:00",458,11.84,402,0,-0.017,-0.24,0.04,-0.022,0.004,-0.034,-0.025,55.1,49.25
"2024-05-11 05:30:00",459,11.83,402,0,-0.026,-0.31,0,-0.029,0,-0.034,-0.025,57.07,47.77
"2024-05-11 06:00:00",460,11.83,402,0,-0.007,-0.17,0.09,-0.016,0.008,-0.027,-0.018,55.62,50.18
"2024-05-11 06:30:00",461,11.83,402,0,-0.004,-0.17,0.13,-0.016,0.012,-0.024,-0.018,57.17,50.24
"2024-05-11 07:00:00",462,11.83,402,0,0.046,0.03,0.56,0.003,0.05,-0.006,0.018,56.79,50.94
"2024-05-11 07:30:00",463,11.83,402,0,0.133,0.48,1.16,0.042,0.103,0.029,0.06,59.19,51.29
"2024-05-11 08:00:00",464,11.83,402,0,0.205,0.75,1.77,0.066,0.156,0.055,0.107,56.99,52.94
"2024-05-11 08:30:00",465,11.83,402,0,0.297,1.1,2.55,0.097,0.226,0.087,0.171,62.1,53.64
"2024-05-11 09:00:00",466,11.82,402,0,0.391,1.58,3.21,0.14,0.284,0.146,0.231,61.88,51.37
"2024-05-11 09:30:00",467,11.83,402,0,0.476,2.06,3.76,0.182,0.332,0.171,0.274,64.28,57.2
"2024-05-11 10:00:00",468,11.83,402,0,0.537,2.31,4.26,0.204,0.377,0.185,0.311,61.49,55.49
"2024-05-11 10:30:00",469,11.83,402,0,0.633,2.94,4.77,0.26,0.422,0.242,0.346,62.05,55.79
"2024-05-11 11:00:00",470,11.83,402,0,0.691,3.09,5.34,0.274,0.472,0.253,0.39,59.02,56.87
"2024-05-11 11:30:00",471,11.84,402,0,0.663,2.72,5.41,0.241,0.479,0.228,0.394,58.49,55.77
"2024-05-11 12:00:00",472,11.84,402,0,0.753,3.38,5.81,0.299,0.515,0.28,0.404,64.62,55.35
"2024-05-11 12:30:00",473,11.84,402,0,0.779,3.42,6.1,0.303,0.54,0.288,0.432,63.22,56
"2024-05-11 13:00:00",474,11.83,402,0,0.787,3.4,6.22,0.301,0.551,0.28,0.452,61.09,54.44
"2024-05-11 13:30:00",475,11.84,402,0,0.789,3.73,5.87,0.33,0.52,0.293,0.382,59.96,52.08
"2024-05-11 14:00:00",476,11.84,402,0,0.696,3.03,5.47,0.268,0.484,0.248,0.4,58.32,54.28
"2024-05-11 14:30:00",477,11.84,402,0,0.744,3.29,5.8,0.291,0.513,-99,0.44,-99,57.7
"2024-05-11 15:00:00",478,11.84,402,0,0.602,2.46,4.92,0.217,0.435,0.191,0.339,56.44,51.01
"2024-05-11 15:30:00",479,11.84,402,0,0.623,2.87,4.72,0.254,0.418,0.224,0.327,57.43,52.98
"2024-05-11 16:00:00",480,11.84,402,0,0.518,2.11,4.24,0.187,0.376,-99,0.333,-99,57.28
"2024-05-11 16:30:00",481,11.83,402,0,0.521,2.24,4.13,0.198,0.366,0.179,0.299,55.16,54.24
"2024-05-11 17:00:00",482,11.84,402,0,0.49,2.08,3.91,0.184,0.346,-99,0.328,-99,66.18
"2024-05-11 17:30:00",483,11.83,402,0,0.424,1.71,3.49,0.151,0.309,0.15,-99,70.51,-99
"2024-05-11 18:00:00",484,11.83,402,0,0.433,1.7,3.62,0.151,0.32,0.149,0.264,52.12,55.14
"2024-05-11 18:30:00",485,11.84,402,0,0.313,1.06,2.8,0.094,0.248,0.095,0.207,57.83,55.94
"2024-05-11 19:00:00",486,11.84,402,0,0.179,-0.24,2.57,-0.022,0.228,0,0.155,45.57,46.14
"2024-05-11 19:30:00",487,11.84,402,0,0.208,0.59,2,0.052,0.177,0.023,0.086,47.43,45.02
"2024-05-11 20:00:00",488,11.83,402,0,0.124,0.34,1.2,0.03,0.106,0.014,0.036,51.18,43.85
"2024-05-11 20:30:00",489,11.82,402,0,0.047,-0.07,0.68,-0.007,0.06,-0.02,0.008,50.85,44.85
"2024-05-11 21:00:00",490,11.82,402,0,0.036,0.04,0.42,0.004,0.037,-0.014,-0.012,52.28,45.46
"2024-05-11 21:30:00",491,11.81,402,0,0,-0.19,0.21,-0.018,0.018,-0.027,-0.02,51.73,44.81
"2024-05-11 22:00:00",492,11.81,402,0,-0.017,-0.33,0.15,-0.03,0.013,-0.032,-0.019,53.79,45.63
"2024-05-11 22:30:00",493,11.8,402,0,-0.007,-0.22,0.15,-0.021,0.013,-0.029,-0.023,53.88,45.83
"2024-05-11 23:00:00",494,11.8,402,0,-0.031,-0.41,0.05,-0.037,0.004,-0.042,-0.023,53.28,46.2
"2024-05-11 23:30:00",495,11.8,402,0,-0.022,-0.35,0.1,-0.032,0.009,-0.04,-0.027,52.77,46.67
"2024-05-12 00:00:00",496,11.8,402,0,-0.026,-0.3,0,-0.027,0,-0.032,-0.031,52.93,46.67
"2024-05-12 00:30:00",497,11.79,402,0,-0.014,-0.17,0,-0.016,0,-0.025,-0.03,56.02,46.47
"2024-05-12 01:00:00",498,11.78,402,0,-0.024,-0.28,0,-0.026,0,-0.031,-0.026,56.52,46.82
"2024-05-12 01:30:00",499,11.78,402,0,-0.039,-0.45,0,-0.04,0,-0.042,-0.026,54.91,47.01
"2024-05-12 02:00:00",500,11.78,402,0,-0.026,-0.3,0,-0.027,0,-0.039,-0.031,52.84,46.43
"2024-05-12 02:30:00",501,11.78,402,0,-0.034,-0.36,-0.04,-0.033,-0.004,-0.038,-0.03,54.53,47.04
"2024-05-12 03:00:00",502,11.78,402,0,-0.039,-0.34,-0.13,-0.031,-0.012,-0.033,-0.029,56.29,47.31
"2024-05-12 03:30:00",503,11.78,402,0,-0.027,-0.35,0.04,-0.031,0.004,-0.034,-0.022,56.4,49.33
"2024-05-12 04:00:00",504,11.77,402,0,-0.014,-0.21,0.04,-0.019,0.004,-0.028,-0.022,57.49,47.54
"2024-05-12 04:30:00",505,11.78,402,0,-0.031,-0.36,0,-0.032,0,-0.037,-0.026,55.25,48.73
"2024-05-12 05:00:00",506,11.77,402,0,-0.027,-0.32,0,-0.029,0,-0.034,-0.029,55.61,48.37
"2024-05-12 05:30:00",507,11.77,402,0,-0.031,-0.33,-0.04,-0.03,-0.004,-0.038,-0.03,55.2,47.7
"2024-05-12 06:00:00",508,11.77,402,0,-0.034,-0.36,-0.04,-0.033,-0.004,-0.038,-0.037,54.6,47.11
"2024-05-12 06:30:00",509,11.77,402,0,-0.027,-0.28,-0.04,-0.025,-0.004,-0.031,-0.029,55.81,48.06
"2024-05-12 07:00:00",510,11.76,402,0,-0.039,-0.38,-0.08,-0.034,-0.008,-0.039,-0.029,56.13,48.9
"2024-05-12 07:30:00",511,11.76,402,0,0.002,-0.06,0.09,-0.006,0.008,-0.012,-0.018,59.17,48.97
"2024-05-12 08:00:00",512,11.77,402,0,-0.002,-0.29,0.29,-0.026,0.025,-0.029,-0.003,58.92,51.84
"2024-05-12 08:30:00",513,11.76,402,0,-0.03,-0.32,-0.03,-0.029,-0.004,-0.037,-0.029,54.97,48.15
"2024-05-12 09:00:00",514,11.76,402,0,0.008,-0.03,0.14,-0.003,0.012,-0.013,-0.019,53.79,47.38
"2024-05-12 09:30:00",515,11.76,402,0,0,0,0,0,0,-0.012,-0.022,59.89,49.53
"2024-05-12 10:00:00",516,11.76,402,0,-0.065,-0.89,0.16,-0.08,0.014,-0.076,-0.003,57.59,52.98
"2024-05-12 10:30:00",517,11.76,402,0,0.177,0.3,1.92,0.027,0.17,0.023,0.136,57.31,54.75
"2024-05-12 11:00:00",518,11.76,402,0,0.578,2.57,4.48,0.228,0.396,0.202,0.306,61.9,53.34
"2024-05-12 11:30:00",519,11.76,402,0,0.597,2.57,4.73,0.227,0.419,0.203,0.328,59.34,53.65
"2024-05-12 12:00:00",520,11.76,402,0,0.595,2.43,4.86,0.215,0.43,0.197,0.339,59.09,55.15
"2024-05-12 12:30:00",521,11.76,402,0,0.63,2.85,4.84,0.252,0.429,0.228,0.339,64.44,55.18
"2024-05-12 13:00:00",522,11.77,402,0,0.636,2.84,4.92,0.251,0.436,0.234,0.354,58.8,55.01
"2024-05-12 13:30:00",523,11.77,402,0,0.565,2.36,4.56,0.209,0.404,0.178,0.299,57.21,54.91
"2024-05-12 14:00:00",524,11.77,402,0,0.261,1.38,1.78,0.122,0.158,0.112,0.088,62.56,50.97
"2024-05-12 14:30:00",525,11.77,402,0,0.176,0.25,1.97,0.022,0.174,0.024,0.129,56.8,53.01
"2024-05-12 15:00:00",526,11.76,402,0,0.402,1.5,3.44,0.132,0.305,0.118,0.229,59.42,52.35
"2024-05-12 15:30:00",527,11.77,402,0,0.47,1.51,4.3,0.134,0.38,0.122,0.301,57.04,52.43
"2024-05-12 16:00:00",528,11.76,402,0,0.438,1.71,3.67,0.151,0.325,0.143,0.262,62.18,57.16
"2024-05-12 16:30:00",529,11.76,402,0,0.354,1,3.4,0.088,0.301,0.084,0.222,51.37,48.55
"2024-05-12 17:00:00",530,11.76,402,0,0.28,0.45,3.07,0.039,0.272,-99,0.214,68.21,54.33
"2024-05-12 17:30:00",531,11.76,402,0,0.311,0.56,3.35,0.049,0.297,0.062,0.246,50.67,52.87
"2024-05-12 18:00:00",532,11.76,402,0,0.405,1.95,2.98,0.173,0.264,0.145,0.197,62,51.66
"2024-05-12 18:30:00",533,11.76,402,0,0.393,1.55,3.28,0.137,0.29,0.103,0.208,49.9,49.8
"2024-05-12 19:00:00",534,11.76,402,0,0.269,0.91,2.41,0.08,0.213,0.063,0.136,54.6,49.74
"2024-05-12 19:30:00",535,11.76,402,0,0.122,0.11,1.44,0.01,0.127,0.006,0.089,54.09,51.37
"2024-05-12 20:00:00",536,11.75,402,0,0.051,-0.17,0.85,-0.016,0.075,-0.025,0.031,51.33,46.72
"2024-05-12 20:30:00",537,11.75,402,0,0.025,-0.11,0.45,-0.011,0.04,-0.02,-0.004,51.4,45.96
"2024-05-12 21:00:00",538,11.74,402,0,0.003,-0.18,0.24,-0.017,0.021,-0.026,-0.011,55.7,45.6
"2024-05-12 21:30:00",539,11.74,402,0,-0.014,-0.29,0.14,-0.026,0.012,-0.035,-0.022,56.15,47.84
"2024-05-12 22:00:00",540,11.74,402,0,-0.014,-0.25,0.09,-0.023,0.008,-0.029,-0.022,54.99,47.1
"2024-05-12 22:30:00",541,11.74,402,0,-0.032,-0.42,0.05,-0.038,0.004,-0.04,-0.027,56.48,46.94
"2024-05-12 23:00:00",542,11.73,402,0,-0.024,-0.33,0.05,-0.03,0.004,-0.039,-0.03,55.07,46.5
"2024-05-12 23:30:00",543,11.73,402,0,-0.032,-0.34,-0.04,-0.031,-0.004,-0.039,-0.03,54.5,47.01
"2024-05-13 00:00:00",544,11.73,402,0,-0.032,-0.34,-0.04,-0.031,-0.004,-0.039,-0.031,54.77,47.02
"2024-05-13 00:30:00",545,11.72,402,0,-0.035,-0.37,-0.04,-0.034,-0.004,-0.042,-0.03,54.74,46.68
"2024-05-13 01:00:00",546,11.72,402,0,-0.039,-0.45,0,-0.041,0,-0.045,-0.03,54.79,46.89
"2024-05-13 01:30:00",547,11.71,402,0,-0.038,-0.41,-0.04,-0.037,-0.004,-0.039,-0.03,55.34,47.6
"2024-05-13 02:00:00",548,11.71,402,0,-0.042,-0.41,-0.09,-0.037,-0.008,-0.042,-0.03,54.41,46.36
"2024-05-13 02:30:00",549,11.7,402,0,-0.035,-0.33,-0.09,-0.03,-0.008,-0.042,-0.034,54.73,46.98
"2024-05-13 03:00:00",550,11.7,402,0,-0.041,-0.44,-0.04,-0.04,-0.004,-0.044,-0.03,56.03,47.87
"2024-05-13 03:30:00",551,11.7,402,0,-0.044,-0.44,-0.08,-0.04,-0.008,-0.045,-0.034,56.08,47.51
"2024-05-13 04:00:00",552,11.7,402,0,-0.045,-0.41,-0.13,-0.037,-0.012,-0.042,-0.038,55.48,47.98
"2024-05-13 04:30:00",553,11.69,402,0,-0.038,-0.37,-0.08,-0.033,-0.008,-0.042,-0.034,55.21,47.56
"2024-05-13 05:00:00",554,11.7,402,0,-0.042,-0.37,-0.13,-0.033,-0.012,-0.038,-0.038,56.56,47.42
"2024-05-13 05:30:00",555,11.69,402,0,-0.038,-0.37,-0.08,-0.033,-0.008,-0.038,-0.03,54.45,47.78
"2024-05-13 06:00:00",556,11.69,402,0,-0.017,-0.13,-0.08,-0.012,-0.008,-0.024,-0.03,58.6,48.9
"2024-05-13 06:30:00",557,11.69,402,0,-0.058,-0.52,-0.16,-0.047,-0.015,-0.052,-0.036,55.56,50.11
"2024-05-13 07:00:00",558,11.69,402,0,-0.06,-0.55,-0.16,-0.049,-0.015,-0.051,-0.036,57.59,48.86
"2024-05-13 07:30:00",559,11.68,402,0,-0.038,-0.3,-0.16,-0.027,-0.015,-0.036,-0.036,54.5,50.86
"2024-05-13 08:00:00",560,11.68,402,0,-0.029,-0.37,0.04,-0.034,0.003,-0.036,-0.01,62.65,53.77
"2024-05-13 08:30:00",561,11.68,402,0,0.084,0.22,0.83,0.019,0.074,0.014,0.047,63.43,54.15
"2024-05-13 09:00:00",562,11.68,402,0,0.27,1.06,2.26,0.094,0.2,0.086,0.149,61.4,49.81
"2024-05-13 09:30:00",563,11.69,402,0,0.514,2.12,4.18,0.188,0.37,0.174,0.307,62.7,57.68
"2024-05-13 10:00:00",564,11.68,402,0,0.588,2.51,4.68,0.223,0.414,0.214,0.342,64.5,55.79
"2024-05-13 10:30:00",565,11.69,402,0,0.498,1.87,4.26,0.166,0.377,0.158,0.323,57.62,56.55
"2024-05-13 11:00:00",566,11.69,402,0,0.604,2.3,5.13,0.204,0.454,0.197,0.387,60.23,57.26
"2024-05-13 11:30:00",567,11.7,402,0,0.729,3.18,5.73,0.281,0.507,0.256,0.411,58.51,54.31
"2024-05-13 12:00:00",568,11.7,402,0,0.748,3.23,5.92,0.286,0.524,0.261,0.424,60.09,55.74
"2024-05-13 12:30:00",569,11.69,402,0,0.784,3.61,5.94,0.319,0.526,0.282,0.422,59.4,54.38
"2024-05-13 13:00:00",570,11.7,402,0,0.734,3.13,5.85,0.277,0.517,0.258,0.426,60.06,54.49
"2024-05-13 13:30:00",571,11.7,402,0,0.736,3.14,5.86,0.277,0.518,0.258,0.415,60.98,55.41
"2024-05-13 14:00:00",572,11.7,402,0,0.752,3.24,5.96,0.287,0.528,0.267,0.422,61.25,54.75
"2024-05-13 14:30:00",573,11.7,402,0,0.698,2.94,5.6,0.26,0.496,0.247,0.415,63.11,56.62
"2024-05-13 15:00:00",574,11.7,402,0,0.677,2.85,5.43,0.252,0.481,-99,0.412,-99,57.24
"2024-05-13 15:30:00",575,11.7,402,0,0.591,2.56,4.67,0.226,0.413,0.221,0.367,65.45,59.21
"2024-05-13 16:00:00",576,11.7,402,0,0.559,2.42,4.41,0.214,0.39,-99,0.357,-99,61.36
"2024-05-13 16:30:00",577,11.7,402,0,0.645,2.98,4.88,0.264,0.432,0.226,0.35,55.02,54.25
"2024-05-13 17:00:00",578,11.7,402,0,0.5,2.25,3.85,0.199,0.341,-99,0.314,-99,61.4
"2024-05-13 17:30:00",579,11.7,402,0,0.484,2.24,3.66,0.198,0.324,0.194,0.296,65.93,60.36
"2024-05-13 18:00:00",580,11.7,402,0,0.464,2.02,3.65,0.179,0.323,0.171,0.279,65.18,55.83
"2024-05-13 18:30:00",581,11.7,402,0,0.454,2.05,3.49,0.181,0.309,0.16,0.234,56.95,52.09
"2024-05-13 19:00:00",582,11.7,402,0,0.201,-0.31,2.93,-0.029,0.259,-0.52,0.18,48.34,48.23
"2024-05-13 19:30:00",583,11.7,402,0,0.278,0.91,2.53,0.081,0.224,-0.254,0.135,47.96,46.78
"2024-05-13 20:00:00",584,11.69,402,0,0.17,0.5,1.61,0.044,0.143,0.019,0.06,48.91,42.41
"2024-05-13 20:30:00",585,11.69,402,0,0.072,0.05,0.86,0.004,0.076,-0.007,0.013,51.07,43.59
"2024-05-13 21:00:00",586,11.68,402,0,0.031,-0.08,0.49,-0.008,0.044,-0.018,-0.004,50.82,44.01
"2024-05-13 21:30:00",587,11.68,402,0,0.008,-0.24,0.37,-0.022,0.033,-0.024,-0.012,51.39,44.57
"2024-05-13 22:00:00",588,11.67,402,0,0.003,-0.19,0.26,-0.018,0.023,-0.027,-0.016,52.91,45.02
"2024-05-13 22:30:00",589,11.67,402,0,-0.003,-0.27,0.25,-0.025,0.022,-0.034,-0.02,53.05,46.23
"2024-05-13 23:00:00",590,11.65,402,0,-0.019,-0.31,0.1,-0.028,0.009,-0.034,-0.02,53.44,46.21
"2024-05-13 23:30:00",591,11.66,402,0,-0.018,-0.35,0.15,-0.032,0.013,-0.04,-0.016,53.51,45.88
"2024-05-14 00:00:00",592,11.65,402,0,-0.025,-0.34,0.05,-0.031,0.004,-0.033,-0.031,54.33,46.85
"2024-05-14 00:30:00",593,11.64,402,0,-0.018,-0.3,0.1,-0.027,0.009,-0.033,-0.023,54.31,47.65
"2024-05-14 01:00:00",594,11.64,402,0,-0.033,-0.38,0,-0.035,0,-0.037,-0.031,54.18,47.26
"2024-05-14 01:30:00",595,11.64,402,0,-0.025,-0.34,0.05,-0.031,0.004,-0.04,-0.023,55.11,46.8
"2024-05-14 02:00:00",596,11.64,402,0,-0.032,-0.34,-0.04,-0.031,-0.004,-0.036,-0.031,54.48,47
"2024-05-14 02:30:00",597,11.63,402,0,-0.025,-0.34,0.05,-0.031,0.004,-0.036,-0.023,55.2,48.13
"2024-05-14 03:00:00",598,11.63,402,0,-0.026,-0.3,0,-0.027,0,-0.032,-0.027,54.33,46.84
"2024-05-14 03:30:00",599,11.63,402,0,-0.031,-0.33,-0.04,-0.03,-0.004,-0.035,-0.03,55.95,47.65
"2024-05-14 04:00:00",600,11.63,402,0,-0.032,-0.37,0,-0.033,0,-0.035,-0.027,56.27,47.71
"2024-05-14 04:30:00",601,11.62,402,0,-0.025,-0.34,0.05,-0.031,0.004,-0.036,-0.027,54.89,47.55
"2024-05-14 05:00:00",602,11.62,402,0,-0.028,-0.33,0,-0.03,0,-0.036,-0.023,55.58,47.02
"2024-05-14 05:30:00",603,11.62,402,0,-0.035,-0.37,-0.04,-0.034,-0.004,-0.039,-0.027,55.24,48.82
"2024-05-14 06:00:00",604,11.62,402,0,-0.021,-0.29,0.05,-0.026,0.004,-0.032,-0.027,57.07,47.94
"2024-05-14 06:30:00",605,11.61,402,0,-0.024,-0.28,0,-0.025,0,-0.031,-0.022,58.35,49.06
"2024-05-14 07:00:00",606,11.61,402,0,0,-0.2,0.22,-0.019,0.02,-0.024,-0.007,59.04,49.09
"2024-05-14 07:30:00",607,11.61,402,0,0.053,0.03,0.64,0.003,0.056,-0.003,0.028,60.91,53.02
"2024-05-14 08:00:00",608,11.61,402,0,0.203,0.75,1.75,0.067,0.155,0.06,0.114,64.81,55.13
"2024-05-14 08:30:00",609,11.61,402,0,0.371,1.52,3.03,0.134,0.268,0.128,0.219,65.36,55.84
"2024-05-14 09:00:00",610,11.61,402,0,0.464,1.95,3.73,0.172,0.33,0.157,0.27,59.77,55.42
"2024-05-14 09:30:00",611,11.62,402,0,0.485,2.09,3.84,0.185,0.34,0.175,0.279,63.46,55.43
"2024-05-14 10:00:00",612,11.62,402,0,0.71,3.05,5.63,0.27,0.498,-99,0.424,-99,57.69
"2024-05-14 10:30:00",613,11.62,402,0,0.717,3.09,5.68,0.273,0.503,-0.028,0.428,61.67,57.06
"2024-05-14 11:00:00",614,11.62,402,0,0.747,3.27,5.85,0.289,0.518,0.278,0.443,61.57,56.97
"2024-05-14 11:30:00",615,11.62,402,0,0.646,2.81,5.09,0.248,0.45,0.226,0.357,55.13,54.87
"2024-05-14 12:00:00",616,11.63,402,0,0.586,2.58,4.58,0.229,0.405,-0.066,0.324,60.21,53.15
"2024-05-14 12:30:00",617,11.63,402,0,0.46,1.98,3.65,0.175,0.323,0.145,0.238,55.94,49.7
"2024-05-14 13:00:00",618,11.63,402,0,0.394,1.72,3.1,0.153,0.274,0.131,0.201,56.32,50.23
"2024-05-14 13:30:00",619,11.62,402,0,0.407,1.62,3.37,0.144,0.298,0.124,0.222,56.08,49.84
"2024-05-14 14:00:00",620,11.62,402,0,0.275,0.96,2.43,0.085,0.215,0.077,0.151,58.22,50.75
"2024-05-14 14:30:00",621,11.61,402,0,0.238,0.78,2.16,0.069,0.191,0.056,0.135,55.21,49.52
"2024-05-14 15:00:00",622,11.62,402,0,0.112,0.36,1.02,0.032,0.09,0.022,0.051,57.76,51.26
"2024-05-14 15:30:00",623,11.61,402,0,0.151,0.46,1.41,0.041,0.125,0.031,0.08,59.11,51.64
"2024-05-14 16:00:00",624,11.61,402,0,0.272,0.96,2.39,0.085,0.212,0.025,0.143,54.91,50.46
"2024-05-14 16:30:00",625,11.61,402,0,0.271,1.01,2.32,0.09,0.206,0.073,0.135,54.34,50.4
"2024-05-14 17:00:00",626,11.61,402,0,0.288,1.07,2.48,0.095,0.22,0.081,0.148,55.43,50.01
