"TOA5","CR300Series_401","CR300","27022","CR300-RF407.Std.10.04","CPU:CR300_sapflow.CR300","8254","Table2"
"TIMESTAMP","RECORD","BattV_Min","id","SDI1","SapFlwTot1","VhOuter1","VhInner1","AlphaOut1","AlphaIn1","BetaOut1","BetaIn1","tMaxTout1","tMaxTin1"
"TS","RN","Volts","","","literPerHour","heatVelocity","heatVelocity","logTRatio","logTRatio","logTRatio","logTRatio","second","second"
"","","Min","Smp","Smp","Smp","Smp","Smp","Smp","Smp","Smp","Smp","Smp","Smp"
"2021-05-26 10:00:00",0,12.6,401,1,6.102,4.76,39.74,0.422,1.342,0.341,1.037,46.37,35.79
"2021-05-26 10:30:00",1,12.6,401,1,6.712,5.2,43.75,0.46,1.503,0.389,1.18,44.59,34.12
"2021-05-26 11:00:00",2,12.6,401,1,7.133,5.8,46.2,0.513,1.675,0.435,1.305,44.04,33.16
"2021-05-26 11:30:00",3,12.61,401,1,7.891,5.87,51.7,0.52,1.861,0.471,1.455,42.45,31.16
"2021-05-26 12:00:00",4,12.61,401,1,8.21,6.37,53.52,0.564,2.027,0.515,1.541,41.69,30.55
"2021-05-26 12:30:00",5,12.62,401,1,8.8,6.39,57.79,0.566,2.159,0.545,1.652,40.75,29.19
"2021-05-26 13:00:00",6,12.62,401,1,9.05,6.87,59.16,0.608,2.277,0.575,1.713,39.52,28.78
"2021-05-26 13:30:00",7,12.61,401,1,9.28,6.41,61.33,0.567,2.22,0.57,1.75,38.89,28.15
"2021-05-26 14:00:00",8,12.62,401,1,9.31,5.54,62.45,0.49,1.994,0.546,1.753,39.79,27.84
"2021-05-26 14:30:00",9,12.61,401,1,9.39,6.29,62.27,0.556,2.063,0.576,1.754,39.6,27.89
"2021-05-26 15:00:00",10,12.6,401,1,9.48,6.72,62.44,0.595,2.206,0.593,1.764,39.14,27.84
"2021-05-26 15:30:00",11,12.6,401,1,9.43,6.65,62.14,0.588,2.218,0.589,1.759,39.32,27.93
"2021-05-26 16:00:00",12,12.6,401,1,9.35,6.69,61.52,0.592,2.121,0.584,1.719,39.4,28.1
"2021-05-26 16:30:00",13,12.59,401,1,8.94,6.57,58.65,0.581,2.109,0.562,1.676,39.93,28.93
"2021-05-26 17:00:00",14,12.59,401,1,8.63,6.58,56.34,0.582,2.021,0.546,1.597,40.38,29.64
"2021-05-26 17:30:00",15,12.59,401,1,8.12,6.31,52.9,0.558,1.911,0.52,1.52,41.24,30.76
"2021-05-26 18:00:00",16,12.59,401,1,7.564,5.96,49.2,0.527,1.758,0.47,1.371,42.62,32.04
"2021-05-26 18:30:00",17,12.59,401,1,6.933,5.57,44.98,0.493,1.576,0.416,1.224,44.51,33.63
"2021-05-26 19:00:00",18,12.59,401,1,6.489,5.1,42.22,0.451,1.396,0.361,1.056,44.65,34.74
"2021-05-26 19:30:00",19,12.59,401,1,2.348,4.11,12.84,0.364,1.137,0.279,0.856,45.21,36.78
"2021-05-26 20:00:00",20,12.58,401,1,1.798,3.08,9.9,0.273,0.877,0.197,0.636,45.13,37.26
"2021-05-26 20:30:00",21,12.58,401,1,1.394,2.3,7.77,0.204,0.687,0.142,0.486,46.26,38.64
"2021-05-26 21:00:00",22,12.57,401,1,1.125,1.74,6.4,0.154,0.566,0.1,0.391,46.81,38.53
"2021-05-26 21:30:00",23,12.57,401,1,0.954,1.4,5.51,0.124,0.488,0.074,0.323,46.28,37.84
"2021-05-26 22:00:00",24,12.56,401,1,0.817,1.09,4.83,0.096,0.428,0.055,0.275,46.26,37.98
"2021-05-26 22:30:00",25,12.56,401,1,0.741,1.02,4.35,0.09,0.385,0.048,0.239,46.53,37.99
"2021-05-26 23:00:00",26,12.56,401,1,0.667,0.82,4.02,0.073,0.356,0.034,0.214,47.13,39
"2021-05-26 23:30:00",27,12.56,401,1,0.665,0.86,3.96,0.076,0.351,0.034,0.208,45.81,38.34
"2021-05-27 00:00:00",28,12.55,401,1,0.647,0.78,3.92,0.069,0.347,0.032,0.199,46.48,37.63
"2021-05-27 00:30:00",29,12.55,401,1,0.588,0.68,3.59,0.06,0.318,0.019,0.176,46.11,37.82
"2021-05-27 01:00:00",30,12.55,401,1,0.515,0.57,3.17,0.05,0.281,0.01,0.142,47.04,37.68
"2021-05-27 01:30:00",31,12.55,401,1,0.456,0.41,2.91,0.036,0.257,0.004,0.121,47.03,38.18
"2021-05-27 02:00:00",32,12.54,401,1,0.412,0.29,2.72,0.026,0.241,-0.006,0.115,47.65,37.73
"2021-05-27 02:30:00",33,12.54,401,1,0.407,0.31,2.66,0.028,0.235,-0.006,0.111,47.58,37.66
"2021-05-27 03:00:00",34,12.53,401,1,0.443,0.39,2.84,0.034,0.251,0,0.121,47.27,38.17
"2021-05-27 03:30:00",35,12.53,401,1,0.515,0.51,3.24,0.045,0.287,0.01,0.148,47.11,38.01
"2021-05-27 04:00:00",36,12.53,401,1,0.549,0.62,3.37,0.055,0.299,0.014,0.157,47.16,37.5
"2021-05-27 04:30:00",37,12.53,401,1,0.579,0.64,3.57,0.056,0.316,0.015,0.17,47.45,37.93
"2021-05-27 05:00:00",38,12.53,401,1,0.553,0.58,3.44,0.051,0.305,0.013,0.165,47.42,37.5
"2021-05-27 05:30:00",39,12.52,401,1,0.513,0.54,3.19,0.047,0.282,0.012,0.146,47.12,37.87
"2021-05-27 06:00:00",40,12.52,401,1,0.601,0.77,3.59,0.068,0.318,0.023,0.168,47.04,38.09
"2021-05-27 06:30:00",41,12.52,401,1,0.907,1.27,5.3,0.112,0.469,0.07,0.295,48.56,38.38
"2021-05-27 07:00:00",42,12.52,401,1,1.263,1.94,7.2,0.171,0.637,0.121,0.436,48.51,38.03
"2021-05-27 07:30:00",43,12.52,401,1,1.949,3.15,10.94,0.279,0.968,0.216,0.697,47.54,37.36
"2021-05-27 08:00:00",44,12.52,401,1,2.411,3.89,13.54,0.345,1.198,0.285,0.874,48.05,35.83
"2021-05-27 08:30:00",45,12.54,401,1,6.364,4.72,41.71,0.418,1.443,0.354,1.06,46.66,34.96
"2021-05-27 09:00:00",46,12.56,401,1,7.051,5.49,45.93,0.486,1.693,0.426,1.24,44.97,33.26
"2021-05-27 09:30:00",47,12.53,401,1,7.404,5.83,48.16,0.516,1.841,0.462,1.343,44.53,32.41
"2021-05-27 10:00:00",48,12.53,401,1,7.866,6.04,51.33,0.534,1.962,0.497,1.454,43.1,31.28
"2021-05-27 10:30:00",49,12.56,401,1,8.47,6.29,55.47,0.557,2.097,0.53,1.545,42.7,29.91
"2021-05-27 11:00:00",50,12.55,401,1,8.64,6.4,56.62,0.567,2.145,0.55,1.593,41.52,29.55
"2021-05-27 11:30:00",51,12.54,401,1,8.99,6.28,59.36,0.556,2.065,0.556,1.638,40.94,28.72
"2021-05-27 12:00:00",52,12.54,401,1,9.07,6.54,59.68,0.579,2.145,0.565,1.637,40.85,28.63
"2021-05-27 12:30:00",53,12.55,401,1,9.04,6.62,59.36,0.586,2.113,0.585,1.659,40.28,28.72
"2021-05-27 13:00:00",54,12.54,401,1,9.27,6.82,60.8,0.604,2.127,0.583,1.65,40.11,28.3
"2021-05-27 13:30:00",55,12.53,401,1,8.97,6.42,59.05,0.568,2.061,0.565,1.635,40.77,28.81
"2021-05-27 14:00:00",56,12.54,401,1,8.53,4.1,58.31,0.363,1.788,0.452,1.605,40.75,29.04
"2021-05-27 14:30:00",57,12.53,401,1,8.94,6.23,59.04,0.552,2.094,0.558,1.631,40.22,28.82
"2021-05-27 15:00:00",58,12.53,401,1,8.99,6.72,58.88,0.595,2.126,0.575,1.623,40.57,28.87
"2021-05-27 15:30:00",59,12.53,401,1,8.69,6.48,56.95,0.574,2.062,0.551,1.583,41.26,29.45
"2021-05-27 16:00:00",60,12.53,401,1,8.41,6.25,55.07,0.553,1.975,0.532,1.522,42.41,30.04
"2021-05-27 16:30:00",61,12.53,401,1,8.16,6.27,53.21,0.555,1.939,0.513,1.447,43.17,30.65
"2021-05-27 17:00:00",62,12.53,401,1,7.741,6.1,50.35,0.54,1.867,0.487,1.378,43.18,31.63
"2021-05-27 17:30:00",63,12.52,401,1,7.339,5.84,47.67,0.517,1.773,0.457,1.301,44.14,32.6
"2021-05-27 18:00:00",64,12.52,401,1,6.932,5.5,45.05,0.487,1.63,0.42,1.205,45.15,33.6
"2021-05-27 18:30:00",65,12.52,401,1,6.416,4.93,41.87,0.437,1.454,0.372,1.087,46.6,34.89
"2021-05-27 19:00:00",66,12.52,401,1,2.57,4.4,14.16,0.389,1.254,0.317,0.919,46.9,35.76
"2021-05-27 19:30:00",67,12.52,401,1,2.099,3.59,11.57,0.318,1.024,0.244,0.746,47.98,37.24
"2021-05-27 20:00:00",68,12.51,401,1,1.684,2.78,9.39,0.246,0.831,0.176,0.581,47.42,37.76
"2021-05-27 20:30:00",69,12.51,401,1,1.28,2,7.26,0.177,0.643,0.119,0.43,46.83,37.88
"2021-05-27 21:00:00",70,12.51,401,1,0.97,1.37,5.66,0.121,0.501,0.075,0.32,47.65,38.54
"2021-05-27 21:30:00",71,12.5,401,1,0.77,0.97,4.62,0.086,0.409,0.046,0.247,47.33,38.63
"2021-05-27 22:00:00",72,12.5,401,1,0.654,0.75,4,0.066,0.354,0.029,0.202,48.03,37.55
"2021-05-27 22:30:00",73,12.5,401,1,0.585,0.64,3.61,0.056,0.32,0.019,0.175,46.98,38.7
"2021-05-27 23:00:00",74,12.49,401,1,0.513,0.51,3.22,0.046,0.285,0.01,0.144,47.17,38.07
"2021-05-27 23:30:00",75,12.49,401,1,0.462,0.37,3,0.033,0.265,-0.002,0.126,47,37.75
"2021-05-28 00:00:00",76,12.48,401,1,0.396,0.24,2.65,0.022,0.235,-0.012,0.101,47.55,37.23
"2021-05-28 00:30:00",77,12.48,401,1,0.339,0.17,2.31,0.015,0.204,-0.016,0.077,47.8,37.48
"2021-05-28 01:00:00",78,12.48,401,1,0.307,0.1,2.15,0.009,0.191,-0.019,0.068,47.22,37.05
"2021-05-28 01:30:00",79,12.48,401,1,0.304,0.1,2.13,0.009,0.188,-0.019,0.062,47.32,37.56
"2021-05-28 02:00:00",80,12.47,401,1,0.264,0,1.94,0,0.172,-0.031,0.048,47.21,37.96
"2021-05-28 02:30:00",81,12.47,401,1,0.246,0,1.81,0,0.16,-0.027,0.04,47.5,37.32
"2021-05-28 03:00:00",82,12.47,401,1,0.276,0.1,1.92,0.009,0.17,-0.023,0.05,47.55,37.47
"2021-05-28 03:30:00",83,12.47,401,1,0.243,-0.04,1.83,-0.004,0.162,-0.031,0.039,47.73,37.81
"2021-05-28 04:00:00",84,12.46,401,1,0.245,0,1.8,0,0.159,-0.029,0.037,46.94,38.09
"2021-05-28 04:30:00",85,12.46,401,1,0.223,-0.02,1.66,-0.002,0.147,-0.031,0.027,47.59,37.67
"2021-05-28 05:00:00",86,12.46,401,1,0.195,-0.06,1.5,-0.007,0.133,-0.035,0.017,46.98,37.62
"2021-05-28 05:30:00",87,12.46,401,1,0.175,-0.14,1.44,-0.013,0.127,-0.039,0.01,47.7,36.96
"2021-05-28 06:00:00",88,12.46,401,1,0.211,0,1.55,0,0.137,-0.029,0.021,47.75,37.58
"2021-05-28 06:30:00",89,12.46,401,1,0.336,0.22,2.23,0.019,0.198,-0.012,0.071,48.06,37.58
"2021-05-28 07:00:00",90,12.45,401,1,0.482,0.49,3.02,0.043,0.267,0.008,0.126,47.86,38.09
"2021-05-28 07:30:00",91,12.45,401,1,0.621,0.73,3.78,0.064,0.335,0.029,0.182,49.03,37.07
"2021-05-28 08:00:00",92,12.45,401,1,1.025,1.54,5.88,0.137,0.521,0.09,0.333,49.4,38.41
"2021-05-28 08:30:00",93,12.47,401,1,1.445,2.19,8.27,0.193,0.732,0.148,0.511,49.84,38.54
"2021-05-28 09:00:00",94,12.47,401,1,2.072,3.41,11.56,0.302,1.023,0.238,0.726,48.71,37.15
"2021-05-28 09:30:00",95,12.46,401,1,2.529,4.11,14.17,0.364,1.255,0.305,0.915,47.65,36.09
"2021-05-28 10:00:00",96,12.46,401,1,6.46,4.8,42.33,0.425,1.477,0.373,1.094,46.4,34.69
"2021-05-28 10:30:00",97,12.51,401,1,7.245,5.86,46.96,0.518,1.727,0.453,1.273,44.98,32.86
"2021-05-28 11:00:00",98,12.5,401,1,7.59,5.79,49.57,0.512,1.855,0.475,1.354,44.28,31.91
"2021-05-28 11:30:00",99,12.49,401,1,8.08,5.51,53.5,0.488,1.942,0.48,1.449,43.07,30.55
"2021-05-28 12:00:00",100,12.5,401,1,8.58,6.72,55.83,0.595,2.118,0.551,1.503,42.58,29.8
"2021-05-28 12:30:00",101,12.51,401,1,8.92,6.63,58.46,0.587,2.069,0.562,1.573,40.14,28.99
"2021-05-28 13:00:00",102,12.5,401,1,8.7,6.94,56.49,0.614,2.144,0.563,1.523,40.99,29.59
"2021-05-28 13:30:00",103,12.5,401,1,8.45,6.13,55.53,0.542,1.944,0.531,1.512,41.86,29.9
"2021-05-28 14:00:00",104,12.5,401,1,8.52,4.94,57.32,0.437,1.887,0.484,1.525,41.3,29.34
"2021-05-28 14:30:00",105,12.5,401,1,8.7,6.6,56.84,0.584,1.986,0.554,1.525,42.93,29.48
"2021-05-28 15:00:00",106,12.48,401,1,7.57,6.54,48.62,0.579,1.907,0.499,1.332,44.21,32.25
"2021-05-28 15:30:00",107,12.47,401,1,6.816,5.38,44.32,0.477,1.538,0.396,1.11,46.01,33.89
"2021-05-28 16:00:00",108,12.48,401,1,6.82,5.25,44.49,0.465,1.545,0.4,1.13,45.63,33.82
"2021-05-28 16:30:00",109,12.47,401,1,2.855,4.8,15.82,0.425,1.4,0.342,0.992,46.81,35.67
"2021-05-28 17:00:00",110,12.47,401,1,2.098,3.62,11.53,0.321,1.021,0.237,0.696,47.78,36.89
"2021-05-28 17:30:00",111,12.46,401,1,1.925,3.16,10.75,0.28,0.952,0.219,0.673,47.57,38.46
"2021-05-28 18:00:00",112,12.46,401,1,2.004,3.33,11.15,0.295,0.987,0.224,0.695,46.62,36.86
"2021-05-28 18:30:00",113,12.45,401,1,1.813,3.02,10.08,0.268,0.892,0.197,0.615,47.59,38.33
"2021-05-28 19:00:00",114,12.45,401,1,1.488,2.37,8.39,0.21,0.742,0.148,0.497,48.92,38.18
"2021-05-28 19:30:00",115,12.45,401,1,1.205,1.83,6.89,0.162,0.61,0.107,0.396,47.73,37.81
"2021-05-28 20:00:00",116,12.45,401,1,0.972,1.36,5.68,0.121,0.502,0.075,0.312,47.71,38.61
"2021-05-28 20:30:00",117,12.44,401,1,0.8,1.07,4.73,0.095,0.419,0.052,0.251,47.78,38.12
"2021-05-28 21:00:00",118,12.44,401,1,0.505,0.47,3.21,0.041,0.284,0.01,0.141,47.61,37.95
"2021-05-28 21:30:00",119,12.44,401,1,0.324,0.17,2.2,0.015,0.195,-0.018,0.068,47.57,37.25
"2021-05-28 22:00:00",120,12.44,401,1,0.214,-0.09,1.67,-0.009,0.148,-0.037,0.029,47.43,37.36
"2021-05-28 22:30:00",121,12.43,401,1,0.163,-0.11,1.32,-0.011,0.117,-0.037,0.008,46.93,37.42
"2021-05-28 23:00:00",122,12.43,401,1,0.116,-0.23,1.1,-0.022,0.098,-0.047,-0.012,46.51,36.34
"2021-05-28 23:30:00",123,12.43,401,1,0.084,-0.3,0.94,-0.028,0.083,-0.048,-0.019,47.24,37.88
"2021-05-29 00:00:00",124,12.43,401,1,0.074,-0.31,0.88,-0.028,0.078,-0.05,-0.023,48,36.85
"2021-05-29 00:30:00",125,12.42,401,1,0.06,-0.33,0.8,-0.03,0.071,-0.053,-0.031,47.79,36.49
"2021-05-29 01:00:00",126,12.42,401,1,0.087,-0.25,0.91,-0.023,0.08,-0.052,-0.027,46.68,36.91
"2021-05-29 01:30:00",127,12.42,401,1,0.059,-0.36,0.82,-0.033,0.072,-0.055,-0.034,46.89,36.56
"2021-05-29 02:00:00",128,12.42,401,1,0.058,-0.34,0.79,-0.031,0.07,-0.053,-0.033,46.69,36.61
"2021-05-29 02:30:00",129,12.42,401,1,0.056,-0.32,0.76,-0.029,0.067,-0.053,-0.04,47.35,36.36
"2021-05-29 03:00:00",130,12.42,401,1,0.048,-0.32,0.7,-0.029,0.062,-0.053,-0.042,46.93,36.75
"2021-05-29 03:30:00",131,12.41,401,1,0.037,-0.36,0.66,-0.033,0.059,-0.057,-0.046,47.58,36.83
"2021-05-29 04:00:00",132,12.41,401,1,0.041,-0.37,0.7,-0.034,0.062,-0.056,-0.042,47.25,36.25
"2021-05-29 04:30:00",133,12.41,401,1,0.033,-0.4,0.67,-0.036,0.06,-0.056,-0.048,47.11,36.36
"2021-05-29 05:00:00",134,12.41,401,1,0.033,-0.38,0.65,-0.035,0.057,-0.057,-0.047,46.18,37.23
"2021-05-29 05:30:00",135,12.4,401,1,0.058,-0.32,0.77,-0.029,0.069,-0.052,-0.04,46.98,36.24
"2021-05-29 06:00:00",136,12.4,401,1,0.057,-0.28,0.72,-0.025,0.064,-0.055,-0.049,48.21,36.4
"2021-05-29 06:30:00",137,12.4,401,1,0.058,-0.3,0.75,-0.027,0.066,-0.052,-0.047,46.32,36.55
"2021-05-29 07:00:00",138,12.4,401,1,0.053,-0.22,0.63,-0.021,0.056,-0.053,-0.058,47.2,36.45
"2021-05-29 07:30:00",139,12.39,401,1,0.025,-0.32,0.53,-0.029,0.047,-0.054,-0.06,47.52,35.55
"2021-05-29 08:00:00",140,12.39,401,1,-0.018,-0.53,0.43,-0.048,0.038,-0.068,-0.066,47.1,37.59
"2021-05-29 08:30:00",141,12.39,401,1,-0.006,-0.42,0.4,-0.038,0.036,-0.06,-0.07,47.37,35.14
"2021-05-29 09:00:00",142,12.38,401,1,-0.012,-0.38,0.31,-0.035,0.027,-0.059,-0.074,48.09,37.34
"2021-05-29 09:30:00",143,12.38,401,1,0.008,-0.29,0.37,-0.027,0.033,-0.052,-0.072,45.62,36.51
"2021-05-29 10:00:00",144,12.38,401,1,-0.026,-0.52,0.36,-0.047,0.032,-0.07,-0.067,46.69,37.43
"2021-05-29 10:30:00",145,12.37,401,1,-0.011,-0.37,0.31,-0.034,0.027,-0.06,-0.072,48.4,36.44
"2021-05-29 11:00:00",146,12.37,401,1,-0.006,-0.39,0.37,-0.036,0.032,-0.06,-0.053,47.9,35.93
"2021-05-29 11:30:00",147,12.37,401,1,-0.03,-0.41,0.21,-0.037,0.019,-0.061,-0.078,47.36,35.95
"2021-05-29 12:00:00",148,12.37,401,1,-0.059,-0.44,0.03,-0.04,0.003,-0.061,-0.082,48.19,36.21
"2021-05-29 12:30:00",149,12.37,401,1,-0.061,-0.56,0.15,-0.05,0.013,-0.069,-0.086,47.77,36.46
"2021-05-29 13:00:00",150,12.37,401,1,0.002,-0.47,0.52,-0.042,0.046,-0.064,-0.059,47.99,36.02
"2021-05-29 13:30:00",151,12.37,401,1,0.026,-0.42,0.64,-0.038,0.057,-0.062,-0.048,48.25,35.86
"2021-05-29 14:00:00",152,12.36,401,1,0.146,-0.12,1.2,-0.011,0.106,-0.04,-0.009,48.21,37.05
"2021-05-29 14:30:00",153,12.36,401,1,0.234,0.02,1.7,0.002,0.15,-0.026,0.032,45.13,37.25
"2021-05-29 15:00:00",154,12.36,401,1,-0.012,-0.49,0.43,-0.045,0.038,-0.066,-0.072,48.24,35.45
"2021-05-29 15:30:00",155,12.36,401,1,-0.022,-0.42,0.28,-0.038,0.024,-0.059,-0.066,48.16,36.04
"2021-05-29 16:00:00",156,12.36,401,1,-0.097,-0.62,-0.05,-0.056,-0.005,-0.078,-0.102,46.84,36.51
"2021-05-29 16:30:00",157,12.35,401,1,-0.109,-0.68,-0.08,-0.061,-0.008,-0.082,-0.1,47.2,37.43
"2021-05-29 17:00:00",158,12.35,401,1,-0.116,-0.61,-0.2,-0.054,-0.019,-0.075,-0.108,47.18,35.21
"2021-05-29 17:30:00",159,12.35,401,1,-0.093,-0.54,-0.11,-0.049,-0.011,-0.07,-0.099,46.68,35.79
"2021-05-29 18:00:00",160,12.35,401,1,-0.101,-0.54,-0.17,-0.049,-0.016,-0.071,-0.101,48.37,36.25
"2021-05-29 18:30:00",161,12.34,401,1,-0.093,-0.54,-0.11,-0.049,-0.011,-0.067,-0.105,46.81,36.88
"2021-05-29 19:00:00",162,12.34,401,1,-0.107,-0.61,-0.14,-0.055,-0.014,-0.071,-0.121,47.41,36.51
"2021-05-29 19:30:00",163,12.34,401,1,-0.104,-0.59,-0.14,-0.053,-0.013,-0.073,-0.107,48.68,36.71
"2021-05-29 20:00:00",164,12.34,401,1,-0.107,-0.61,-0.14,-0.055,-0.014,-0.073,-0.106,47.72,36.72
"2021-05-29 20:30:00",165,12.34,401,1,-0.11,-0.6,-0.17,-0.054,-0.016,-0.074,-0.103,46.9,37.13
"2021-05-29 21:00:00",166,12.34,401,1,-0.108,-0.56,-0.2,-0.051,-0.019,-0.075,-0.112,46.09,36.98
"2021-05-29 21:30:00",167,12.34,401,1,-0.106,-0.6,-0.14,-0.054,-0.014,-0.074,-0.108,47.18,36.43
"2021-05-29 22:00:00",168,12.33,401,1,-0.113,-0.62,-0.17,-0.056,-0.016,-0.076,-0.106,46.9,35.08
"2021-05-29 22:30:00",169,12.33,401,1,-0.089,-0.54,-0.08,-0.049,-0.008,-0.067,-0.093,46.81,35.25
"2021-05-29 23:00:00",170,12.33,401,1,-0.085,-0.51,-0.08,-0.046,-0.008,-0.072,-0.103,47.84,36.43
"2021-05-29 23:30:00",171,12.33,401,1,-0.067,-0.49,0.03,-0.044,0.003,-0.065,-0.088,47.61,37.02
"2021-05-30 00:00:00",172,12.33,401,1,-0.043,-0.44,0.15,-0.04,0.013,-0.064,-0.084,48.08,35.96
"2021-05-30 00:30:00",173,12.33,401,1,-0.078,-0.54,0,-0.049,0,-0.068,-0.095,48.7,36.17
"2021-05-30 01:00:00",174,12.33,401,1,-0.125,-0.62,-0.26,-0.056,-0.024,-0.076,-0.11,47.29,35.58
"2021-05-30 01:30:00",175,12.33,401,1,-0.109,-0.54,-0.23,-0.049,-0.022,-0.072,-0.114,47.96,36.66
"2021-05-30 02:00:00",176,12.32,401,1,-0.113,-0.51,-0.29,-0.046,-0.027,-0.069,-0.112,47.32,37.24
"2021-05-30 02:30:00",177,12.32,401,1,-0.122,-0.57,-0.29,-0.051,-0.027,-0.074,-0.118,47.1,35.95
"2021-05-30 03:00:00",178,12.32,401,1,-0.138,-0.59,-0.39,-0.053,-0.035,-0.075,-0.125,48.16,35.78
"2021-05-30 03:30:00",179,12.32,401,1,-0.144,-0.61,-0.41,-0.055,-0.038,-0.075,-0.126,47.71,35.59
"2021-05-30 04:00:00",180,12.32,401,1,-0.137,-0.62,-0.35,-0.056,-0.032,-0.076,-0.12,47.31,36.57
"2021-05-30 04:30:00",181,12.32,401,1,-0.105,-0.51,-0.23,-0.046,-0.022,-0.069,-0.114,48.42,35.63
"2021-05-30 05:00:00",182,12.31,401,1,-0.127,-0.57,-0.33,-0.051,-0.03,-0.072,-0.118,46.5,35.75
"2021-05-30 05:30:00",183,12.32,401,1,-0.133,-0.59,-0.35,-0.053,-0.032,-0.073,-0.118,47.31,36.56
"2021-05-30 06:00:00",184,12.31,401,1,-0.138,-0.59,-0.39,-0.053,-0.035,-0.074,-0.123,47.48,35.25
"2021-05-30 06:30:00",185,12.31,401,1,-0.133,-0.62,-0.32,-0.056,-0.03,-0.078,-0.118,47.38,36.22
"2021-05-30 07:00:00",186,12.31,401,1,-0.118,-0.57,-0.26,-0.051,-0.024,-0.072,-0.114,47.71,35.74
"2021-05-30 07:30:00",187,12.31,401,1,-0.133,-0.59,-0.35,-0.053,-0.032,-0.074,-0.118,47.37,36.22
"2021-05-30 08:00:00",188,12.31,401,1,-0.118,-0.57,-0.26,-0.051,-0.024,-0.072,-0.112,47.63,35.66
"2021-05-30 08:30:00",189,12.3,401,1,-0.14,-0.61,-0.38,-0.054,-0.035,-0.075,-0.122,48.12,36.31
"2021-05-30 09:00:00",190,12.3,401,1,-0.122,-0.54,-0.32,-0.049,-0.03,-0.074,-0.123,46.61,35.71
"2021-05-30 09:30:00",191,12.3,401,1,-0.133,-0.56,-0.38,-0.051,-0.035,-0.072,-0.122,48.54,35.9
"2021-05-30 10:00:00",192,12.3,401,1,-0.081,-0.51,-0.05,-0.046,-0.005,-0.067,-0.095,47.17,36.02
"2021-05-30 10:30:00",193,12.3,401,1,-0.011,-0.36,0.3,-0.033,0.026,-0.055,-0.071,47.63,37.29
"2021-05-30 11:00:00",194,12.3,401,1,0.03,-0.24,0.48,-0.022,0.043,-0.047,-0.061,48.06,36.34
"2021-05-30 11:30:00",195,12.3,401,1,0.07,-0.19,0.72,-0.017,0.064,-0.045,-0.042,48.82,36.99
"2021-05-30 12:00:00",196,12.3,401,1,0.151,0,1.11,0,0.098,-0.03,-0.019,47.9,37.15
"2021-05-30 12:30:00",197,12.3,401,1,0.239,0.1,1.65,0.009,0.146,-0.022,0.025,47.38,37.04
"2021-05-30 13:00:00",198,12.3,401,1,0.352,0.35,2.21,0.031,0.196,-0.004,0.061,47.63,37.29
"2021-05-30 13:30:00",199,12.3,401,1,0.474,0.59,2.85,0.052,0.253,0.014,0.109,48.45,38.26
"2021-05-30 14:00:00",200,12.29,401,1,0.567,0.76,3.35,0.067,0.296,0.024,0.134,47.8,38.53
"2021-05-30 14:30:00",201,12.29,401,1,0.589,0.79,3.48,0.07,0.308,0.028,0.158,46.96,37.44
"2021-05-30 15:00:00",202,12.29,401,1,0.571,0.75,3.39,0.067,0.3,0.031,0.143,48.09,37.91
"2021-05-30 15:30:00",203,12.29,401,1,0.655,0.98,3.76,0.087,0.333,0.044,0.166,48.04,36.73
"2021-05-30 16:00:00",204,12.29,401,1,0.685,0.95,4.01,0.084,0.355,0.045,0.189,48.65,36.93
"2021-05-30 16:30:00",205,12.29,401,1,0.814,1.26,4.63,0.112,0.41,0.063,0.23,47.26,38
"2021-05-30 17:00:00",206,12.29,401,1,0.938,1.53,5.25,0.136,0.465,0.082,0.273,49.72,37.9
"2021-05-30 17:30:00",207,12.29,401,1,0.978,1.54,5.53,0.136,0.49,0.084,0.295,47.46,39.17
"2021-05-30 18:00:00",208,12.29,401,1,1.045,1.71,5.84,0.151,0.517,0.098,0.315,49.05,38.05
"2021-05-30 18:30:00",209,12.28,401,1,1.08,1.8,6,0.159,0.531,0.099,0.324,49.09,37.94
"2021-05-30 19:00:00",210,12.28,401,1,1.014,1.63,5.7,0.144,0.504,0.09,0.305,47.32,37.95
"2021-05-30 19:30:00",211,12.28,401,1,1.003,1.63,5.62,0.144,0.497,0.088,0.297,48.24,37.65
"2021-05-30 20:00:00",212,12.28,401,1,0.968,1.61,5.38,0.143,0.476,0.088,0.281,48.93,37.62
"2021-05-30 20:30:00",213,12.28,401,1,0.878,1.42,4.93,0.126,0.437,0.075,0.253,48.77,39.4
"2021-05-30 21:00:00",214,12.28,401,1,0.823,1.32,4.63,0.116,0.41,0.063,0.231,48,38.06
"2021-05-30 21:30:00",215,12.28,401,1,0.751,1.16,4.27,0.103,0.378,0.055,0.207,48.91,37.76
"2021-05-30 22:00:00",216,12.28,401,1,0.698,1.07,3.98,0.095,0.352,0.047,0.183,48.46,37.97
"2021-05-30 22:30:00",217,12.27,401,1,0.656,0.97,3.78,0.086,0.335,0.041,0.169,48,37.92
"2021-05-30 23:00:00",218,12.27,401,1,0.646,1,3.67,0.088,0.325,0.039,0.163,47.91,37.98
"2021-05-30 23:30:00",219,12.27,401,1,0.605,0.87,3.51,0.077,0.31,0.033,0.154,48.6,37.29
"2021-05-31 00:00:00",220,12.27,401,1,0.566,0.79,3.31,0.07,0.293,0.029,0.139,48.46,37.56
"2021-05-31 00:30:00",221,12.27,401,1,0.54,0.75,3.16,0.066,0.28,0.026,0.127,48.65,37.9
"2021-05-31 01:00:00",222,12.26,401,1,0.497,0.67,2.93,0.059,0.26,0.02,0.11,47.95,36.8
"2021-05-31 01:30:00",223,12.26,401,1,0.508,0.7,2.98,0.062,0.264,0.02,0.115,48.28,37.53
"2021-05-31 02:00:00",224,12.26,401,1,0.523,0.75,3.04,0.066,0.269,0.022,0.121,48.51,36.94
"2021-05-31 02:30:00",225,12.26,401,1,0.541,0.75,3.17,0.066,0.281,0.022,0.127,48.92,36.94
"2021-05-31 03:00:00",226,12.26,401,1,0.49,0.64,2.91,0.057,0.257,0.02,0.113,48.55,37.24
"2021-05-31 03:30:00",227,12.26,401,1,0.394,0.47,2.39,0.042,0.212,0.004,0.079,49.21,37.24
"2021-05-31 04:00:00",228,12.26,401,1,0.338,0.37,2.09,0.033,0.185,-0.004,0.054,48.05,37.46
"2021-05-31 04:30:00",229,12.25,401,1,0.429,0.54,2.57,0.048,0.227,0.008,0.086,47.9,36.59
"2021-05-31 05:00:00",230,12.25,401,1,0.563,0.77,3.31,0.068,0.293,0.028,0.136,48.29,36.88
"2021-05-31 05:30:00",231,12.25,401,1,0.64,0.97,3.66,0.086,0.324,0.039,0.163,48.74,37.99
"2021-05-31 06:00:00",232,12.25,401,1,0.651,0.97,3.74,0.086,0.331,0.041,0.169,48.45,38.68
"2021-05-31 06:30:00",233,12.25,401,1,0.774,1.22,4.38,0.108,0.388,0.057,0.21,47.98,37.49
"2021-05-31 07:00:00",234,12.25,401,1,0.949,1.54,5.32,0.136,0.471,0.084,0.277,48.19,38.11
"2021-05-31 07:30:00",235,12.25,401,1,1.282,2.14,7.12,0.189,0.63,0.133,0.4,49.38,38.63
"2021-05-31 08:00:00",236,12.25,401,1,1.66,2.84,9.15,0.251,0.809,0.194,0.542,50.25,38.27
"2021-05-31 08:30:00",237,12.28,401,1,1.829,2.82,10.41,0.25,0.922,0.2,0.647,47.56,38.61
"2021-05-31 09:00:00",238,12.3,401,1,2.234,3.96,12.16,0.35,1.076,0.271,0.74,49.06,37.24
"2021-05-31 09:30:00",239,12.26,401,1,2.251,4.13,12.1,0.365,1.071,0.279,0.736,47.59,36.84
"2021-05-31 10:00:00",240,12.26,401,1,2.269,3.84,12.55,0.34,1.111,0.279,0.779,48.65,37.09
"2021-05-31 10:30:00",241,12.27,401,1,2.425,4.29,13.21,0.379,1.169,0.308,0.83,47.94,36.78
"2021-05-31 11:00:00",242,12.27,401,1,2.558,4.4,14.07,0.389,1.245,0.328,0.891,47.93,35.7
"2021-05-31 11:30:00",243,12.27,401,1,2.805,4.89,15.36,0.433,1.36,0.367,0.969,47.32,35.5
"2021-05-31 12:00:00",244,12.28,401,1,6.601,5.04,43.11,0.446,1.41,0.379,1.028,45.53,34.37
"2021-05-31 12:30:00",245,12.28,401,1,6.912,5.62,44.77,0.498,1.412,0.394,1.057,43.64,33.71
"2021-05-31 13:00:00",246,12.27,401,1,7.244,5.55,47.29,0.491,1.58,0.435,1.143,45.27,32.74
"2021-05-31 13:30:00",247,12.27,401,1,7.498,5.96,48.71,0.528,1.709,0.476,1.213,44.19,32.22
"2021-05-31 14:00:00",248,12.28,401,1,7.297,6.12,47.06,0.541,1.707,0.483,1.214,44.64,32.83
"2021-05-31 14:30:00",249,12.28,401,1,7.61,6.22,49.26,0.55,1.771,0.495,1.223,43.99,32.01
"2021-05-31 15:00:00",250,12.27,401,1,7.401,6.05,47.9,0.535,1.73,0.475,1.181,44.89,32.51
"2021-05-31 15:30:00",251,12.27,401,1,7.715,6.25,50,0.554,1.768,0.495,1.231,44.13,31.75
"2021-05-31 16:00:00",252,12.26,401,1,7.524,6.14,48.71,0.543,1.7,0.474,1.171,44.59,32.21
"2021-05-31 16:30:00",253,12.26,401,1,7.252,6.06,46.8,0.537,1.67,0.463,1.134,45.3,32.92
"2021-05-31 17:00:00",254,12.26,401,1,7.122,6.08,45.82,0.538,1.635,0.451,1.101,45.53,33.3
"2021-05-31 17:30:00",255,12.26,401,1,6.897,5.75,44.52,0.508,1.587,0.426,1.055,45.78,33.81
"2021-05-31 18:00:00",256,12.26,401,1,3.064,5.48,16.63,0.485,1.472,0.401,0.983,46.32,34.75
"2021-05-31 18:30:00",257,12.26,401,1,2.763,4.85,15.09,0.429,1.335,0.354,0.886,47.91,35.12
"2021-05-31 19:00:00",258,12.25,401,1,2.636,4.83,14.18,0.428,1.255,0.33,0.822,47.37,35.96
"2021-05-31 19:30:00",259,12.25,401,1,2.292,4.16,12.37,0.368,1.095,0.278,0.707,47.92,37.18
"2021-05-31 20:00:00",260,12.25,401,1,1.849,3.41,9.92,0.302,0.878,0.214,0.55,47.39,37.46
"2021-05-31 20:30:00",261,12.25,401,1,1.455,2.58,7.92,0.229,0.701,0.155,0.416,48.29,36.98
"2021-05-31 21:00:00",262,12.24,401,1,1.134,1.94,6.25,0.172,0.553,0.107,0.317,47.82,37.9
"2021-05-31 21:30:00",263,12.24,401,1,0.892,1.4,5.05,0.124,0.447,0.072,0.237,47.72,37.64
"2021-05-31 22:00:00",264,12.24,401,1,0.718,1.07,4.13,0.094,0.366,0.044,0.182,47.19,37.01
"2021-05-31 22:30:00",265,12.23,401,1,0.538,0.71,3.19,0.063,0.282,0.02,0.118,47.64,36.24
"2021-05-31 23:00:00",266,12.23,401,1,0.425,0.46,2.63,0.04,0.233,0.004,0.081,47.61,35.79
"2021-05-31 23:30:00",267,12.23,401,1,0.351,0.3,2.26,0.027,0.2,-0.008,0.054,47.66,36.36
"2021-06-01 00:00:00",268,12.22,401,1,0.315,0.2,2.1,0.018,0.186,-0.012,0.044,47.21,36.72
"2021-06-01 00:30:00",269,12.22,401,1,0.286,0.18,1.91,0.016,0.169,-0.016,0.033,47.87,36.31
"2021-06-01 01:00:00",270,12.22,401,1,0.251,0.08,1.76,0.007,0.156,-0.022,0.021,47.56,36.82
"2021-06-01 01:30:00",271,12.21,401,1,0.229,0.02,1.66,0.002,0.147,-0.024,0.015,46.63,35.48
"2021-06-01 02:00:00",272,12.21,401,1,0.216,0.08,1.5,0.007,0.133,-0.024,0.008,47.93,36.36
"2021-06-01 02:30:00",273,12.21,401,1,0.182,-0.02,1.36,-0.002,0.12,-0.032,-0.006,47.21,35.9
"2021-06-01 03:00:00",274,12.21,401,1,0.135,-0.14,1.14,-0.013,0.101,-0.04,-0.019,47.11,35.14
"2021-06-01 03:30:00",275,12.21,401,1,0.093,-0.19,0.89,-0.018,0.079,-0.042,-0.036,47.57,35.6
"2021-06-01 04:00:00",276,12.2,401,1,0.068,-0.22,0.74,-0.02,0.065,-0.044,-0.042,47.16,36
"2021-06-01 04:30:00",277,12.2,401,1,0.049,-0.3,0.68,-0.027,0.06,-0.05,-0.05,47.22,35.66
"2021-06-01 05:00:00",278,12.2,401,1,0.021,-0.34,0.52,-0.031,0.046,-0.052,-0.059,47.93,35.95
"2021-06-01 05:30:00",279,12.2,401,1,0.017,-0.37,0.52,-0.034,0.046,-0.054,-0.059,47.78,35.4
"2021-06-01 06:00:00",280,12.2,401,1,0.008,-0.37,0.46,-0.034,0.041,-0.054,-0.063,47.22,35.5
"2021-06-01 06:30:00",281,12.19,401,1,0.056,-0.24,0.67,-0.022,0.059,-0.048,-0.046,47.19,35.63
"2021-06-01 07:00:00",282,12.19,401,1,0.135,-0.14,1.14,-0.013,0.101,-0.037,-0.017,48.24,36.67
"2021-06-01 07:30:00",283,12.19,401,1,0.381,0.25,2.53,0.022,0.224,-0.002,0.089,49.2,36.66
"2021-06-01 08:00:00",284,12.19,401,1,0.908,1.4,5.17,0.124,0.457,0.081,0.263,50.44,37.49
"2021-06-01 08:30:00",285,12.21,401,1,1.181,1.71,6.84,0.151,0.605,0.111,0.379,48.85,37.7
"2021-06-01 09:00:00",286,12.22,401,1,1.749,2.97,9.66,0.263,0.855,0.2,0.556,50.16,38.04
"2021-06-01 09:30:00",287,12.21,401,1,1.772,3.11,9.68,0.275,0.857,0.207,0.551,48.41,37.52
"2021-06-01 10:00:00",288,12.21,401,1,2.031,3.55,11.11,0.315,0.983,0.245,0.651,48.38,37.48
"2021-06-01 10:30:00",289,12.23,401,1,2.533,4.49,13.79,0.398,1.22,0.323,0.817,48.06,36.09
"2021-06-01 11:00:00",290,12.23,401,1,2.978,5.24,16.25,0.464,1.438,0.396,0.991,47.4,34.46
"2021-06-01 11:30:00",291,12.22,401,1,7.102,5.31,46.5,0.47,1.539,0.42,1.12,43.78,33.03
"2021-06-01 12:00:00",292,12.23,401,1,7.368,6.06,47.65,0.537,1.684,0.476,1.166,44.83,32.61
"2021-06-01 12:30:00",293,12.23,401,1,7.894,6.24,51.32,0.552,1.704,0.5,1.233,42.85,31.29
"2021-06-01 13:00:00",294,12.23,401,1,8.02,6.25,52.22,0.553,1.776,0.507,1.262,42.54,30.98
"2021-06-01 13:30:00",295,12.23,401,1,8.07,6.05,52.83,0.536,1.812,0.51,1.28,42.59,30.77
"2021-06-01 14:00:00",296,12.23,401,1,7.966,6.3,51.79,0.557,1.806,0.505,1.25,42.68,31.12
"2021-06-01 14:30:00",297,12.23,401,1,8.11,6.47,52.69,0.573,1.847,0.523,1.26,42.12,30.82
"2021-06-01 15:00:00",298,12.22,401,1,7.818,6.54,50.44,0.579,1.844,0.512,1.225,43.56,31.6
"2021-06-01 15:30:00",299,12.22,401,1,7.508,6.33,48.39,0.561,1.769,0.495,1.189,43.48,32.33
"2021-06-01 16:00:00",300,12.22,401,1,7.558,6.25,48.84,0.553,1.753,0.487,1.158,43.58,32.17
"2021-06-01 16:30:00",301,12.21,401,1,7.225,6.02,46.64,0.533,1.678,0.459,1.101,44.71,32.99
"2021-06-01 17:00:00",302,12.21,401,1,6.897,5.76,44.51,0.51,1.564,0.43,1.025,45.78,33.81
"2021-06-01 17:30:00",303,12.21,401,1,2.936,5.34,15.84,0.473,1.402,0.381,0.913,46.39,34.98
"2021-06-01 18:00:00",304,12.21,401,1,2.577,4.67,13.92,0.414,1.232,0.328,0.798,47.16,36
"2021-06-01 18:30:00",305,12.21,401,1,2.235,4.05,12.07,0.358,1.068,0.271,0.679,47.51,36.36
"2021-06-01 19:00:00",306,12.2,401,1,1.86,3.32,10.1,0.294,0.894,0.216,0.555,47.92,37.33
"2021-06-01 19:30:00",307,12.2,401,1,1.534,2.63,8.45,0.233,0.748,0.166,0.449,48.09,37.5
"2021-06-01 20:00:00",308,12.2,401,1,1.263,2.13,6.99,0.189,0.619,0.121,0.352,48.72,37.57
"2021-06-01 20:30:00",309,12.19,401,1,1.021,1.67,5.71,0.148,0.505,0.088,0.274,46.79,37.69
"2021-06-01 21:00:00",310,12.19,401,1,0.823,1.23,4.73,0.109,0.419,0.06,0.214,47.5,36.76
"2021-06-01 21:30:00",311,12.18,401,1,0.676,0.92,3.98,0.082,0.352,0.038,0.159,47.44,36.7
"2021-06-01 22:00:00",312,12.18,401,1,0.567,0.72,3.39,0.063,0.3,0.022,0.127,46.37,36.6
"2021-06-01 22:30:00",313,12.18,401,1,0.483,0.56,2.95,0.049,0.261,0.012,0.095,47.23,37.31
"2021-06-01 23:00:00",314,12.18,401,1,0.438,0.49,2.69,0.043,0.239,0.006,0.081,47.4,36.25
"2021-06-01 23:30:00",315,12.17,401,1,0.39,0.36,2.48,0.032,0.219,-0.004,0.064,47.93,35.96
"2021-06-02 00:00:00",316,12.17,401,1,0.358,0.28,2.33,0.025,0.206,-0.008,0.056,47.49,35.37
"2021-06-02 00:30:00",317,12.17,401,1,0.321,0.23,2.11,0.02,0.186,-0.012,0.042,47.57,36
"2021-06-02 01:00:00",318,12.17,401,1,0.28,0.13,1.92,0.011,0.17,-0.018,0.031,46.14,35.65
"2021-06-02 01:30:00",319,12.16,401,1,0.246,0.1,1.7,0.009,0.15,-0.02,0.019,47.52,36.37
"2021-06-02 02:00:00",320,12.16,401,1,0.223,0.03,1.61,0.002,0.143,-0.024,0.008,47.65,36.74
"2021-06-02 02:30:00",321,12.16,401,1,0.199,0,1.46,0,0.129,-0.026,-0.002,47.51,35.54
"2021-06-02 03:00:00",322,12.16,401,1,0.198,0.05,1.4,0.004,0.124,-0.026,-0.004,47.57,35.75
"2021-06-02 03:30:00",323,12.15,401,1,0.155,-0.09,1.24,-0.009,0.11,-0.035,-0.013,47.61,35.79
"2021-06-02 04:00:00",324,12.15,401,1,0.162,-0.07,1.27,-0.007,0.112,-0.032,-0.015,47.3,35.74
"2021-06-02 04:30:00",325,12.15,401,1,0.147,-0.09,1.18,-0.009,0.104,-0.035,-0.019,47.41,35.59
"2021-06-02 05:00:00",326,12.14,401,1,0.13,-0.15,1.12,-0.014,0.099,-0.037,-0.023,47.51,35.54
"2021-06-02 05:30:00",327,12.15,401,1,0.154,-0.07,1.21,-0.007,0.107,-0.032,-0.019,46.85,35.95
"2021-06-02 06:00:00",328,12.14,401,1,0.178,-0.02,1.33,-0.002,0.118,-0.03,-0.011,46.29,35.55
"2021-06-02 06:30:00",329,12.14,401,1,0.209,0.05,1.48,0.004,0.131,-0.022,-0.002,47.87,35.9
"2021-06-02 07:00:00",330,12.14,401,1,0.273,0.18,1.81,0.016,0.16,-0.014,0.023,47.26,35.96
"2021-06-02 07:30:00",331,12.14,401,1,0.381,0.37,2.4,0.033,0.212,0,0.064,48.54,36.42
"2021-06-02 08:00:00",332,12.14,401,1,0.522,0.64,3.15,0.057,0.278,0.02,0.109,48.68,37.12
"2021-06-02 08:30:00",333,12.14,401,1,0.711,0.99,4.16,0.087,0.368,0.049,0.182,48.56,37.56
"2021-06-02 09:00:00",334,12.14,401,1,1.225,1.95,6.91,0.172,0.612,0.121,0.364,50.38,38.56
"2021-06-02 09:30:00",335,12.15,401,1,1.692,2.87,9.35,0.254,0.827,0.198,0.526,48.93,38.43
"2021-06-02 10:00:00",336,12.15,401,1,2.2,3.84,12.04,0.34,1.065,0.272,0.692,49.18,36.38
"2021-06-02 10:30:00",337,12.18,401,1,2.842,4.94,15.58,0.437,1.379,0.376,0.926,46.42,35.26
"2021-06-02 11:00:00",338,12.17,401,1,7.684,6.07,49.96,0.537,1.701,0.488,1.172,43.74,31.76
"2021-06-02 11:30:00",339,12.16,401,1,8.15,5.62,53.89,0.497,1.728,0.492,1.271,41.58,30.43
"2021-06-02 12:00:00",340,12.17,401,1,8.47,6.44,55.31,0.57,1.888,0.543,1.299,42.75,29.96
"2021-06-02 12:30:00",341,12.18,401,1,8.55,6.29,56.07,0.557,1.811,0.531,1.304,41.03,29.72
"2021-06-02 13:00:00",342,12.17,401,1,8.5,7.57,54.37,0.67,1.942,0.57,1.275,41.67,30.27
"2021-06-02 13:30:00",343,12.18,401,1,8.07,5.63,53.29,0.498,1.756,0.492,1.258,41.78,30.62
"2021-06-02 14:00:00",344,12.18,401,1,7.973,4.82,53.43,0.427,1.735,0.471,1.27,42.54,30.57
"2021-06-02 14:30:00",345,12.17,401,1,8.34,6.32,54.51,0.559,1.836,0.528,1.277,43.02,30.23
"2021-06-02 15:00:00",346,12.17,401,1,8.02,7.15,51.27,0.633,1.79,0.539,1.214,43.28,31.31
"2021-06-02 15:30:00",347,12.16,401,1,7.833,6.65,50.43,0.589,1.804,0.515,1.193,43.01,31.6
"2021-06-02 16:00:00",348,12.16,401,1,7.699,6.54,49.57,0.579,1.751,0.5,1.144,44.69,31.9
"2021-06-02 16:30:00",349,12.16,401,1,7.391,5.76,48.14,0.51,1.667,0.455,1.092,44.65,32.42
"2021-06-02 17:00:00",350,12.16,401,1,6.973,6.15,44.65,0.544,1.626,0.453,1.044,44.66,33.76
"2021-06-02 17:30:00",351,12.15,401,1,3.092,5.52,16.79,0.488,1.486,0.405,0.95,46.66,34.69
"2021-06-02 18:00:00",352,12.15,401,1,2.793,5,15.15,0.442,1.341,0.361,0.865,46.61,35.3
"2021-06-02 18:30:00",353,12.15,401,1,2.634,4.76,14.24,0.421,1.26,0.331,0.806,47.55,35.84
"2021-06-02 19:00:00",354,12.15,401,1,2.334,4.29,12.54,0.38,1.11,0.285,0.689,47.25,37.07
"2021-06-02 19:30:00",355,12.15,401,1,1.864,3.34,10.11,0.296,0.894,0.214,0.545,47.71,37.53
"2021-06-02 20:00:00",356,12.14,401,1,1.299,2.25,7.13,0.199,0.631,0.134,0.367,47.46,37.28
"2021-06-02 20:30:00",357,12.14,401,1,0.913,1.44,5.16,0.127,0.457,0.077,0.237,47.2,37.84
"2021-06-02 21:00:00",358,12.13,401,1,0.705,1,4.11,0.088,0.364,0.044,0.172,48.4,37.4
"2021-06-02 21:30:00",359,12.13,401,1,0.575,0.75,3.42,0.066,0.303,0.026,0.131,47.72,36.98
"2021-06-02 22:00:00",360,12.13,401,1,0.461,0.49,2.86,0.044,0.253,0.01,0.094,46.86,35.29
"2021-06-02 22:30:00",361,12.12,401,1,0.414,0.36,2.66,0.032,0.235,0,0.079,48.5,36.37
"2021-06-02 23:00:00",362,12.12,401,1,0.379,0.31,2.45,0.027,0.217,-0.002,0.061,47.67,35.85
"2021-06-02 23:30:00",363,12.12,401,1,0.272,0.13,1.86,0.012,0.165,-0.016,0.025,46.6,36.26
"2021-06-03 00:00:00",364,12.12,401,1,0.204,0,1.5,0,0.133,-0.025,0,47.23,35.66
"2021-06-03 00:30:00",365,12.11,401,1,0.155,-0.12,1.27,-0.011,0.113,-0.036,-0.013,46.55,35.4
"2021-06-03 01:00:00",366,12.11,401,1,0.123,-0.22,1.14,-0.02,0.101,-0.043,-0.023,46.62,35.73
"2021-06-03 01:30:00",367,12.11,401,1,0.107,-0.19,0.99,-0.018,0.087,-0.041,-0.034,46.39,36.46
"2021-06-03 02:00:00",368,12.1,401,1,0.09,-0.25,0.93,-0.023,0.082,-0.045,-0.038,46.94,35.12
"2021-06-03 02:30:00",369,12.1,401,1,0.065,-0.3,0.8,-0.027,0.071,-0.049,-0.044,46.73,36.15
"2021-06-03 03:00:00",370,12.1,401,1,0.041,-0.35,0.68,-0.032,0.06,-0.051,-0.055,46.17,36.25
"2021-06-03 03:30:00",371,12.1,401,1,0.013,-0.4,0.53,-0.036,0.046,-0.053,-0.061,47.46,35.9
"2021-06-03 04:00:00",372,12.1,401,1,-0.018,-0.5,0.4,-0.045,0.035,-0.061,-0.069,47.03,35.73
"2021-06-03 04:30:00",373,12.1,401,1,-0.02,-0.46,0.34,-0.041,0.03,-0.057,-0.074,46.14,35.39
"2021-06-03 05:00:00",374,12.09,401,1,-0.023,-0.48,0.34,-0.043,0.03,-0.059,-0.078,48.13,35.9
"2021-06-03 05:30:00",375,12.1,401,1,-0.039,-0.48,0.22,-0.043,0.019,-0.059,-0.082,47.05,34.41
"2021-06-03 06:00:00",376,12.1,401,1,-0.055,-0.52,0.15,-0.047,0.014,-0.063,-0.084,46.91,35.5
"2021-06-03 06:30:00",377,12.09,401,1,-0.044,-0.5,0.21,-0.045,0.019,-0.063,-0.08,48.33,36.11
"2021-06-03 07:00:00",378,12.09,401,1,-0.031,-0.48,0.28,-0.043,0.024,-0.064,-0.074,47.13,35.82
"2021-06-03 07:30:00",379,12.09,401,1,-0.035,-0.48,0.25,-0.043,0.022,-0.061,-0.08,47.67,35.7
"2021-06-03 08:00:00",380,12.09,401,1,0.073,-0.26,0.82,-0.024,0.072,-0.042,-0.042,48.49,36.11
"2021-06-03 08:30:00",381,12.09,401,1,0.279,0.13,1.91,0.011,0.169,-0.016,0.034,47.58,35.76
"2021-06-03 09:00:00",382,12.09,401,1,0.416,0.39,2.64,0.034,0.234,0.002,0.076,47.63,36.06
"2021-06-03 09:30:00",383,12.09,401,1,0.886,1.32,5.09,0.116,0.451,0.068,0.239,48.03,38.1
"2021-06-03 10:00:00",384,12.1,401,1,1.464,2.49,8.08,0.22,0.715,0.16,0.431,48.39,37.23
"2021-06-03 10:30:00",385,12.11,401,1,1.858,3.1,10.32,0.274,0.913,0.219,0.567,50.12,37.74
"2021-06-03 11:00:00",386,12.11,401,1,2.232,3.9,12.21,0.346,1.08,0.273,0.686,47.05,37.53
"2021-06-03 11:30:00",387,12.11,401,1,2.372,4.18,12.94,0.37,1.145,0.294,0.738,47.1,36.51
"2021-06-03 12:00:00",388,12.11,401,1,2.517,4.5,13.66,0.398,1.209,0.318,0.777,47.07,35.91
"2021-06-03 12:30:00",389,12.12,401,1,2.964,5.54,15.83,0.49,1.401,0.398,0.904,46.29,34.73
"2021-06-03 13:00:00",390,12.11,401,1,2.916,5.19,15.85,0.459,1.403,0.375,0.89,46.3,35.71
"2021-06-03 13:30:00",391,12.11,401,1,3.011,5.16,16.58,0.456,1.468,0.389,0.947,46.33,34.77
"2021-06-03 14:00:00",392,12.1,401,1,2.949,5.16,16.13,0.457,1.427,0.377,0.889,46.59,34.87
"2021-06-03 14:30:00",393,12.1,401,1,2.779,4.85,15.21,0.429,1.346,0.367,0.882,48.64,35.03
"2021-06-03 15:00:00",394,12.1,401,1,2.994,5.52,16.07,0.489,1.422,0.382,0.886,46.19,35.19
"2021-06-03 15:30:00",395,12.1,401,1,2.679,4.83,14.5,0.427,1.284,0.338,0.802,46.8,36.21
"2021-06-03 16:00:00",396,12.09,401,1,2.446,4.45,13.19,0.394,1.168,0.306,0.733,46.84,36.51
"2021-06-03 16:30:00",397,12.09,401,1,2.121,3.81,11.49,0.337,1.017,0.259,0.637,47.26,36.77
"2021-06-03 17:00:00",398,12.09,401,1,1.137,2.07,6.13,0.184,0.542,0.118,0.305,47.32,38.06
"2021-06-03 17:30:00",399,12.09,401,1,0.52,0.67,3.1,0.06,0.274,0.018,0.115,45.94,37.24
"2021-06-03 18:00:00",400,12.08,401,1,0.371,0.34,2.36,0.03,0.209,-0.004,0.052,49.01,37.19
"2021-06-03 18:30:00",401,12.08,401,1,0.181,-0.09,1.43,-0.009,0.127,-0.031,-0.002,46.71,34.07
"2021-06-03 19:00:00",402,12.07,401,1,0.135,-0.2,1.21,-0.018,0.107,-0.041,-0.025,45.07,36.37
"2021-06-03 19:30:00",403,12.07,401,1,0.169,-0.12,1.37,-0.012,0.122,-0.033,-0.002,45.78,36.26
"2021-06-03 20:00:00",404,12.07,401,1,0.174,-0.15,1.44,-0.014,0.128,-0.037,-0.002,47.03,35.47
"2021-06-03 20:30:00",405,12.07,401,1,0.17,-0.15,1.41,-0.014,0.125,-0.033,0,46.06,35.32
"2021-06-03 21:00:00",406,12.07,401,1,0.209,-0.04,1.58,-0.005,0.14,-0.029,0.006,48.28,36.56
"2021-06-03 21:30:00",407,12.06,401,1,0.13,-0.22,1.19,-0.021,0.105,-0.041,-0.019,45.71,34.15
"2021-06-03 22:00:00",408,12.06,401,1,0.101,-0.25,1.01,-0.023,0.089,-0.043,-0.038,46.74,34.36
"2021-06-03 22:30:00",409,12.06,401,1,0.137,-0.2,1.22,-0.019,0.108,-0.037,-0.015,46.83,34.86
"2021-06-03 23:00:00",410,12.06,401,1,0.133,-0.2,1.19,-0.019,0.106,-0.039,-0.015,45.86,35.69
"2021-06-03 23:30:00",411,12.05,401,1,0.153,-0.15,1.29,-0.014,0.114,-0.037,-0.013,45.79,37.09
"2021-06-04 00:00:00",412,12.05,401,1,0.12,-0.23,1.13,-0.021,0.1,-0.041,-0.021,45.58,37.03
"2021-06-04 00:30:00",413,12.05,401,1,0.083,-0.28,0.91,-0.026,0.081,-0.048,-0.038,46.64,35.49
"2021-06-04 01:00:00",414,12.05,401,1,0.072,-0.3,0.85,-0.028,0.075,-0.052,-0.041,48.17,36.35
"2021-06-04 01:30:00",415,12.05,401,1,0.083,-0.25,0.88,-0.023,0.078,-0.046,-0.041,47.73,35.6
"2021-06-04 02:00:00",416,12.05,401,1,0.068,-0.3,0.82,-0.028,0.072,-0.046,-0.045,46.65,35.9
"2021-06-04 02:30:00",417,12.05,401,1,0.046,-0.33,0.69,-0.03,0.061,-0.05,-0.053,46.14,36.21
"2021-06-04 03:00:00",418,12.04,401,1,0.054,-0.3,0.72,-0.028,0.064,-0.048,-0.047,47.3,35.33
"2021-06-04 03:30:00",419,12.04,401,1,0.063,-0.3,0.79,-0.028,0.07,-0.05,-0.043,46.99,35.59
"2021-06-04 04:00:00",420,12.04,401,1,0.071,-0.28,0.82,-0.026,0.072,-0.048,-0.049,46.69,35.13
"2021-06-04 04:30:00",421,12.04,401,1,0.075,-0.28,0.85,-0.026,0.075,-0.046,-0.045,47.05,35.08
"2021-06-04 05:00:00",422,12.04,401,1,0.066,-0.28,0.79,-0.026,0.07,-0.048,-0.047,47.01,34.63
"2021-06-04 05:30:00",423,12.04,401,1,0.057,-0.28,0.72,-0.026,0.064,-0.046,-0.049,47.61,36.04
"2021-06-04 06:00:00",424,12.03,401,1,0.067,-0.25,0.76,-0.023,0.067,-0.046,-0.045,47.31,36.41
"2021-06-04 06:30:00",425,12.03,401,1,0.066,-0.28,0.79,-0.026,0.07,-0.046,-0.047,46.68,36.91
"2021-06-04 07:00:00",426,12.03,401,1,0.104,-0.2,0.98,-0.019,0.087,-0.042,-0.034,47.03,35.22
"2021-06-04 07:30:00",427,12.03,401,1,0.033,-0.33,0.6,-0.03,0.053,-0.05,-0.06,47.45,35.07
"2021-06-04 08:00:00",428,12.03,401,1,0,-0.41,0.44,-0.037,0.039,-0.056,-0.069,46.64,35.08
"2021-06-04 08:30:00",429,12.03,401,1,-0.036,-0.46,0.22,-0.042,0.02,-0.061,-0.086,47.16,34.78
"2021-06-04 09:00:00",430,12.03,401,1,-0.061,-0.51,0.09,-0.046,0.008,-0.065,-0.09,47.09,35.68
"2021-06-04 09:30:00",431,12.02,401,1,-0.07,-0.51,0.03,-0.046,0.003,-0.065,-0.092,46.8,35.65
"2021-06-04 10:00:00",432,12.02,401,1,-0.053,-0.49,0.13,-0.044,0.011,-0.065,-0.086,46.77,34.64
"2021-06-04 10:30:00",433,12.02,401,1,-0.067,-0.52,0.06,-0.047,0.006,-0.063,-0.09,46.8,34.98
"2021-06-04 11:00:00",434,12.02,401,1,-0.046,-0.5,0.19,-0.045,0.017,-0.065,-0.084,46.79,35.23
"2021-06-04 11:30:00",435,12.02,401,1,-0.024,-0.43,0.28,-0.039,0.025,-0.058,-0.077,47.82,35.85
"2021-06-04 12:00:00",436,12.02,401,1,0.111,-0.15,0.98,-0.014,0.087,-0.038,-0.03,46.71,35.81
"2021-06-04 12:30:00",437,12.02,401,1,0.523,0.72,3.07,0.064,0.272,0.027,0.104,47.98,36.98
"2021-06-04 13:00:00",438,12.02,401,1,1.324,2.27,7.29,0.201,0.645,0.141,0.37,47.52,38.16
"2021-06-04 13:30:00",439,12.03,401,1,1.969,3.25,10.98,0.288,0.972,0.225,0.609,47.35,36.86
"2021-06-04 14:00:00",440,12.03,401,1,2.433,4.31,13.25,0.382,1.173,0.303,0.732,47.92,36.21
"2021-06-04 14:30:00",441,12.02,401,1,2.421,4.18,13.3,0.37,1.177,0.304,0.752,48.01,36.45
"2021-06-04 15:00:00",442,12.02,401,1,2.557,4.54,13.91,0.402,1.231,0.331,0.772,48.63,37.48
"2021-06-04 15:30:00",443,12.02,401,1,2.894,5.15,15.73,0.456,1.392,0.372,0.87,47.13,34.75
"2021-06-04 16:00:00",444,12.02,401,1,2.893,5.48,15.37,0.485,1.361,0.378,0.861,45.64,34.9
"2021-06-04 16:30:00",445,12.01,401,1,2.093,3.9,11.19,0.345,0.991,0.255,0.589,47.65,36.75
"2021-06-04 17:00:00",446,12.01,401,1,1.421,2.58,7.67,0.228,0.678,0.159,0.391,48.3,37.56
"2021-06-04 17:30:00",447,12.01,401,1,1.047,1.83,5.73,0.162,0.507,0.1,0.265,47.18,37.67
"2021-06-04 18:00:00",448,12.01,401,1,1.175,1.97,6.52,0.174,0.577,0.116,0.322,48.42,37.43
"2021-06-04 18:30:00",449,12.01,401,1,1.668,2.95,9.09,0.261,0.804,0.188,0.481,48.31,37.42
"2021-06-04 19:00:00",450,12,401,1,1.356,2.45,7.33,0.217,0.649,0.144,0.37,47.81,37.07
"2021-06-04 19:30:00",451,12,401,1,1.116,1.91,6.15,0.169,0.544,0.107,0.293,47.51,36.77
"2021-06-04 20:00:00",452,12,401,1,0.871,1.4,4.9,0.124,0.434,0.07,0.215,46.73,37.62
"2021-06-04 20:30:00",453,12,401,1,0.596,0.82,3.5,0.073,0.31,0.029,0.126,47.85,36.29
"2021-06-04 21:00:00",454,12,401,1,0.518,0.67,3.09,0.06,0.274,0.021,0.099,47.21,36.06
"2021-06-04 21:30:00",455,11.99,401,1,0.373,0.38,2.33,0.034,0.206,-0.002,0.05,46.52,35.79
"2021-06-04 22:00:00",456,11.99,401,1,0.262,0.08,1.84,0.007,0.163,-0.021,0.019,47.09,36.35
"2021-06-04 22:30:00",457,11.98,401,1,0.206,0.03,1.48,0.002,0.131,-0.025,-0.002,47.16,35.75
"2021-06-04 23:00:00",458,11.98,401,1,0.133,-0.12,1.11,-0.012,0.099,-0.036,-0.022,47.15,35.33
"2021-06-04 23:30:00",459,11.98,401,1,0.084,-0.28,0.92,-0.026,0.081,-0.046,-0.037,46.75,35.6
"2021-06-05 00:00:00",460,11.98,401,1,0.032,-0.31,0.57,-0.028,0.051,-0.048,-0.061,46.73,34.76
"2021-06-05 00:30:00",461,11.98,401,1,0,-0.39,0.41,-0.035,0.037,-0.055,-0.069,47.15,35.43
"2021-06-05 01:00:00",462,11.97,401,1,-0.016,-0.47,0.38,-0.042,0.034,-0.063,-0.074,47.09,35.12
"2021-06-05 01:30:00",463,11.97,401,1,-0.031,-0.49,0.29,-0.045,0.025,-0.063,-0.078,46.91,35.75
"2021-06-05 02:00:00",464,11.97,401,1,-0.042,-0.51,0.23,-0.046,0.02,-0.066,-0.083,46.49,35.34
"2021-06-05 02:30:00",465,11.97,401,1,-0.043,-0.48,0.19,-0.043,0.017,-0.062,-0.083,46.79,34.97
"2021-06-05 03:00:00",466,11.97,401,1,-0.041,-0.5,0.23,-0.045,0.02,-0.066,-0.087,45.93,35.34
"2021-06-05 03:30:00",467,11.96,401,1,-0.059,-0.56,0.16,-0.05,0.014,-0.068,-0.087,46.56,34.33
"2021-06-05 04:00:00",468,11.97,401,1,-0.025,-0.42,0.26,-0.038,0.023,-0.06,-0.083,45.98,34.83
"2021-06-05 04:30:00",469,11.96,401,1,0.007,-0.4,0.48,-0.036,0.043,-0.058,-0.067,47.17,35.76
"2021-06-05 05:00:00",470,11.96,401,1,0.039,-0.31,0.62,-0.029,0.054,-0.051,-0.059,46.78,34.95
"2021-06-05 05:30:00",471,11.96,401,1,0.021,-0.34,0.52,-0.031,0.046,-0.051,-0.065,46.63,34.8
"2021-06-05 06:00:00",472,11.96,401,1,0.054,-0.26,0.68,-0.024,0.06,-0.049,-0.057,46.49,35.49
"2021-06-05 06:30:00",473,11.95,401,1,0.107,-0.2,1,-0.019,0.088,-0.04,-0.037,47.47,34.93
"2021-06-05 07:00:00",474,11.95,401,1,0.306,0.23,2,0.021,0.177,-0.008,0.03,48.14,36.17
"2021-06-05 07:30:00",475,11.95,401,1,0.683,0.97,3.98,0.086,0.353,0.047,0.161,47.98,37.39
"2021-06-05 08:00:00",476,11.95,401,1,1.118,1.73,6.36,0.153,0.563,0.117,0.322,50.64,37.85
"2021-06-05 08:30:00",477,11.98,401,1,1.755,2.93,9.75,0.26,0.863,0.209,0.537,49.77,37.54
"2021-06-05 09:00:00",478,11.97,401,1,2.53,4.67,13.57,0.413,1.201,0.326,0.753,47.53,36.63
"2021-06-05 09:30:00",479,11.96,401,1,3.136,5.54,17.09,0.49,1.513,0.421,0.964,45.37,34.06
"2021-06-05 10:00:00",480,11.96,401,1,7.386,5.07,48.85,0.449,1.679,0.448,1.132,44.14,32.16
"2021-06-05 10:30:00",481,11.99,401,1,8.43,6.77,54.67,0.599,1.962,0.559,1.239,42.55,30.17
"2021-06-05 11:00:00",482,11.97,401,1,8.86,7,57.64,0.619,2.035,0.587,1.28,41.77,29.24
"2021-06-05 11:30:00",483,11.97,401,1,8.71,6.87,56.64,0.608,1.975,0.578,1.266,41.92,29.55
"2021-06-05 12:00:00",484,11.98,401,1,8.44,6.83,54.72,0.605,1.805,0.567,1.223,42.52,30.15
"2021-06-05 12:30:00",485,11.98,401,1,7.895,5.97,51.62,0.528,1.678,0.507,1.171,42.08,31.19
"2021-06-05 13:00:00",486,11.98,401,1,8.14,6.41,52.98,0.567,1.738,0.525,1.188,41.72,30.72
"2021-06-05 13:30:00",487,11.97,401,1,8.34,6.58,54.23,0.582,1.825,0.553,1.198,43.25,30.31
"2021-06-05 14:00:00",488,11.98,401,1,7.727,3.96,52.55,0.35,1.659,0.438,1.201,41.19,30.87
"2021-06-05 14:30:00",489,11.98,401,1,8.66,7.56,55.5,0.67,1.928,0.598,1.226,41.87,29.9
"2021-06-05 15:00:00",490,11.97,401,1,8.33,7.24,53.42,0.641,1.781,0.563,1.188,41.48,30.58
"2021-06-05 15:30:00",491,11.97,401,1,8.15,6.93,52.48,0.614,1.826,0.549,1.174,43.02,30.89
"2021-06-05 16:00:00",492,11.97,401,1,8.06,6.5,52.26,0.575,1.781,0.529,1.154,42.52,30.97
"2021-06-05 16:30:00",493,11.97,401,1,7.731,6.58,49.76,0.582,1.708,0.511,1.104,43.55,31.84
"2021-06-05 17:00:00",494,11.97,401,1,7.318,6.49,46.82,0.574,1.664,0.489,1.043,44.48,32.92
"2021-06-05 17:30:00",495,11.97,401,1,3.285,6.05,17.64,0.535,1.561,0.454,0.966,44.71,34.38
"2021-06-05 18:00:00",496,11.96,401,1,2.983,5.53,15.98,0.49,1.415,0.409,0.893,47,35.02
"2021-06-05 18:30:00",497,11.96,401,1,2.755,5.03,14.84,0.445,1.314,0.366,0.82,47.49,35.53
"2021-06-05 19:00:00",498,11.96,401,1,2.486,4.67,13.25,0.413,1.173,0.319,0.715,47.57,35.85
"2021-06-05 19:30:00",499,11.96,401,1,2.012,3.7,10.81,0.327,0.957,0.246,0.571,47.38,36.9
"2021-06-05 20:00:00",500,11.95,401,1,1.593,2.89,8.6,0.256,0.762,0.181,0.438,47,36.92
"2021-06-05 20:30:00",501,11.95,401,1,1.151,1.95,6.36,0.172,0.563,0.112,0.3,48.13,37.54
"2021-06-05 21:00:00",502,11.95,401,1,0.867,1.34,4.93,0.118,0.436,0.069,0.213,48.42,36.86
"2021-06-05 21:30:00",503,11.94,401,1,0.718,1.02,4.18,0.091,0.37,0.049,0.163,47.7,36.4
"2021-06-05 22:00:00",504,11.94,401,1,0.619,0.78,3.71,0.069,0.328,0.03,0.134,47.62,36.88
"2021-06-05 22:30:00",505,11.94,401,1,0.537,0.61,3.29,0.054,0.291,0.019,0.106,47.64,36.75
"2021-06-05 23:00:00",506,11.93,401,1,0.472,0.48,2.95,0.043,0.261,0.013,0.088,47.09,36.51
"2021-06-05 23:30:00",507,11.93,401,1,0.451,0.43,2.85,0.038,0.252,0.004,0.079,47.03,36.29
"2021-06-06 00:00:00",508,11.93,401,1,0.444,0.43,2.8,0.038,0.248,0.006,0.075,47.1,35.54
"2021-06-06 00:30:00",509,11.92,401,1,0.397,0.35,2.54,0.031,0.225,0,0.064,47.4,35.85
"2021-06-06 01:00:00",510,11.92,401,1,0.379,0.32,2.44,0.028,0.216,-0.002,0.052,46.21,36.96
"2021-06-06 01:30:00",511,11.92,401,1,0.355,0.27,2.32,0.024,0.205,-0.004,0.05,47.85,36.04
"2021-06-06 02:00:00",512,11.92,401,1,0.35,0.21,2.35,0.019,0.208,-0.006,0.048,47.57,36.16
"2021-06-06 02:30:00",513,11.92,401,1,0.358,0.27,2.34,0.024,0.207,-0.006,0.045,47.34,35.78
"2021-06-06 03:00:00",514,11.91,401,1,0.354,0.27,2.31,0.024,0.204,-0.004,0.043,46.9,36.41
"2021-06-06 03:30:00",515,11.91,401,1,0.362,0.27,2.37,0.024,0.21,-0.008,0.043,47.04,36.15
"2021-06-06 04:00:00",516,11.91,401,1,0.358,0.27,2.34,0.024,0.207,-0.004,0.048,46.88,35.99
"2021-06-06 04:30:00",517,11.91,401,1,0.344,0.25,2.26,0.022,0.2,-0.011,0.041,46.84,36.09
"2021-06-06 05:00:00",518,11.9,401,1,0.322,0.22,2.13,0.019,0.189,-0.011,0.033,46.78,35.38
"2021-06-06 05:30:00",519,11.9,401,1,0.283,0.14,1.93,0.012,0.171,-0.017,0.017,48,35.77
"2021-06-06 06:00:00",520,11.9,401,1,0.264,0.11,1.82,0.01,0.161,-0.021,0.013,47.17,35.76
"2021-06-06 06:30:00",521,11.9,401,1,0.396,0.38,2.5,0.033,0.221,0.002,0.059,46.84,35.43
"2021-06-06 07:00:00",522,11.89,401,1,0.751,1.05,4.39,0.093,0.389,0.05,0.174,47.64,37.29
"2021-06-06 07:30:00",523,11.89,401,1,1.186,1.84,6.74,0.163,0.597,0.117,0.334,49.17,37.76
"2021-06-06 08:00:00",524,11.89,401,1,1.744,3,9.59,0.266,0.849,0.211,0.499,49.96,37.43
"2021-06-06 08:30:00",525,11.92,401,1,2.28,3.94,12.52,0.349,1.108,0.289,0.68,48.45,36.63
"2021-06-06 09:00:00",526,11.92,401,1,2.825,5.13,15.25,0.454,1.349,0.376,0.836,46.74,35.58
"2021-06-06 09:30:00",527,11.9,401,1,3.28,5.81,17.86,0.514,1.581,0.445,0.985,45.4,33.17
"2021-06-06 10:00:00",528,11.9,401,1,7.357,5.14,48.56,0.455,1.647,0.447,1.08,45.21,32.27
"2021-06-06 10:30:00",529,11.93,401,1,8.41,6.89,54.38,0.61,1.978,0.568,1.218,41.97,30.26
"2021-06-06 11:00:00",530,11.91,401,1,9.02,7.1,58.64,0.629,2.107,0.597,1.29,40.65,28.94
"2021-06-06 11:30:00",531,11.91,401,1,9.13,7.07,59.48,0.626,2.011,0.605,1.295,40.4,28.69
"2021-06-06 12:00:00",532,11.92,401,1,9.26,7.33,60.21,0.649,1.972,0.616,1.3,40.59,28.47
"2021-06-06 12:30:00",533,11.92,401,1,8.92,6.11,58.98,0.541,1.809,0.562,1.279,40.4,28.84
"2021-06-06 13:00:00",534,11.92,401,1,8.67,6.46,56.81,0.572,1.757,0.56,1.242,40.64,29.49
"2021-06-06 13:30:00",535,11.92,401,1,8.57,7.18,55.28,0.636,1.824,0.606,1.233,42.76,29.97
"2021-06-06 14:00:00",536,11.92,401,1,8.45,4.46,57.35,0.395,1.666,0.488,1.257,40.62,29.33
"2021-06-06 14:30:00",537,11.91,401,1,8.88,7.88,56.81,0.697,1.92,0.624,1.263,42.27,29.49
"2021-06-06 15:00:00",538,11.91,401,1,8.67,7.24,55.98,0.641,1.769,0.586,1.227,40.49,29.75
"2021-06-06 15:30:00",539,11.91,401,1,8.38,6.99,54.11,0.618,1.865,0.573,1.222,41.64,30.35
"2021-06-06 16:00:00",540,11.91,401,1,8.44,6.97,54.57,0.617,1.871,0.57,1.203,42.57,30.2
"2021-06-06 16:30:00",541,11.91,401,1,7.937,6.75,51.09,0.597,1.747,0.542,1.137,42.36,31.37
"2021-06-06 17:00:00",542,11.91,401,1,7.442,6.71,47.49,0.594,1.716,0.514,1.084,43.56,32.67
"2021-06-06 17:30:00",543,11.9,401,1,7.318,6.38,46.94,0.564,1.633,0.484,1.023,44.43,32.87
"2021-06-06 18:00:00",544,11.9,401,1,3.032,5.59,16.27,0.495,1.44,0.419,0.916,45.96,34.81
"2021-06-06 18:30:00",545,11.9,401,1,2.751,5.12,14.71,0.453,1.302,0.376,0.815,47.39,35.68
"2021-06-06 19:00:00",546,11.9,401,1,2.506,4.8,13.26,0.424,1.173,0.33,0.715,46.53,36.61
"2021-06-06 19:30:00",547,11.89,401,1,2.065,3.9,10.98,0.345,0.972,0.259,0.583,46.58,36.65
"2021-06-06 20:00:00",548,11.89,401,1,1.61,2.86,8.76,0.253,0.775,0.186,0.44,48.12,37.12
"2021-06-06 20:30:00",549,11.89,401,1,1.234,2.1,6.81,0.186,0.603,0.125,0.327,47.66,36.51
"2021-06-06 21:00:00",550,11.88,401,1,0.988,1.6,5.54,0.142,0.49,0.089,0.245,47.65,36.34
"2021-06-06 21:30:00",551,11.88,401,1,0.827,1.22,4.77,0.108,0.422,0.064,0.199,47.89,37.16
"2021-06-06 22:00:00",552,11.87,401,1,0.701,0.93,4.15,0.082,0.367,0.041,0.159,47.36,37.43
"2021-06-06 22:30:00",553,11.87,401,1,0.606,0.73,3.67,0.065,0.325,0.028,0.129,46.32,36.65
"2021-06-06 23:00:00",554,11.86,401,1,0.543,0.65,3.29,0.058,0.291,0.021,0.11,47.41,36
"2021-06-06 23:30:00",555,11.87,401,1,0.485,0.49,3.04,0.043,0.269,0.013,0.091,47.22,35.66
"2021-06-07 00:00:00",556,11.86,401,1,0.437,0.41,2.77,0.036,0.245,0.002,0.074,46.54,35.54
"2021-06-07 00:30:00",557,11.86,401,1,0.401,0.33,2.59,0.029,0.229,-0.002,0.063,46.7,36.62
"2021-06-07 01:00:00",558,11.86,401,1,0.377,0.3,2.45,0.026,0.217,-0.004,0.054,46.5,36.42
"2021-06-07 01:30:00",559,11.85,401,1,0.365,0.27,2.39,0.023,0.212,-0.004,0.054,47.79,35.96
"2021-06-07 02:00:00",560,11.85,401,1,0.387,0.29,2.53,0.026,0.224,-0.002,0.063,47.08,35.92
"2021-06-07 02:30:00",561,11.85,401,1,0.389,0.35,2.48,0.031,0.22,0,0.056,47.48,35.91
"2021-06-07 03:00:00",562,11.84,401,1,0.368,0.3,2.38,0.027,0.211,-0.002,0.05,46.96,35.8
"2021-06-07 03:30:00",563,11.85,401,1,0.359,0.3,2.32,0.027,0.206,-0.004,0.046,47.44,36.28
"2021-06-07 04:00:00",564,11.84,401,1,0.333,0.24,2.19,0.022,0.193,-0.006,0.037,47.27,35.7
"2021-06-07 04:30:00",565,11.84,401,1,0.305,0.19,2.04,0.017,0.18,-0.013,0.026,47.06,36.06
"2021-06-07 05:00:00",566,11.84,401,1,0.287,0.16,1.94,0.015,0.172,-0.015,0.02,47.21,35.39
"2021-06-07 05:30:00",567,11.84,401,1,0.265,0.14,1.8,0.012,0.16,-0.015,0.013,46.33,35.33
"2021-06-07 06:00:00",568,11.83,401,1,0.309,0.19,2.07,0.017,0.183,-0.009,0.028,46.64,36.16
"2021-06-07 06:30:00",569,11.83,401,1,0.511,0.64,3.07,0.057,0.272,0.017,0.094,47.35,36.61
"2021-06-07 07:00:00",570,11.83,401,1,0.907,1.43,5.13,0.127,0.454,0.078,0.221,48.02,37.27
"2021-06-07 07:30:00",571,11.83,401,1,1.431,2.47,7.86,0.219,0.695,0.16,0.392,48.44,37.85
"2021-06-07 08:00:00",572,11.83,401,1,1.766,3.14,9.6,0.278,0.849,0.218,0.489,49.84,37.88
"2021-06-07 08:30:00",573,11.86,401,1,2.199,3.89,11.98,0.345,1.06,0.271,0.633,48.22,36.25
"2021-06-07 09:00:00",574,11.85,401,1,2.735,5.03,14.69,0.445,1.3,0.361,0.777,47.2,35.63
"2021-06-07 09:30:00",575,11.83,401,1,2.898,5.46,15.43,0.483,1.365,0.384,0.824,46.47,35.07
"2021-06-07 10:00:00",576,11.84,401,1,2.553,4.68,13.73,0.414,1.215,0.35,0.734,50.03,36.57
"2021-06-07 10:30:00",577,11.85,401,1,3.149,5.75,16.96,0.509,1.501,0.423,0.907,46.99,35.02
"2021-06-07 11:00:00",578,11.84,401,1,7.475,6.43,48.04,0.569,1.73,0.493,1.037,44.43,32.46
"2021-06-07 11:30:00",579,11.83,401,1,7.745,6.32,50.14,0.56,1.839,0.508,1.116,43.41,31.7
"2021-06-07 12:00:00",580,11.85,401,1,8.07,6.95,51.88,0.615,1.855,0.547,1.139,43.48,31.1
"2021-06-07 12:30:00",581,11.85,401,1,8.05,6.49,52.23,0.574,1.861,0.553,1.185,42.28,30.98
"2021-06-07 13:00:00",582,11.84,401,1,8.23,6.12,53.93,0.542,1.834,0.53,1.199,42.53,30.41
"2021-06-07 13:30:00",583,11.84,401,1,8.51,7.48,54.51,0.662,1.9,0.603,1.189,43.83,30.22
"2021-06-07 14:00:00",584,11.85,401,1,7.837,4.34,52.95,0.384,1.655,0.46,1.172,43.12,30.74
"2021-06-07 14:30:00",585,11.84,401,1,8.43,7.5,53.89,0.663,1.921,0.584,1.192,41.73,30.43
"2021-06-07 15:00:00",586,11.83,401,1,8.02,6.66,51.77,0.59,1.77,0.548,1.173,40.65,31.14
"2021-06-07 15:30:00",587,11.83,401,1,8.11,7.08,52.03,0.626,1.855,0.564,1.166,43.27,31.04
"2021-06-07 16:00:00",588,11.83,401,1,8.1,6.95,52.06,0.615,1.814,0.556,1.149,42.44,31.03
"2021-06-07 16:30:00",589,11.83,401,1,7.923,6.88,50.85,0.609,1.811,0.548,1.14,43.26,31.45
"2021-06-07 17:00:00",590,11.83,401,1,7.681,6.83,49.12,0.604,1.763,0.535,1.101,43.89,32.07
"2021-06-07 17:30:00",591,11.83,401,1,7.452,6.59,47.7,0.583,1.681,0.507,1.047,44.42,32.59
"2021-06-07 18:00:00",592,11.82,401,1,3.322,6.16,17.79,0.545,1.575,0.463,0.973,45.32,33.75
"2021-06-07 18:30:00",593,11.82,401,1,3.016,5.68,16.06,0.503,1.421,0.417,0.887,46.12,34.15
"2021-06-07 19:00:00",594,11.82,401,1,2.776,5.31,14.69,0.47,1.301,0.378,0.797,45.92,35.33
"2021-06-07 19:30:00",595,11.82,401,1,2.205,4.18,11.71,0.37,1.036,0.285,0.63,46.74,37.07
"2021-06-07 20:00:00",596,11.82,401,1,1.721,3.17,9.24,0.281,0.818,0.205,0.474,47.15,36.41
"2021-06-07 20:30:00",597,11.81,401,1,1.33,2.32,7.28,0.205,0.644,0.142,0.356,47.23,37.3
"2021-06-07 21:00:00",598,11.81,401,1,1.043,1.67,5.87,0.148,0.519,0.095,0.266,47.94,37.19
"2021-06-07 21:30:00",599,11.81,401,1,0.857,1.31,4.89,0.116,0.433,0.071,0.207,47.7,37.1
"2021-06-07 22:00:00",600,11.8,401,1,0.676,0.9,4,0.08,0.354,0.039,0.154,47.93,36.63
"2021-06-07 22:30:00",601,11.8,401,1,0.566,0.68,3.43,0.06,0.304,0.024,0.115,47.43,36.68
"2021-06-07 23:00:00",602,11.79,401,1,0.51,0.54,3.17,0.048,0.28,0.017,0.098,47.23,35.67
"2021-06-07 23:30:00",603,11.79,401,1,0.488,0.45,3.1,0.04,0.274,0.011,0.1,49.37,36.58
"2021-06-08 00:00:00",604,11.79,401,1,0.483,0.51,3,0.046,0.265,0.015,0.089,47.21,37.85
"2021-06-08 00:30:00",605,11.79,401,1,0.453,0.44,2.86,0.039,0.253,0.009,0.079,46.24,36.72
"2021-06-08 01:00:00",606,11.78,401,1,0.43,0.39,2.74,0.034,0.242,0.004,0.073,45.63,37.08
"2021-06-08 01:30:00",607,11.78,401,1,0.412,0.39,2.61,0.034,0.231,0.004,0.064,46.5,36.16
"2021-06-08 02:00:00",608,11.78,401,1,0.379,0.31,2.45,0.027,0.217,-0.002,0.055,46.55,36.06
"2021-06-08 02:30:00",609,11.78,401,1,0.322,0.19,2.16,0.017,0.191,-0.013,0.033,47.44,35.46
"2021-06-08 03:00:00",610,11.77,401,1,0.287,0.11,1.99,0.01,0.176,-0.015,0.027,46.62,36.13
"2021-06-08 03:30:00",611,11.77,401,1,0.269,0.11,1.86,0.01,0.165,-0.013,0.016,47.67,35.54
"2021-06-08 04:00:00",612,11.77,401,1,0.25,0.11,1.72,0.01,0.152,-0.018,0.009,46.67,35.92
"2021-06-08 04:30:00",613,11.77,401,1,0.229,0.08,1.6,0.007,0.141,-0.018,0,46.46,36.12
"2021-06-08 05:00:00",614,11.76,401,1,0.225,0.08,1.57,0.007,0.139,-0.015,-0.002,47.76,35.37
"2021-06-08 05:30:00",615,11.76,401,1,0.225,0.06,1.59,0.005,0.141,-0.02,-0.004,46.65,35.5
"2021-06-08 06:00:00",616,11.76,401,1,0.283,0.17,1.9,0.015,0.168,-0.011,0.016,46.6,35.44
"2021-06-08 06:30:00",617,11.76,401,1,0.554,0.71,3.31,0.063,0.293,0.026,0.102,47.39,36.23
"2021-06-08 07:00:00",618,11.76,401,1,0.944,1.55,5.27,0.137,0.467,0.091,0.228,48.44,36.86
"2021-06-08 07:30:00",619,11.76,401,1,1.338,2.34,7.32,0.207,0.648,0.151,0.35,48.68,37.36
"2021-06-08 08:00:00",620,11.75,401,1,1.819,3.29,9.83,0.291,0.87,0.228,0.502,50.14,37.35
"2021-06-08 08:30:00",621,11.76,401,1,2.026,3.61,11.01,0.319,0.974,0.25,0.57,48.25,36.43
"2021-06-08 09:00:00",622,11.77,401,1,2.541,4.85,13.46,0.43,1.191,0.339,0.713,46.29,36.21
"2021-06-08 09:30:00",623,11.77,401,1,3.03,5.68,16.16,0.502,1.43,0.414,0.859,46.14,35.24
"2021-06-08 10:00:00",624,11.77,401,1,3.248,6.09,17.32,0.539,1.533,0.452,0.914,46.6,34.21
"2021-06-08 10:30:00",625,11.78,401,1,3.317,6.23,17.68,0.551,1.565,0.46,0.941,45.33,33.92
"2021-06-08 11:00:00",626,11.77,401,1,7.229,6.57,46.08,0.581,1.704,0.497,1.009,44.35,33.19
"2021-06-08 11:30:00",627,11.77,401,1,7.188,6.4,45.96,0.566,1.688,0.488,1.003,45.22,33.25
"2021-06-08 12:00:00",628,11.76,401,1,3.42,6.47,18.18,0.573,1.609,0.477,0.969,45.49,34.33
"2021-06-08 12:30:00",629,11.77,401,1,3.334,6.07,17.98,0.537,1.592,0.469,0.988,45.89,33.5
"2021-06-08 13:00:00",630,11.77,401,1,7.43,6.28,47.87,0.556,1.749,0.509,1.082,43.68,32.53
"2021-06-08 13:30:00",631,11.77,401,1,8.51,7.15,54.84,0.633,1.893,0.599,1.193,43.87,30.11
"2021-06-08 14:00:00",632,11.77,401,1,8.07,4.17,54.82,0.369,1.727,0.476,1.223,40.04,30.12
"2021-06-08 14:30:00",633,11.76,401,1,8.89,7.83,56.9,0.693,2.014,0.627,1.245,41.04,29.47
"2021-06-08 15:00:00",634,11.76,401,1,8.79,7.29,56.76,0.645,1.849,0.6,1.242,40.67,29.51
"2021-06-08 15:30:00",635,11.76,401,1,8.57,7.5,54.96,0.664,1.896,0.603,1.208,41.49,30.08
"2021-06-08 16:00:00",636,11.76,401,1,8.27,6.91,53.35,0.611,1.85,0.569,1.176,43.14,30.6
"2021-06-08 16:30:00",637,11.75,401,1,7.924,7.34,50.36,0.65,1.8,0.568,1.109,43.19,31.62
"2021-06-08 17:00:00",638,11.75,401,1,7.251,6.98,45.8,0.618,1.649,0.51,1.006,44.31,33.31
"2021-06-08 17:30:00",639,11.75,401,1,3.221,5.94,17.29,0.525,1.53,0.463,0.974,45.18,33.62
"2021-06-08 18:00:00",640,11.75,401,1,3.174,6.18,16.68,0.547,1.476,0.449,0.909,45.95,34.54
"2021-06-08 18:30:00",641,11.74,401,1,2.9,5.48,15.42,0.485,1.365,0.403,0.845,46.44,34.88
"2021-06-08 19:00:00",642,11.74,401,1,2.846,5.4,15.11,0.478,1.337,0.387,0.813,46.34,35.18
"2021-06-08 19:30:00",643,11.74,401,1,2.475,4.65,13.19,0.412,1.167,0.327,0.701,46.85,36.52
"2021-06-08 20:00:00",644,11.74,401,1,2.033,3.87,10.78,0.343,0.954,0.257,0.566,47.04,36.45
"2021-06-08 20:30:00",645,11.73,401,1,1.598,2.96,8.56,0.262,0.757,0.193,0.43,47.59,37.11
"2021-06-08 21:00:00",646,11.73,401,1,1.211,2.09,6.65,0.185,0.588,0.128,0.314,47.87,36.72
"2021-06-08 21:30:00",647,11.73,401,1,1,1.62,5.61,0.144,0.496,0.095,0.257,48.08,36.51
"2021-06-08 22:00:00",648,11.72,401,1,1.097,2.18,5.72,0.193,0.506,0.107,0.243,44.75,35.49
"2021-06-08 22:30:00",649,11.72,401,1,0.565,0.71,3.39,0.063,0.3,0.024,0.109,46.71,36.37
"2021-06-08 23:00:00",650,11.72,401,1,0.351,0.3,2.26,0.027,0.2,-0.002,0.04,47.43,36.12
"2021-06-08 23:30:00",651,11.71,401,1,0.294,0.17,1.98,0.015,0.175,-0.011,0.022,46.38,35.23
"2021-06-09 00:00:00",652,11.71,401,1,0.226,-0.02,1.68,-0.003,0.149,-0.027,0.002,46.69,35.13
"2021-06-09 00:30:00",653,11.71,401,1,0.194,-0.05,1.48,-0.005,0.131,-0.027,-0.009,47.01,35.44
"2021-06-09 01:00:00",654,11.7,401,1,0.151,-0.16,1.28,-0.015,0.113,-0.036,-0.018,46.72,34.9
"2021-06-09 01:30:00",655,11.7,401,1,0.14,-0.16,1.2,-0.015,0.106,-0.033,-0.027,47.58,35.2
"2021-06-09 02:00:00",656,11.7,401,1,0.127,-0.21,1.16,-0.02,0.102,-0.04,-0.025,47.25,35.28
"2021-06-09 02:30:00",657,11.69,401,1,0.127,-0.18,1.13,-0.017,0.1,-0.038,-0.029,46.69,34.56
"2021-06-09 03:00:00",658,11.7,401,1,0.119,-0.21,1.1,-0.02,0.097,-0.038,-0.029,47.35,35.94
"2021-06-09 03:30:00",659,11.69,401,1,0.14,-0.16,1.2,-0.015,0.106,-0.036,-0.022,46.4,35.65
"2021-06-09 04:00:00",660,11.69,401,1,0.164,-0.1,1.31,-0.01,0.116,-0.031,-0.018,46.31,33.92
"2021-06-09 04:30:00",661,11.69,401,1,0.194,-0.02,1.45,-0.003,0.129,-0.029,-0.014,47.17,35.2
"2021-06-09 05:00:00",662,11.69,401,1,0.194,-0.02,1.45,-0.003,0.128,-0.027,-0.009,45.98,34.98
"2021-06-09 05:30:00",663,11.69,401,1,0.23,0.03,1.66,0.003,0.147,-0.022,0,47.28,35.3
"2021-06-09 06:00:00",664,11.68,401,1,0.303,0.22,1.99,0.02,0.176,-0.007,0.023,47.77,35.24
"2021-06-09 06:30:00",665,11.68,401,1,0.507,0.61,3.07,0.054,0.272,0.024,0.088,47.46,36.3
"2021-06-09 07:00:00",666,11.68,401,1,0.674,1.01,3.87,0.089,0.343,0.049,0.141,47.68,36.37
"2021-06-09 07:30:00",667,11.68,401,1,0.844,1.42,4.68,0.126,0.414,0.075,0.19,48.57,36.59
"2021-06-09 08:00:00",668,11.67,401,1,1.283,2.27,6.99,0.201,0.619,0.143,0.333,48.71,37.4
"2021-06-09 08:30:00",669,11.7,401,1,1.793,3.3,9.63,0.292,0.852,0.226,0.493,48.51,37.76
"2021-06-09 09:00:00",670,11.68,401,1,2.015,3.75,10.78,0.332,0.954,0.259,0.555,49.22,36.83
"2021-06-09 09:30:00",671,11.67,401,1,2.123,4.01,11.29,0.355,0.999,0.274,0.587,48.06,37.15
"2021-06-09 10:00:00",672,11.68,401,1,2.359,4.45,12.55,0.393,1.111,0.312,0.661,47.53,36.79
"2021-06-09 10:30:00",673,11.68,401,1,2.688,5.25,14.11,0.464,1.249,0.363,0.749,46.92,36.43
"2021-06-09 11:00:00",674,11.68,401,1,2.91,5.45,15.53,0.482,1.375,0.4,0.829,46.52,35.36
"2021-06-09 11:30:00",675,11.69,401,1,3.254,6.2,17.25,0.549,1.526,0.454,0.916,45.43,34.12
"2021-06-09 12:00:00",676,11.69,401,1,3.352,6.21,17.96,0.55,1.589,0.465,0.958,45.44,34.13
"2021-06-09 12:30:00",677,11.69,401,1,3.443,6.53,18.28,0.578,1.618,0.481,0.963,44.88,33.72
"2021-06-09 13:00:00",678,11.68,401,1,3.473,6.56,18.47,0.58,1.634,0.484,0.967,45.18,33.62
"2021-06-09 13:30:00",679,11.68,401,1,7.353,6.33,47.25,0.56,1.731,0.505,1.044,45.14,32.75
"2021-06-09 14:00:00",680,11.68,401,1,7.716,7.24,48.94,0.641,1.831,0.55,1.084,43.29,32.13
"2021-06-09 14:30:00",681,11.68,401,1,7.438,6.75,47.42,0.597,1.683,0.519,1.03,44.51,32.69
"2021-06-09 15:00:00",682,11.68,401,1,7.409,6.69,47.27,0.592,1.698,0.516,1.038,44.32,32.75
"2021-06-09 15:30:00",683,11.67,401,1,7.586,6.88,48.37,0.609,1.708,0.526,1.047,43.91,32.34
"2021-06-09 16:00:00",684,11.67,401,1,7.668,6.67,49.2,0.59,1.744,0.533,1.078,44.43,32.03
"2021-06-09 16:30:00",685,11.66,401,1,3.544,6.98,18.54,0.618,1.641,0.508,0.988,44.52,33.62
"2021-06-09 17:00:00",686,11.66,401,1,2.787,5.4,14.68,0.478,1.299,0.383,0.779,47.28,35.71
"2021-06-09 17:30:00",687,11.66,401,1,2.845,5.56,14.93,0.492,1.322,0.383,0.765,46.42,35.52
"2021-06-09 18:00:00",688,11.65,401,1,1.946,3.91,10.1,0.346,0.894,0.248,0.506,47.25,36.5
"2021-06-09 18:30:00",689,11.65,401,1,0.858,1.51,4.68,0.134,0.414,0.079,0.186,47.4,36.65
"2021-06-09 19:00:00",690,11.65,401,1,0.515,0.63,3.11,0.055,0.275,0.02,0.092,47.39,36.23
"2021-06-09 19:30:00",691,11.64,401,1,0.369,0.34,2.35,0.03,0.208,-0.002,0.045,47.61,35.78
"2021-06-09 20:00:00",692,11.64,401,1,0.3,0.17,2.02,0.015,0.178,-0.007,0.025,46.68,36.08
"2021-06-09 20:30:00",693,11.63,401,1,0.227,0.03,1.64,0.002,0.145,-0.02,0.007,47.54,35
"2021-06-09 21:00:00",694,11.63,401,1,0.114,-0.19,1.04,-0.018,0.092,-0.038,-0.032,46.59,35.01
"2021-06-09 21:30:00",695,11.63,401,1,0.054,-0.33,0.75,-0.03,0.066,-0.047,-0.053,47.13,35.16
"2021-06-09 22:00:00",696,11.63,401,1,0.021,-0.42,0.61,-0.038,0.054,-0.054,-0.06,46.83,35.26
"2021-06-09 22:30:00",697,11.62,401,1,-0.017,-0.53,0.44,-0.048,0.039,-0.061,-0.073,46.26,34.28
"2021-06-09 23:00:00",698,11.62,401,1,-0.032,-0.54,0.34,-0.048,0.03,-0.064,-0.076,47.28,34.74
"2021-06-09 23:30:00",699,11.62,401,1,-0.041,-0.54,0.27,-0.048,0.024,-0.062,-0.087,46.89,34.5
"2021-06-10 00:00:00",700,11.62,401,1,-0.054,-0.57,0.21,-0.051,0.018,-0.066,-0.087,46.16,34.59
"2021-06-10 00:30:00",701,11.61,401,1,-0.062,-0.59,0.17,-0.053,0.015,-0.064,-0.092,46.66,34.28
"2021-06-10 01:00:00",702,11.61,401,1,-0.049,-0.5,0.17,-0.045,0.015,-0.063,-0.09,46.57,34.75
"2021-06-10 01:30:00",703,11.61,401,1,-0.041,-0.54,0.27,-0.048,0.024,-0.064,-0.085,46.53,34.71
"2021-06-10 02:00:00",704,11.61,401,1,-0.048,-0.56,0.24,-0.051,0.021,-0.064,-0.087,46.57,35.41
"2021-06-10 02:30:00",705,11.61,401,1,-0.04,-0.53,0.27,-0.048,0.024,-0.064,-0.088,47.24,34.03
"2021-06-10 03:00:00",706,11.6,401,1,-0.056,-0.61,0.24,-0.055,0.021,-0.065,-0.085,47.11,34.32
"2021-06-10 03:30:00",707,11.6,401,1,-0.031,-0.48,0.28,-0.044,0.024,-0.06,-0.081,45.65,34.74
"2021-06-10 04:00:00",708,11.6,401,1,-0.013,-0.45,0.38,-0.041,0.033,-0.06,-0.081,46.27,35.26
"2021-06-10 04:30:00",709,11.6,401,1,-0.004,-0.45,0.45,-0.041,0.04,-0.057,-0.076,46.52,34.54
"2021-06-10 05:00:00",710,11.6,401,1,-0.002,-0.37,0.38,-0.033,0.034,-0.053,-0.077,46.79,34.55
"2021-06-10 05:30:00",711,11.59,401,1,-0.001,-0.43,0.45,-0.039,0.04,-0.055,-0.077,46.68,34.85
"2021-06-10 06:00:00",712,11.59,401,1,-0.018,-0.42,0.31,-0.038,0.028,-0.057,-0.086,46.9,34.76
"2021-06-10 06:30:00",713,11.59,401,1,0.026,-0.36,0.58,-0.033,0.052,-0.052,-0.067,47.42,35.02
"2021-06-10 07:00:00",714,11.58,401,1,0.164,-0.07,1.28,-0.007,0.114,-0.027,-0.021,47.96,35.72
"2021-06-10 07:30:00",715,11.58,401,1,0.188,0.03,1.35,0.003,0.119,-0.022,-0.014,48.38,35.73
"2021-06-10 08:00:00",716,11.58,401,1,0.214,0.06,1.51,0.005,0.134,-0.018,-0.007,47.86,36.03
"2021-06-10 08:30:00",717,11.58,401,1,0.399,0.48,2.42,0.043,0.214,0.014,0.053,47.21,36.45
"2021-06-10 09:00:00",718,11.58,401,1,0.495,0.66,2.93,0.058,0.26,0.025,0.085,47.25,36.24
"2021-06-10 09:30:00",719,11.57,401,1,0.669,1.07,3.77,0.095,0.333,0.054,0.137,47.49,36.74
"2021-06-10 10:00:00",720,11.58,401,1,1.005,1.7,5.56,0.15,0.492,0.102,0.25,47.71,37.62
"2021-06-10 10:30:00",721,11.59,401,1,1.764,3.24,9.48,0.287,0.839,0.219,0.488,48.63,37.06
"2021-06-10 11:00:00",722,11.6,401,1,2.293,4.38,12.14,0.387,1.075,0.312,0.655,47.2,36.85
"2021-06-10 11:30:00",723,11.6,401,1,2.622,5.09,13.8,0.451,1.221,0.368,0.747,47.16,36.4
"2021-06-10 12:00:00",724,11.61,401,1,2.82,5.51,14.8,0.488,1.31,0.403,0.818,46.94,35.37
"2021-06-10 12:30:00",725,11.61,401,1,2.868,4.87,15.84,0.431,1.402,0.405,0.903,46.26,34.28
"2021-06-10 13:00:00",726,11.59,401,1,7.394,5.84,48.08,0.517,1.635,0.47,1.045,43.2,32.45
"2021-06-10 13:30:00",727,11.59,401,1,8.53,7.59,54.57,0.671,2.077,0.631,1.215,43.15,30.2
"2021-06-10 14:00:00",728,11.59,401,1,8.36,4.36,56.79,0.386,1.851,0.497,1.233,39.83,29.5
"2021-06-10 14:30:00",729,11.59,401,1,8.96,8,57.28,0.708,2.171,0.65,1.263,40.51,29.35
"2021-06-10 15:00:00",730,11.59,401,1,9.17,7.81,58.98,0.691,2.045,0.648,1.284,40.4,28.84
"2021-06-10 15:30:00",731,11.59,401,1,9.16,8,58.75,0.708,2.058,0.657,1.278,40.47,28.9
"2021-06-10 16:00:00",732,11.58,401,1,3.488,7.06,18.04,0.625,1.597,0.504,0.941,45.17,34.02
"2021-06-10 16:30:00",733,11.58,401,1,2.069,4.43,10.44,0.392,0.924,0.287,0.523,48.47,37.31
"2021-06-10 17:00:00",734,11.57,401,1,0.913,1.61,4.98,0.142,0.441,0.101,0.221,48.77,36.79
"2021-06-10 17:30:00",735,11.56,401,1,0.845,1.5,4.6,0.133,0.407,0.084,0.188,47.92,36.6
"2021-06-10 18:00:00",736,11.56,401,1,0.867,1.52,4.74,0.135,0.419,0.084,0.193,47.03,37.51
"2021-06-10 18:30:00",737,11.56,401,1,0.988,1.75,5.38,0.155,0.477,0.097,0.23,47.9,36.33
"2021-06-10 19:00:00",738,11.56,401,1,0.85,1.43,4.71,0.126,0.417,0.079,0.192,47.29,37.36
"2021-06-10 19:30:00",739,11.55,401,1,0.668,1.02,3.81,0.09,0.338,0.05,0.14,47.55,37.77
"2021-06-10 20:00:00",740,11.54,401,1,0.519,0.7,3.06,0.062,0.271,0.025,0.087,47.64,36.33
"2021-06-10 20:30:00",741,11.55,401,1,0.391,0.44,2.4,0.039,0.213,0.007,0.055,45.95,36.43
"2021-06-10 21:00:00",742,11.54,401,1,0.303,0.27,1.94,0.024,0.172,-0.005,0.019,47.94,34.48
"2021-06-10 21:30:00",743,11.54,401,1,0.217,0.06,1.53,0.005,0.135,-0.023,-0.009,46.74,35.32
"2021-06-10 22:00:00",744,11.54,401,1,0.165,-0.05,1.27,-0.005,0.113,-0.03,-0.021,46.91,34.53
"2021-06-10 22:30:00",745,11.53,401,1,0.1,-0.2,0.95,-0.018,0.084,-0.04,-0.045,46.71,35.55
"2021-06-10 23:00:00",746,11.53,401,1,0.046,-0.37,0.74,-0.034,0.065,-0.049,-0.056,47.07,35.35
"2021-06-10 23:30:00",747,11.52,401,1,0.017,-0.34,0.49,-0.031,0.043,-0.051,-0.07,47.21,34.16
"2021-06-11 00:00:00",748,11.52,401,1,-0.009,-0.43,0.39,-0.039,0.034,-0.054,-0.083,45.27,35.35
"2021-06-11 00:30:00",749,11.52,401,1,-0.027,-0.49,0.32,-0.045,0.028,-0.056,-0.083,45.48,34.73
"2021-06-11 01:00:00",750,11.51,401,1,-0.041,-0.52,0.25,-0.047,0.022,-0.059,-0.089,46.25,33.05
"2021-06-11 01:30:00",751,11.51,401,1,-0.041,-0.52,0.25,-0.047,0.022,-0.061,-0.085,46.4,34.42
"2021-06-11 02:00:00",752,11.51,401,1,-0.052,-0.49,0.14,-0.044,0.012,-0.063,-0.094,46.59,34.36
"2021-06-11 02:30:00",753,11.51,401,1,-0.07,-0.55,0.07,-0.05,0.006,-0.068,-0.099,47.02,35.2
"2021-06-11 03:00:00",754,11.5,401,1,-0.065,-0.55,0.11,-0.05,0.009,-0.063,-0.097,46.51,33.87
"2021-06-11 03:30:00",755,11.5,401,1,-0.066,-0.52,0.07,-0.047,0.006,-0.066,-0.095,47.4,34.44
"2021-06-11 04:00:00",756,11.5,401,1,-0.079,-0.58,0.04,-0.052,0.003,-0.066,-0.1,47.29,35.05
"2021-06-11 04:30:00",757,11.5,401,1,-0.074,-0.55,0.04,-0.05,0.003,-0.063,-0.099,47.04,35.73
"2021-06-11 05:00:00",758,11.49,401,1,-0.084,-0.58,0,-0.052,0,-0.065,-0.099,46.26,34.28
"2021-06-11 05:30:00",759,11.49,401,1,-0.084,-0.55,-0.03,-0.05,-0.003,-0.061,-0.107,47.06,35.9
"2021-06-11 06:00:00",760,11.49,401,1,-0.084,-0.58,0,-0.052,0,-0.066,-0.104,47.9,36.07
"2021-06-11 06:30:00",761,11.49,401,1,-0.092,-0.58,-0.06,-0.053,-0.006,-0.069,-0.102,46.68,32.91
"2021-06-11 07:00:00",762,11.49,401,1,-0.084,-0.55,-0.03,-0.05,-0.003,-0.066,-0.105,46.86,35.54
"2021-06-11 07:30:00",763,11.48,401,1,-0.07,-0.55,0.07,-0.049,0.006,-0.063,-0.097,46.79,34.96
"2021-06-11 08:00:00",764,11.48,401,1,-0.029,-0.44,0.25,-0.039,0.022,-0.057,-0.086,47.11,34.71
"2021-06-11 08:30:00",765,11.48,401,1,-0.029,-0.4,0.21,-0.037,0.019,-0.052,-0.091,47.46,35.47
"2021-06-11 09:00:00",766,11.47,401,1,-0.021,-0.41,0.28,-0.037,0.025,-0.054,-0.088,47.3,34.65
"2021-06-11 09:30:00",767,11.47,401,1,-0.029,-0.44,0.25,-0.039,0.022,-0.057,-0.086,45.96,36.29
"2021-06-11 10:00:00",768,11.47,401,1,-0.075,-0.49,-0.03,-0.044,-0.003,-0.059,-0.105,46.91,34.37
"2021-06-11 10:30:00",769,11.47,401,1,-0.07,-0.52,0.04,-0.047,0.003,-0.061,-0.103,47.6,35.06
"2021-06-11 11:00:00",770,11.46,401,1,-0.048,-0.44,0.11,-0.04,0.009,-0.057,-0.091,46.98,35
"2021-06-11 11:30:00",771,11.46,401,1,-0.072,-0.5,0,-0.045,0,-0.057,-0.103,47.09,34.7
"2021-06-11 12:00:00",772,11.46,401,1,-0.052,-0.43,0.07,-0.039,0.006,-0.054,-0.098,46.49,33.53
"2021-06-11 12:30:00",773,11.46,401,1,-0.113,-0.62,-0.17,-0.056,-0.016,-0.067,-0.117,46.47,35.31
"2021-06-11 13:00:00",774,11.45,401,1,-0.118,-0.59,-0.24,-0.053,-0.022,-0.066,-0.115,46.7,35.94
"2021-06-11 13:30:00",775,11.45,401,1,-0.137,-0.68,-0.28,-0.061,-0.025,-0.074,-0.115,46.87,34.31
"2021-06-11 14:00:00",776,11.45,401,1,-0.126,-0.58,-0.31,-0.053,-0.028,-0.069,-0.12,47.19,34.95
"2021-06-11 14:30:00",777,11.44,401,1,-0.122,-0.55,-0.31,-0.05,-0.028,-0.069,-0.12,46.53,34.7
"2021-06-11 15:00:00",778,11.45,401,1,-0.152,-0.72,-0.35,-0.065,-0.032,-0.077,-0.123,45.88,35.39
"2021-06-11 15:30:00",779,11.44,401,1,-0.129,-0.63,-0.28,-0.056,-0.025,-0.07,-0.118,47.59,35.21
"2021-06-11 16:00:00",780,11.44,401,1,-0.143,-0.59,-0.42,-0.053,-0.038,-0.067,-0.126,46.98,35.41
"2021-06-11 16:30:00",781,11.44,401,1,-0.147,-0.62,-0.42,-0.055,-0.038,-0.074,-0.133,46.16,35.41
"2021-06-11 17:00:00",782,11.43,401,1,-0.147,-0.66,-0.38,-0.059,-0.035,-0.074,-0.127,46.75,34.77
"2021-06-11 17:30:00",783,11.43,401,1,-0.144,-0.63,-0.39,-0.057,-0.035,-0.07,-0.133,47.02,34.79
"2021-06-11 18:00:00",784,11.43,401,1,-0.109,-0.53,-0.24,-0.048,-0.022,-0.065,-0.118,46.13,34.55
"2021-06-11 18:30:00",785,11.42,401,1,-0.123,-0.56,-0.31,-0.05,-0.029,-0.064,-0.118,46.93,34.39
"2021-06-11 19:00:00",786,11.42,401,1,-0.146,-0.68,-0.35,-0.061,-0.032,-0.074,-0.126,47.25,34.29
"2021-06-11 19:30:00",787,11.42,401,1,-0.139,-0.63,-0.35,-0.057,-0.032,-0.073,-0.129,46.22,33.68
"2021-06-11 20:00:00",788,11.41,401,1,-0.138,-0.69,-0.28,-0.062,-0.026,-0.072,-0.126,46.57,34.84
"2021-06-11 20:30:00",789,11.41,401,1,-0.144,-0.63,-0.39,-0.056,-0.035,-0.065,-0.129,46.4,34.16
"2021-06-11 21:00:00",790,11.41,401,1,-0.14,-0.6,-0.39,-0.054,-0.035,-0.07,-0.129,45.92,33.68
"2021-06-11 21:30:00",791,11.41,401,1,-0.154,-0.67,-0.42,-0.06,-0.038,-0.075,-0.132,46.34,34.76
"2021-06-11 22:00:00",792,11.4,401,1,-0.141,-0.57,-0.43,-0.051,-0.039,-0.068,-0.124,45.74,33.08
"2021-06-11 22:30:00",793,11.4,401,1,-0.148,-0.63,-0.42,-0.057,-0.038,-0.068,-0.132,47.47,35.49
"2021-06-11 23:00:00",794,11.4,401,1,-0.14,-0.6,-0.39,-0.054,-0.035,-0.067,-0.129,45.94,33.96
"2021-06-11 23:30:00",795,11.4,401,1,-0.145,-0.57,-0.46,-0.051,-0.042,-0.068,-0.131,46.76,34.77
"2021-06-12 00:00:00",796,11.39,401,1,-0.14,-0.6,-0.39,-0.054,-0.035,-0.07,-0.132,46.61,33.39
"2021-06-12 00:30:00",797,11.39,401,1,-0.14,-0.57,-0.42,-0.051,-0.038,-0.067,-0.132,46.84,34.86
"2021-06-12 01:00:00",798,11.38,401,1,-0.142,-0.58,-0.43,-0.052,-0.039,-0.066,-0.132,46.71,34.31
"2021-06-12 01:30:00",799,11.38,401,1,-0.141,-0.57,-0.43,-0.051,-0.039,-0.068,-0.129,46.55,34.15
"2021-06-12 02:00:00",800,11.37,401,1,-0.136,-0.57,-0.39,-0.052,-0.035,-0.068,-0.135,45.77,33.53
"2021-06-12 02:30:00",801,11.38,401,1,-0.132,-0.51,-0.43,-0.046,-0.039,-0.063,-0.134,46.14,34.15
"2021-06-12 03:00:00",802,11.37,401,1,-0.13,-0.57,-0.35,-0.051,-0.032,-0.065,-0.13,47.05,34
"2021-06-12 03:30:00",803,11.36,401,1,-0.14,-0.6,-0.39,-0.054,-0.036,-0.066,-0.13,47.89,33.29
"2021-06-12 04:00:00",804,11.36,401,1,-0.132,-0.51,-0.43,-0.046,-0.039,-0.063,-0.127,47.58,34.21
"2021-06-12 04:30:00",805,11.36,401,1,-0.137,-0.54,-0.43,-0.049,-0.039,-0.066,-0.13,46.96,34.56
"2021-06-12 05:00:00",806,11.36,401,1,-0.146,-0.54,-0.5,-0.049,-0.045,-0.066,-0.14,47.12,33.9
"2021-06-12 05:30:00",807,11.35,401,1,-0.132,-0.51,-0.43,-0.046,-0.039,-0.061,-0.13,46.91,35.59
"2021-06-12 06:00:00",808,11.35,401,1,-0.137,-0.54,-0.43,-0.049,-0.039,-0.068,-0.13,46.91,33.44
"2021-06-12 06:30:00",809,11.35,401,1,-0.137,-0.54,-0.43,-0.049,-0.039,-0.063,-0.13,47.59,34.37
"2021-06-12 07:00:00",810,11.34,401,1,-0.141,-0.57,-0.43,-0.051,-0.039,-0.066,-0.13,47.51,35.1
"2021-06-12 07:30:00",811,11.34,401,1,-0.088,-0.45,-0.17,-0.041,-0.016,-0.059,-0.118,47.43,35.6
"2021-06-12 08:00:00",812,11.34,401,1,-0.041,-0.35,0.07,-0.032,0.006,-0.053,-0.101,47.79,34.98
"2021-06-12 08:30:00",813,11.33,401,1,0.053,-0.14,0.54,-0.014,0.048,-0.037,-0.066,48.35,35.54
"2021-06-12 09:00:00",814,11.33,401,1,0.078,-0.08,0.66,-0.008,0.059,-0.035,-0.062,46.15,34.32
"2021-06-12 09:30:00",815,11.33,401,1,-0.052,-0.36,0,-0.033,0,-0.049,-0.101,47.63,35.38
"2021-06-12 10:00:00",816,11.32,401,1,-0.013,-0.26,0.18,-0.024,0.016,-0.044,-0.091,46.81,34.26
"2021-06-12 10:30:00",817,11.32,401,1,0,-0.23,0.25,-0.021,0.023,-0.041,-0.086,48.17,35.21
"2021-06-12 11:00:00",818,11.33,401,1,0.301,0.29,1.9,0.026,0.168,-0.002,0.019,48.72,35.66
"2021-06-12 11:30:00",819,11.35,401,1,1.259,2.33,6.75,0.207,0.598,0.15,0.319,48.85,36.85
"2021-06-12 12:00:00",820,11.33,401,1,2.086,4.17,10.85,0.369,0.96,0.278,0.555,48.21,36.63
"2021-06-12 12:30:00",821,11.32,401,1,2.105,3.74,11.45,0.331,1.014,0.282,0.6,50.82,37.6
"2021-06-12 13:00:00",822,11.35,401,1,2.801,5.11,15.09,0.452,1.336,0.401,0.86,46.81,34.67
"2021-06-12 13:30:00",823,11.33,401,1,6.992,6.49,44.42,0.574,1.605,0.508,1.007,45.99,33.84
"2021-06-12 14:00:00",824,11.34,401,1,7.056,4.45,47.09,0.393,1.476,0.428,1.054,43,32.81
"2021-06-12 14:30:00",825,11.33,401,1,7.626,7.19,48.33,0.636,1.721,0.564,1.071,44.91,32.36
"2021-06-12 15:00:00",826,11.32,401,1,7.516,7.11,47.61,0.629,1.707,0.552,1.058,44.45,32.62
"2021-06-12 15:30:00",827,11.32,401,1,7.988,7.19,50.99,0.636,1.857,0.589,1.158,43.39,31.4
"2021-06-12 16:00:00",828,11.31,401,1,7.964,7.37,50.62,0.653,1.878,0.595,1.14,43.52,31.53
"2021-06-12 16:30:00",829,11.31,401,1,7.769,7.11,49.47,0.63,1.775,0.568,1.114,43.67,31.94
"2021-06-12 17:00:00",830,11.31,401,1,7.596,7.41,47.87,0.656,1.756,0.565,1.072,43.95,32.52
"2021-06-12 17:30:00",831,11.29,401,1,3.606,7.16,18.8,0.633,1.664,0.53,0.991,44.51,33.35
"2021-06-12 18:00:00",832,11.29,401,1,3.297,6.56,17.18,0.58,1.52,0.477,0.901,46.65,35.48
"2021-06-12 18:30:00",833,11.29,401,1,2.916,5.85,15.14,0.518,1.34,0.42,0.797,46.68,35.52
"2021-06-12 19:00:00",834,11.29,401,1,2.66,5.55,13.58,0.491,1.202,0.379,0.705,46.7,36.35
"2021-06-12 19:30:00",835,11.28,401,1,2.28,4.7,11.7,0.416,1.035,0.317,0.593,47.76,37.42
"2021-06-12 20:00:00",836,11.28,401,1,1.765,3.65,9.05,0.323,0.801,0.236,0.447,47.89,37.28
"2021-06-12 20:30:00",837,11.27,401,1,1.328,2.66,6.9,0.235,0.61,0.163,0.319,48.95,36.96
"2021-06-12 21:00:00",838,11.26,401,1,0.953,1.82,5.05,0.161,0.447,0.106,0.211,48.55,36.81
"2021-06-12 21:30:00",839,11.27,401,1,0.715,1.31,3.85,0.116,0.341,0.067,0.133,47.29,36.69
"2021-06-12 22:00:00",840,11.25,401,1,0.549,0.9,3.07,0.079,0.271,0.039,0.089,48.75,36.2
"2021-06-12 22:30:00",841,11.25,401,1,0.432,0.63,2.5,0.055,0.222,0.017,0.052,47.83,36.25
"2021-06-12 23:00:00",842,11.25,401,1,0.337,0.41,2.04,0.037,0.18,0.003,0.028,47.35,36.18
"2021-06-12 23:30:00",843,11.25,401,1,0.269,0.25,1.71,0.023,0.151,-0.005,0.003,47.64,36.06
"2021-06-13 00:00:00",844,11.23,401,1,0.201,0.1,1.37,0.008,0.121,-0.018,-0.02,46.7,35.12
"2021-06-13 00:30:00",845,11.24,401,1,0.144,0,1.06,0,0.094,-0.025,-0.035,46.86,35.69
"2021-06-13 01:00:00",846,11.22,401,1,0.132,-0.02,0.99,-0.003,0.087,-0.03,-0.046,46.61,35.03
"2021-06-13 01:30:00",847,11.22,401,1,0.091,-0.15,0.83,-0.014,0.074,-0.035,-0.053,47.85,35.45
"2021-06-13 02:00:00",848,11.21,401,1,0.081,-0.15,0.76,-0.014,0.067,-0.035,-0.061,45.84,33.85
"2021-06-13 02:30:00",849,11.21,401,1,0.042,-0.24,0.57,-0.022,0.05,-0.045,-0.068,47.34,35.5
"2021-06-13 03:00:00",850,11.2,401,1,0.021,-0.25,0.42,-0.023,0.037,-0.043,-0.079,47.56,34.74
"2021-06-13 03:30:00",851,11.19,401,1,-0.003,-0.38,0.38,-0.034,0.034,-0.049,-0.079,46.45,34.46
"2021-06-13 04:00:00",852,11.2,401,1,-0.008,-0.35,0.31,-0.032,0.027,-0.049,-0.082,47.07,34.26
"2021-06-13 04:30:00",853,11.19,401,1,-0.018,-0.34,0.23,-0.031,0.02,-0.048,-0.087,46.93,34.94
"2021-06-13 05:00:00",854,11.18,401,1,-0.038,-0.44,0.19,-0.04,0.017,-0.056,-0.095,46.21,34.47
"2021-06-13 05:30:00",855,11.18,401,1,-0.044,-0.38,0.08,-0.034,0.007,-0.051,-0.1,46.72,34.06
"2021-06-13 06:00:00",856,11.17,401,1,-0.048,-0.44,0.11,-0.04,0.01,-0.059,-0.095,48,34.78
"2021-06-13 06:30:00",857,11.18,401,1,-0.043,-0.34,0.04,-0.031,0.003,-0.051,-0.103,47.71,34.75
"2021-06-13 07:00:00",858,11.16,401,1,-0.057,-0.47,0.08,-0.042,0.007,-0.056,-0.095,47.34,34.78
"2021-06-13 07:30:00",859,11.15,401,1,0.047,-0.21,0.57,-0.019,0.05,-0.04,-0.064,47.38,34.82
"2021-06-13 08:00:00",860,11.15,401,1,0.229,0.16,1.51,0.014,0.134,-0.013,-0.003,48.22,35.41
"2021-06-13 08:30:00",861,11.17,401,1,0.722,1.11,4.11,0.098,0.363,0.059,0.162,48.89,36.74
"2021-06-13 09:00:00",862,11.17,401,1,1.4,2.65,7.44,0.235,0.659,0.175,0.367,49.33,38.01
"2021-06-13 09:30:00",863,11.15,401,1,2.211,4.21,11.72,0.372,1.037,0.298,0.619,49.32,37.33
"2021-06-13 10:00:00",864,11.16,401,1,2.841,5.7,14.75,0.504,1.306,0.426,0.825,49.2,35.72
"2021-06-13 10:30:00",865,11.19,401,1,7.113,6.25,45.57,0.554,1.565,0.505,1.002,46.06,33.4
"2021-06-13 11:00:00",866,11.16,401,1,7.491,6.87,47.68,0.608,1.638,0.548,1.069,44.44,32.6
"2021-06-13 11:30:00",867,11.15,401,1,7.957,7.12,50.84,0.63,1.694,0.583,1.131,43.85,31.45
"2021-06-13 12:00:00",868,11.19,401,1,8.32,7.18,53.44,0.636,1.714,0.605,1.186,43.38,30.57
"2021-06-13 12:30:00",869,11.17,401,1,7.589,5.75,49.61,0.509,1.684,0.541,1.124,47.15,31.89
"2021-06-13 13:00:00",870,11.17,401,1,7.804,6.56,50.32,0.581,1.702,0.542,1.099,43.77,31.64
"2021-06-13 13:30:00",871,11.18,401,1,8.05,7.3,51.32,0.646,1.755,0.594,1.135,44.76,31.29
"2021-06-13 14:00:00",872,11.19,401,1,7.637,4.5,51.31,0.398,1.576,0.465,1.139,41.79,31.29
"2021-06-13 14:30:00",873,11.16,401,1,8.25,7.96,52.09,0.705,1.822,0.617,1.147,42.6,31.02
"2021-06-13 15:00:00",874,11.15,401,1,7.956,7.78,50.12,0.689,1.741,0.605,1.121,43.29,31.71
"2021-06-13 15:30:00",875,11.14,401,1,7.846,7.54,49.57,0.667,1.799,0.587,1.11,43.47,31.9
"2021-06-13 16:00:00",876,11.13,401,1,7.613,7.36,48.05,0.651,1.729,0.571,1.07,44.18,32.45
"2021-06-13 16:30:00",877,11.12,401,1,7.674,7.39,48.47,0.654,1.712,0.562,1.054,43.87,32.3
"2021-06-13 17:00:00",878,11.11,401,1,3.564,7.1,18.56,0.629,1.643,0.53,0.994,44.84,33.52
"2021-06-13 17:30:00",879,11.11,401,1,3.393,6.78,17.65,0.6,1.562,0.489,0.932,45.86,33.72
"2021-06-13 18:00:00",880,11.1,401,1,3.107,6.13,16.24,0.543,1.438,0.447,0.851,47.35,36.34
"2021-06-13 18:30:00",881,11.09,401,1,2.817,5.84,14.42,0.517,1.276,0.397,0.744,46.41,35.82
"2021-06-13 19:00:00",882,11.08,401,1,2.266,4.53,11.78,0.401,1.043,0.303,0.603,48.15,37.15
"2021-06-13 19:30:00",883,11.07,401,1,1.921,3.85,9.98,0.341,0.883,0.252,0.495,47.95,36.79
"2021-06-13 20:00:00",884,11.06,401,1,1.481,2.87,7.8,0.254,0.691,0.183,0.372,46.78,38.07
"2021-06-13 20:30:00",885,11.06,401,1,1.101,2.03,5.91,0.18,0.523,0.121,0.263,47.13,34.9
"2021-06-13 21:00:00",886,11.06,401,1,0.825,1.4,4.56,0.124,0.404,0.076,0.181,47.2,36.45
"2021-06-13 21:30:00",887,11.03,401,1,0.613,0.9,3.54,0.08,0.314,0.042,0.119,49.03,36.64
"2021-06-13 22:00:00",888,11.03,401,1,0.49,0.7,2.85,0.062,0.253,0.029,0.077,47.55,36.13
"2021-06-13 22:30:00",889,11.01,401,1,0.398,0.43,2.46,0.039,0.218,0.008,0.048,47.15,35.75
"2021-06-13 23:00:00",890,11.02,401,1,0.321,0.24,2.1,0.021,0.186,-0.003,0.03,47.24,35.26
"2021-06-13 23:30:00",891,10.99,401,1,0.272,0.17,1.82,0.015,0.161,-0.011,0.016,47.55,33.93
"2021-06-14 00:00:00",892,10.99,401,1,0.268,0.17,1.79,0.015,0.159,-0.011,0.008,47.68,35.55
"2021-06-14 00:30:00",893,10.99,401,1,0.249,0.14,1.68,0.012,0.149,-0.014,0,48.1,35.31
"2021-06-14 01:00:00",894,10.97,401,1,0.222,0.07,1.56,0.006,0.138,-0.019,-0.003,46.72,34.9
"2021-06-14 01:30:00",895,10.97,401,1,0.212,0.07,1.48,0.006,0.131,-0.022,-0.008,47.54,35.56
"2021-06-14 02:00:00",896,10.94,401,1,0.213,0.07,1.49,0.006,0.132,-0.019,-0.008,47.14,34.9
"2021-06-14 02:30:00",897,10.93,401,1,0.213,0.07,1.49,0.006,0.132,-0.022,-0.006,47.54,35
"2021-06-14 03:00:00",898,10.94,401,1,0.214,0.03,1.54,0.003,0.136,-0.017,-0.008,47.35,35.37
"2021-06-14 03:30:00",899,10.91,401,1,0.216,0.07,1.51,0.006,0.134,-0.022,-0.008,47.6,35.21
"2021-06-14 04:00:00",900,10.9,401,1,0.202,0.04,1.44,0.003,0.127,-0.022,-0.011,48,36.27
"2021-06-14 04:30:00",901,10.9,401,1,0.185,0,1.36,0,0.12,-0.026,-0.02,48.21,36.07
"2021-06-14 05:00:00",902,10.87,401,1,0.202,0.07,1.41,0.006,0.125,-0.023,-0.014,47.8,35.97
"2021-06-14 05:30:00",903,10.87,401,1,0.188,0.04,1.34,0.003,0.119,-0.023,-0.017,47.39,35
"2021-06-14 06:00:00",904,10.85,401,1,0.188,0.04,1.34,0.003,0.119,-0.02,-0.02,47.03,35.05
"2021-06-14 06:30:00",905,10.83,401,1,0.282,0.21,1.85,0.019,0.164,-0.006,0.014,48.12,35.16
"2021-06-14 07:00:00",906,10.83,401,1,0.566,0.81,3.29,0.072,0.291,0.034,0.104,48.12,36.14
"2021-06-14 07:30:00",907,10.79,401,1,1.004,1.7,5.55,0.151,0.491,0.104,0.251,48.82,37.51
"2021-06-14 08:00:00",908,10.8,401,1,1.743,3.24,9.33,0.287,0.826,0.228,0.492,49.64,38.07
"2021-06-14 08:30:00",909,10.88,401,1,2.471,4.83,12.97,0.427,1.148,0.349,0.704,48.31,36.59
"2021-06-14 09:00:00",910,10.85,401,1,2.629,5.23,13.7,0.463,1.212,0.385,0.743,48.22,37.31
"2021-06-14 09:30:00",911,10.81,401,1,2.743,5.47,14.28,0.484,1.264,0.41,0.802,47.8,35.97
"2021-06-14 10:00:00",912,10.79,401,1,3.054,6.28,15.69,0.556,1.389,0.476,0.899,47.86,35.22
"2021-06-14 10:30:00",913,10.88,401,1,3.44,7.15,17.59,0.633,1.557,0.535,0.993,44.72,33.72
"2021-06-14 11:00:00",914,10.87,401,1,3.267,6.48,17.04,0.574,1.508,0.499,0.954,46.6,33.79
"2021-06-14 11:30:00",915,10.82,401,1,7.437,6.79,47.37,0.601,1.637,0.539,1.056,44.44,32.71
"2021-06-14 12:00:00",916,10.87,401,1,8.09,7.59,51.28,0.672,1.758,0.598,1.122,43.29,31.31
"2021-06-14 12:30:00",917,10.84,401,1,7.846,5.62,51.64,0.497,1.607,0.522,1.143,41.68,31.18
"2021-06-14 13:00:00",918,10.81,401,1,8.12,6.78,52.43,0.6,1.834,0.582,1.171,42.47,30.9
"2021-06-14 13:30:00",919,10.8,401,1,8.1,8.14,50.82,0.72,1.873,0.621,1.124,44.26,31.47
"2021-06-14 14:00:00",920,10.83,401,1,7.928,4.47,53.48,0.396,1.666,0.478,1.177,42.28,30.56
"2021-06-14 14:30:00",921,10.76,401,1,8.34,7.27,53.46,0.643,1.875,0.609,1.183,42.29,30.56
"2021-06-14 15:00:00",922,10.76,401,1,8.38,8.7,52.27,0.77,1.836,0.657,1.164,42.12,30.96
"2021-06-14 15:30:00",923,10.72,401,1,8.51,7.68,54.28,0.68,1.908,0.631,1.208,42.53,30.29
"2021-06-14 16:00:00",924,10.68,401,1,8.27,7.51,52.71,0.664,1.824,0.616,1.171,42.54,30.81
"2021-06-14 16:30:00",925,10.65,401,1,8.02,7.41,50.98,0.656,1.752,0.595,1.126,43.79,31.41
"2021-06-14 17:00:00",926,10.61,401,1,8.19,7.48,52.13,0.662,1.764,0.572,1.081,43.4,31.01
"2021-06-14 17:30:00",927,10.51,401,1,7.268,7.03,45.87,0.622,1.641,0.532,1.013,45.27,33.28
"2021-06-14 18:00:00",928,10.5,401,1,3.277,6.45,17.15,0.571,1.518,0.483,0.934,45.4,33.83
"2021-06-14 18:30:00",929,10.43,401,1,2.962,5.84,15.49,0.517,1.371,0.435,0.848,46.98,35.67
"2021-06-14 19:00:00",930,10.35,401,1,2.746,5.64,14.12,0.499,1.249,0.39,0.76,47.38,35.66
