"TOA5","CR300Series_502","CR300","27031","CR300-RF407.Std.10.04","CPU:CR300_sapflow.CR300","32345","Table1"
"TIMESTAMP","RECORD","BattV_Min","id","SDI0","SapFlwTot0","VhOuter0","VhInner0","AlphaOut0","AlphaIn0","BetaOut0","BetaIn0","tMaxTout0","tMaxTin0"
"TS","RN","Volts","","","literPerHour","heatVelocity","heatVelocity","logTRatio","logTRatio","logTRatio","logTRatio","second","second"
"","","Min","Smp","Smp","Smp","Smp","Smp","Smp","Smp","Smp","Smp","Smp","Smp"
"2024-09-16 13:30:00",5264,6.125,502,0,0.593,11.83,15.68,0.629,0.833,0.55,0.511,56.83,50.26
"2024-09-16 14:00:00",5265,12.99,502,0,0.546,10.96,14.36,0.582,0.763,0.486,0.451,57.18,49.89
"2024-09-16 14:30:00",5266,12.99,502,0,0.456,9.15,12,0.486,0.637,0.398,0.359,57.96,51.07
"2024-09-16 15:00:00",5267,13,502,0,0.482,9.55,12.85,0.507,0.682,0.421,0.395,58.43,50.45
"2024-09-16 15:30:00",5268,13,502,0,0.582,11.53,15.5,0.613,0.823,0.515,0.494,56.63,50.32
"2024-09-16 16:00:00",5269,13,502,0,0.514,10.21,13.66,0.543,0.726,0.447,0.419,56.6,50.97
"2024-09-16 16:30:00",5270,12.99,502,0,0.467,9.21,12.51,0.489,0.665,0.401,0.368,57.52,51.36
"2024-09-16 17:00:00",5271,12.99,502,0,0.43,8.4,11.6,0.446,0.616,0.366,0.331,58.62,50.66
"2024-09-16 17:30:00",5272,12.99,502,0,0.362,7.07,9.8,0.375,0.52,0.298,0.262,58.11,51.22
"2024-09-16 18:00:00",5273,12.99,502,0,0.267,5.1,7.35,0.271,0.391,0.207,0.181,57.97,49.59
"2024-09-16 18:30:00",5274,12.98,502,0,0.164,2.88,4.83,0.153,0.257,0.106,0.072,57.73,50.58
"2024-09-16 19:00:00",5275,12.98,502,0,0.079,1.1,2.7,0.058,0.144,0.02,-0.005,56.11,49.38
"2024-09-16 19:30:00",5276,12.98,502,0,-0.009,-0.67,0.4,-0.038,0.021,-0.062,-0.096,55.83,48.68
"2024-09-16 20:00:00",5277,12.97,502,0,-0.04,-1.32,-0.37,-0.071,-0.021,-0.094,-0.127,56.35,47.7
"2024-09-16 20:30:00",5278,12.97,502,0,-0.048,-1.57,-0.49,-0.085,-0.027,-0.105,-0.135,57.67,47.36
"2024-09-16 21:00:00",5279,12.97,502,0,-0.059,-1.77,-0.77,-0.095,-0.042,-0.114,-0.141,56.99,47.51
"2024-09-16 21:30:00",5280,12.96,502,0,-0.06,-1.82,-0.77,-0.098,-0.042,-0.12,-0.144,56.53,47.57
"2024-09-16 22:00:00",5281,12.96,502,0,-0.064,-1.87,-0.94,-0.101,-0.051,-0.117,-0.146,56.66,48.12
"2024-09-16 22:30:00",5282,12.96,502,0,-0.064,-1.87,-0.94,-0.101,-0.051,-0.119,-0.148,57.52,47.48
"2024-09-16 23:00:00",5283,12.96,502,0,-0.068,-1.92,-1.06,-0.104,-0.057,-0.123,-0.154,57.15,46.69
"2024-09-16 23:30:00",5284,12.96,502,0,-0.066,-1.82,-1.11,-0.098,-0.06,-0.117,-0.141,55.26,47.03
"2024-09-17 00:00:00",5285,12.95,502,0,-0.067,-1.87,-1.11,-0.101,-0.06,-0.12,-0.152,56.36,46.73
"2024-09-17 00:30:00",5286,12.95,502,0,-0.07,-1.97,-1.11,-0.106,-0.06,-0.125,-0.154,56.44,46.24
"2024-09-17 01:00:00",5287,12.95,502,0,-0.068,-1.87,-1.16,-0.101,-0.063,-0.12,-0.151,56.41,46.78
"2024-09-17 01:30:00",5288,12.95,502,0,-0.068,-1.87,-1.16,-0.101,-0.063,-0.12,-0.154,56.74,48.2
"2024-09-17 02:00:00",5289,12.95,502,0,-0.067,-1.82,-1.16,-0.098,-0.063,-0.117,-0.157,56.77,48.12
"2024-09-17 02:30:00",5290,12.94,502,0,-0.061,-1.72,-0.99,-0.093,-0.054,-0.115,-0.149,56.38,47.57
"2024-09-17 03:00:00",5291,12.94,502,0,-0.064,-1.77,-1.06,-0.096,-0.057,-0.118,-0.155,55.8,46.43
"2024-09-17 03:30:00",5292,12.94,502,0,-0.061,-1.67,-1.04,-0.09,-0.057,-0.11,-0.149,56.89,47.52
"2024-09-17 04:00:00",5293,12.94,502,0,-0.065,-1.72,-1.16,-0.093,-0.063,-0.113,-0.152,55.85,47.72
"2024-09-17 04:30:00",5294,12.94,502,0,-0.057,-1.57,-0.94,-0.085,-0.051,-0.11,-0.149,56.78,47.98
"2024-09-17 05:00:00",5295,12.94,502,0,-0.06,-1.59,-1.11,-0.085,-0.06,-0.108,-0.155,56.71,47.5
"2024-09-17 05:30:00",5296,12.94,502,0,-0.061,-1.64,-1.06,-0.088,-0.057,-0.11,-0.157,56.31,46.01
"2024-09-17 06:00:00",5297,12.94,502,0,-0.054,-1.52,-0.89,-0.083,-0.048,-0.105,-0.146,57.14,48.91
"2024-09-17 06:30:00",5298,12.93,502,0,-0.056,-1.54,-0.94,-0.083,-0.051,-0.105,-0.147,56.96,46.65
"2024-09-17 07:00:00",5299,12.93,502,0,-0.053,-1.47,-0.89,-0.08,-0.048,-0.1,-0.147,55.5,49.34
"2024-09-17 07:30:00",5300,12.93,502,0,-0.032,-1.02,-0.37,-0.056,-0.021,-0.082,-0.125,56.72,48.07
"2024-09-17 08:00:00",5301,12.93,502,0,0.01,-0.12,0.73,-0.008,0.039,-0.038,-0.079,57.16,48.36
"2024-09-17 08:30:00",5302,12.93,502,0,0.069,1.1,2.2,0.058,0.117,0.02,-0.024,58.23,49.58
"2024-09-17 09:00:00",5303,12.93,502,0,0.113,1.97,3.37,0.105,0.178,0.063,0.023,58.38,50.41
"2024-09-17 09:30:00",5304,12.93,502,0,0.206,3.87,5.78,0.205,0.307,0.154,0.12,58.27,51.12
"2024-09-17 10:00:00",5305,12.93,502,0,0.417,8.3,11.08,0.441,0.589,0.364,0.323,58.93,52.88
"2024-09-17 10:30:00",5306,12.93,502,0,0.591,11.76,15.66,0.625,0.832,0.531,0.51,57.4,50.52
"2024-09-17 11:00:00",5307,12.93,502,0,0.721,14.23,19.3,0.756,1.025,0.654,0.644,54.23,47.92
"2024-09-17 11:30:00",5308,12.93,502,0,0.816,16.1,21.85,0.855,1.16,0.747,0.735,51.89,46
"2024-09-17 12:00:00",5309,12.93,502,0,0.789,15.81,20.8,0.84,1.105,0.716,0.693,52.49,46.86
"2024-09-17 12:30:00",5310,12.93,502,0,0.66,13.35,17.2,0.709,0.913,0.589,0.554,54.84,49.36
"2024-09-17 13:00:00",5311,12.92,502,0,0.563,11.31,14.76,0.601,0.785,0.498,0.46,55.85,49.54
"2024-09-17 13:30:00",5312,12.92,502,0,0.501,10,13.26,0.531,0.704,0.44,0.407,58.38,50.98
"2024-09-17 14:00:00",5313,12.92,502,0,0.561,11.13,14.9,0.591,0.791,0.496,0.471,56.62,50.31
"2024-09-17 14:30:00",5314,12.92,502,0,0.546,10.86,14.46,0.577,0.769,0.483,0.455,56.95,49.55
"2024-09-17 15:00:00",5315,12.92,502,0,0.514,10.23,13.63,0.544,0.724,0.446,0.415,57.28,51.38
"2024-09-17 15:30:00",5316,12.91,502,0,0.481,9.51,12.85,0.505,0.682,0.414,0.386,56.54,50.23
"2024-09-17 16:00:00",5317,12.91,502,0,0.425,8.38,11.4,0.445,0.606,0.359,0.332,58.13,50.16
"2024-09-17 16:30:00",5318,12.91,502,0,0.341,6.62,9.26,0.352,0.492,0.28,0.254,58.32,51.03
"2024-09-17 17:00:00",5319,12.91,502,0,0.243,4.6,6.75,0.245,0.358,0.187,0.152,60.3,50.67
"2024-09-17 17:30:00",5320,12.9,502,0,0.213,3.95,6.05,0.209,0.322,0.154,0.124,58.12,50.15
"2024-09-17 18:00:00",5321,12.9,502,0,0.207,3.77,5.97,0.2,0.316,0.147,0.127,58.11,49.88
"2024-09-17 18:30:00",5322,12.9,502,0,0.149,2.62,4.43,0.139,0.235,0.094,0.06,57.73,50.58
"2024-09-17 19:00:00",5323,12.89,502,0,0.069,0.95,2.4,0.051,0.127,0.021,-0.008,56.1,47.3
"2024-09-17 19:30:00",5324,12.89,502,0,0.012,-0.22,0.97,-0.013,0.051,-0.041,-0.069,57.1,48.71
"2024-09-17 20:00:00",5325,12.89,502,0,-0.017,-0.84,0.17,-0.046,0.009,-0.07,-0.099,57.77,47.31
"2024-09-17 20:30:00",5326,12.88,502,0,-0.037,-1.29,-0.26,-0.07,-0.015,-0.093,-0.12,55.7,47.98
"2024-09-17 21:00:00",5327,12.88,502,0,-0.047,-1.49,-0.54,-0.08,-0.03,-0.103,-0.131,56.93,47.72
"2024-09-17 21:30:00",5328,12.88,502,0,-0.066,-1.91,-1.01,-0.103,-0.055,-0.122,-0.148,56.17,47.36
"2024-09-17 22:00:00",5329,12.87,502,0,-0.076,-2.04,-1.34,-0.11,-0.073,-0.129,-0.161,55.86,46.79
"2024-09-17 22:30:00",5330,12.87,502,0,-0.083,-2.21,-1.47,-0.119,-0.079,-0.135,-0.167,55.82,47.68
"2024-09-17 23:00:00",5331,12.87,502,0,-0.092,-2.36,-1.76,-0.126,-0.094,-0.145,-0.18,55.6,45.97
"2024-09-17 23:30:00",5332,12.87,502,0,-0.099,-2.51,-1.92,-0.135,-0.103,-0.153,-0.186,55.72,47.07
"2024-09-18 00:00:00",5333,12.87,502,0,-0.102,-2.56,-2.04,-0.137,-0.11,-0.153,-0.191,56.06,46.59
"2024-09-18 00:30:00",5334,12.86,502,0,-0.106,-2.61,-2.16,-0.14,-0.116,-0.155,-0.197,55.76,46.54
"2024-09-18 01:00:00",5335,12.86,502,0,-0.101,-2.51,-2.04,-0.135,-0.11,-0.15,-0.192,55.2,46.4
"2024-09-18 01:30:00",5336,12.86,502,0,-0.106,-2.61,-2.16,-0.14,-0.116,-0.155,-0.194,56.23,47.42
"2024-09-18 02:00:00",5337,12.86,502,0,-0.106,-2.61,-2.16,-0.14,-0.116,-0.155,-0.194,55.73,46.67
"2024-09-18 02:30:00",5338,12.86,502,0,-0.107,-2.66,-2.16,-0.143,-0.116,-0.158,-0.197,55.92,46.54
"2024-09-18 03:00:00",5339,12.85,502,0,-0.104,-2.56,-2.16,-0.138,-0.116,-0.153,-0.195,57.16,46.7
"2024-09-18 03:30:00",5340,12.85,502,0,-0.105,-2.62,-2.09,-0.14,-0.113,-0.156,-0.192,55.7,46.22
"2024-09-18 04:00:00",5341,12.85,502,0,-0.103,-2.51,-2.16,-0.135,-0.116,-0.15,-0.194,56.11,46.06
"2024-09-18 04:30:00",5342,12.85,502,0,-0.105,-2.62,-2.11,-0.14,-0.113,-0.156,-0.192,56.73,46.27
"2024-09-18 05:00:00",5343,12.84,502,0,-0.106,-2.57,-2.22,-0.138,-0.119,-0.148,-0.189,55.13,45.91
"2024-09-18 05:30:00",5344,12.84,502,0,-0.102,-2.47,-2.16,-0.133,-0.116,-0.151,-0.198,56.62,47.82
"2024-09-18 06:00:00",5345,12.84,502,0,-0.103,-2.47,-2.22,-0.133,-0.12,-0.149,-0.192,56.38,45.76
"2024-09-18 06:30:00",5346,12.84,502,0,-0.108,-2.54,-2.36,-0.136,-0.126,-0.154,-0.199,56.64,47.43
"2024-09-18 07:00:00",5347,12.83,502,0,-0.11,-2.59,-2.41,-0.139,-0.129,-0.154,-0.204,55.34,47.37
"2024-09-18 07:30:00",5348,12.83,502,0,-0.109,-2.57,-2.41,-0.138,-0.129,-0.157,-0.204,56.96,46.49
"2024-09-18 08:00:00",5349,12.83,502,0,-0.113,-2.69,-2.46,-0.144,-0.132,-0.159,-0.204,56.99,46.12
"2024-09-18 08:30:00",5350,12.83,502,0,-0.11,-2.62,-2.39,-0.14,-0.129,-0.159,-0.201,56.74,46.69
"2024-09-18 09:00:00",5351,12.83,502,0,-0.109,-2.69,-2.22,-0.144,-0.12,-0.164,-0.202,54.16,45.77
"2024-09-18 09:30:00",5352,12.82,502,0,-0.113,-2.61,-2.54,-0.14,-0.136,-0.158,-0.214,55.46,45.41
"2024-09-18 10:00:00",5353,12.82,502,0,-0.12,-2.81,-2.64,-0.15,-0.142,-0.166,-0.213,56.11,47.05
"2024-09-18 10:30:00",5354,12.82,502,0,-0.115,-2.72,-2.49,-0.146,-0.134,-0.162,-0.204,57.03,46.41
"2024-09-18 11:00:00",5355,12.82,502,0,-0.071,-1.94,-1.21,-0.105,-0.066,-0.122,-0.158,58.94,48.07
"2024-09-18 11:30:00",5356,12.82,502,0,-0.112,-2.67,-2.39,-0.144,-0.129,-0.159,-0.202,55.47,47.76
"2024-09-18 12:00:00",5357,12.81,502,0,-0.106,-2.62,-2.16,-0.141,-0.116,-0.159,-0.195,55.9,46.53
"2024-09-18 12:30:00",5358,12.81,502,0,-0.103,-2.42,-2.24,-0.13,-0.12,-0.149,-0.194,57.11,46.49
"2024-09-18 13:00:00",5359,12.81,502,0,-0.103,-2.54,-2.12,-0.136,-0.114,-0.152,-0.191,56.64,45.76
"2024-09-18 13:30:00",5360,12.81,502,0,-0.086,-2.16,-1.71,-0.116,-0.092,-0.133,-0.174,55.64,46.42
"2024-09-18 14:00:00",5361,12.81,502,0,-0.045,-1.29,-0.72,-0.07,-0.04,-0.096,-0.138,57.09,47.72
"2024-09-18 14:30:00",5362,12.81,502,0,0.021,0.1,0.97,0.005,0.052,-0.026,-0.067,58.18,49.38
"2024-09-18 15:00:00",5363,12.81,502,0,0.104,1.87,3.05,0.099,0.162,0.05,0.003,57.81,50.66
"2024-09-18 15:30:00",5364,12.81,502,0,0.127,2.32,3.65,0.123,0.194,0.073,0.032,58.36,50.22
"2024-09-18 16:00:00",5365,12.8,502,0,0.157,2.97,4.35,0.157,0.231,0.106,0.061,58.23,50.26
"2024-09-18 16:30:00",5366,12.8,502,0,0.19,3.68,5.18,0.196,0.275,0.137,0.085,58.82,50.02
"2024-09-18 17:00:00",5367,12.8,502,0,0.214,4.18,5.8,0.222,0.308,0.165,0.114,59.03,51.21
"2024-09-18 17:30:00",5368,12.79,502,0,0.206,3.98,5.63,0.212,0.299,0.153,0.106,58.51,50.79
"2024-09-18 18:00:00",5369,12.79,502,0,0.171,3.28,4.7,0.174,0.249,0.117,0.067,60.45,49.58
"2024-09-18 18:30:00",5370,12.79,502,0,0.04,0.57,1.35,0.03,0.071,-0.008,-0.065,58,48.52
"2024-09-18 19:00:00",5371,12.79,502,0,-0.048,-1.27,-0.86,-0.069,-0.047,-0.098,-0.149,56.32,47.52
"2024-09-18 19:30:00",5372,12.79,502,0,-0.075,-1.89,-1.51,-0.102,-0.081,-0.122,-0.173,56,45.69
"2024-09-18 20:00:00",5373,12.78,502,0,-0.088,-2.17,-1.81,-0.116,-0.097,-0.136,-0.183,56.02,47.06
"2024-09-18 20:30:00",5374,12.78,502,0,-0.093,-2.26,-1.97,-0.122,-0.106,-0.141,-0.19,56.14,46.93
"2024-09-18 21:00:00",5375,12.78,502,0,-0.099,-2.37,-2.11,-0.127,-0.113,-0.143,-0.194,55.43,47.04
"2024-09-18 21:30:00",5376,12.77,502,0,-0.101,-2.42,-2.16,-0.13,-0.116,-0.144,-0.191,56.22,46.44
"2024-09-18 22:00:00",5377,12.77,502,0,-0.098,-2.31,-2.16,-0.124,-0.116,-0.143,-0.197,56.04,46.83
"2024-09-18 22:30:00",5378,12.77,502,0,-0.103,-2.47,-2.21,-0.132,-0.119,-0.151,-0.197,55.68,46.46
"2024-09-18 23:00:00",5379,12.77,502,0,-0.097,-2.31,-2.09,-0.124,-0.112,-0.143,-0.193,56.54,46.91
"2024-09-18 23:30:00",5380,12.76,502,0,-0.096,-2.31,-2.04,-0.124,-0.109,-0.14,-0.193,55.61,47.21
"2024-09-19 00:00:00",5381,12.76,502,0,-0.09,-2.21,-1.86,-0.119,-0.1,-0.141,-0.191,56.28,45.4
"2024-09-19 00:30:00",5382,12.76,502,0,-0.095,-2.26,-2.04,-0.121,-0.11,-0.138,-0.188,56.58,46.28
"2024-09-19 01:00:00",5383,12.76,502,0,-0.095,-2.26,-2.04,-0.121,-0.109,-0.141,-0.191,55.24,46.85
"2024-09-19 01:30:00",5384,12.75,502,0,-0.097,-2.26,-2.16,-0.122,-0.116,-0.141,-0.197,55.72,46.34
"2024-09-19 02:00:00",5385,12.75,502,0,-0.099,-2.31,-2.21,-0.124,-0.119,-0.14,-0.197,56.7,45.82
"2024-09-19 02:30:00",5386,12.75,502,0,-0.091,-2.16,-1.97,-0.116,-0.106,-0.135,-0.188,57.11,46.65
"2024-09-19 03:00:00",5387,12.75,502,0,-0.096,-2.26,-2.09,-0.122,-0.113,-0.138,-0.188,55.52,46.04
"2024-09-19 03:30:00",5388,12.74,502,0,-0.097,-2.26,-2.16,-0.122,-0.116,-0.138,-0.197,56.91,46.6
"2024-09-19 04:00:00",5389,12.74,502,0,-0.09,-2.11,-1.97,-0.113,-0.106,-0.132,-0.188,56.29,46.39
"2024-09-19 04:30:00",5390,12.74,502,0,-0.09,-2.12,-1.99,-0.114,-0.107,-0.134,-0.189,55.36,46.71
"2024-09-19 05:00:00",5391,12.74,502,0,-0.095,-2.24,-2.11,-0.12,-0.114,-0.14,-0.195,55.31,46.76
"2024-09-19 05:30:00",5392,12.74,502,0,-0.097,-2.26,-2.16,-0.122,-0.116,-0.138,-0.195,56.35,47.54
"2024-09-19 06:00:00",5393,12.73,502,0,-0.092,-2.17,-2.04,-0.116,-0.11,-0.139,-0.191,56.65,46.03
"2024-09-19 06:30:00",5394,12.73,502,0,-0.096,-2.27,-2.11,-0.122,-0.113,-0.139,-0.195,55.36,45.98
"2024-09-19 07:00:00",5395,12.73,502,0,-0.097,-2.27,-2.16,-0.122,-0.116,-0.141,-0.198,55.21,47.07
"2024-09-19 07:30:00",5396,12.72,502,0,-0.085,-2.01,-1.87,-0.108,-0.101,-0.131,-0.184,55.31,47.48
"2024-09-19 08:00:00",5397,12.72,502,0,-0.06,-1.49,-1.22,-0.08,-0.066,-0.104,-0.158,57.28,47.49
"2024-09-19 08:30:00",5398,12.72,502,0,-0.039,-1.11,-0.62,-0.06,-0.034,-0.085,-0.135,56.45,48.06
"2024-09-19 09:00:00",5399,12.72,502,0,0.019,0.15,0.82,0.008,0.044,-0.026,-0.077,57.95,48.31
"2024-09-19 09:30:00",5400,12.71,502,0,0.121,2.22,3.45,0.118,0.183,0.076,0.035,57.9,49.35
"2024-09-19 10:00:00",5401,12.72,502,0,0.319,6.25,8.6,0.332,0.457,0.263,0.222,59.8,51.41
"2024-09-19 10:30:00",5402,12.72,502,0,0.573,11.31,15.3,0.601,0.813,0.51,0.489,57.26,50.94
"2024-09-19 11:00:00",5403,12.71,502,0,0.731,14.55,19.4,0.773,1.03,0.664,0.642,55.34,48.04
"2024-09-19 11:30:00",5404,12.71,502,0,0.819,16.16,21.88,0.859,1.162,0.752,0.744,52,45.94
"2024-09-19 12:00:00",5405,12.72,502,0,0.867,16.91,23.44,0.898,1.245,0.795,0.802,50.79,44.73
"2024-09-19 12:30:00",5406,12.72,502,0,0.899,17.51,24.33,0.93,1.292,0.828,0.832,49.57,44.34
"2024-09-19 13:00:00",5407,12.72,502,0,0.978,18.86,26.74,1.002,1.421,0.898,0.922,48.13,42.08
"2024-09-19 13:30:00",5408,12.72,502,0,0.981,19.03,26.66,1.011,1.417,0.907,0.923,47.58,42.35
"2024-09-19 14:00:00",5409,12.72,502,0,0.906,17.86,24.23,0.949,1.287,0.841,0.84,49.31,43.83
"2024-09-19 14:30:00",5410,12.72,502,0,0.881,17.41,23.54,0.925,1.251,0.814,0.806,50.4,44.51
"2024-09-19 15:00:00",5411,12.72,502,0,0.887,17.3,23.98,0.919,1.274,0.816,0.823,49.99,44.35
"2024-09-19 15:30:00",5412,12.72,502,0,0.891,17.1,24.49,0.908,1.301,0.81,0.831,50.32,44.42
"2024-09-19 16:00:00",5413,12.71,502,0,0.808,16.1,21.41,0.855,1.138,0.74,0.723,51.82,45.77
"2024-09-19 16:30:00",5414,12.71,502,0,0.701,13.71,18.91,0.728,1.004,0.626,0.619,54.85,47.97
"2024-09-19 17:00:00",5415,12.71,502,0,0.653,12.98,17.31,0.689,0.919,0.587,0.566,55.3,49
"2024-09-19 17:30:00",5416,12.71,502,0,0.576,11.45,15.28,0.608,0.811,0.502,0.482,55.69,49.64
"2024-09-19 18:00:00",5417,12.7,502,0,0.392,7.71,10.51,0.41,0.558,0.328,0.29,57.19,50.71
"2024-09-19 18:30:00",5418,12.7,502,0,0.186,3.35,5.38,0.178,0.286,0.124,0.094,57.69,50.14
"2024-09-19 19:00:00",5419,12.69,502,0,0.072,1,2.5,0.053,0.133,0.016,-0.019,57.43,48.64
"2024-09-19 19:30:00",5420,12.69,502,0,0.009,-0.34,0.97,-0.02,0.051,-0.048,-0.078,56.72,47.92
"2024-09-19 20:00:00",5421,12.68,502,0,-0.028,-1.09,-0.04,-0.059,-0.003,-0.083,-0.114,56.93,47.3
"2024-09-19 20:30:00",5422,12.68,502,0,-0.047,-1.51,-0.51,-0.082,-0.029,-0.105,-0.132,57.17,47.69
"2024-09-19 21:00:00",5423,12.68,502,0,-0.059,-1.77,-0.81,-0.095,-0.045,-0.116,-0.14,56.31,47.35
"2024-09-19 21:30:00",5424,12.67,502,0,-0.073,-2.06,-1.17,-0.11,-0.064,-0.13,-0.157,55.74,46.79
"2024-09-19 22:00:00",5425,12.67,502,0,-0.083,-2.24,-1.47,-0.121,-0.08,-0.137,-0.171,56.25,46.88
"2024-09-19 22:30:00",5426,12.66,502,0,-0.089,-2.34,-1.64,-0.126,-0.089,-0.142,-0.177,55.89,46.83
"2024-09-19 23:00:00",5427,12.66,502,0,-0.093,-2.41,-1.77,-0.129,-0.096,-0.146,-0.18,56.38,47
"2024-09-19 23:30:00",5428,12.66,502,0,-0.099,-2.51,-1.96,-0.134,-0.105,-0.148,-0.189,56.02,46.8
"2024-09-20 00:00:00",5429,12.65,502,0,-0.098,-2.51,-1.89,-0.135,-0.102,-0.151,-0.183,56.2,46.57
"2024-09-20 00:30:00",5430,12.65,502,0,-0.099,-2.52,-1.91,-0.136,-0.102,-0.149,-0.186,54.08,45.95
"2024-09-20 01:00:00",5431,12.65,502,0,-0.098,-2.42,-1.97,-0.13,-0.106,-0.149,-0.19,55.75,45.86
"2024-09-20 01:30:00",5432,12.64,502,0,-0.101,-2.54,-2.02,-0.136,-0.109,-0.152,-0.19,55.72,46.49
"2024-09-20 02:00:00",5433,12.64,502,0,-0.099,-2.47,-1.97,-0.133,-0.106,-0.152,-0.187,56.36,46.31
"2024-09-20 02:30:00",5434,12.64,502,0,-0.1,-2.49,-2.04,-0.134,-0.109,-0.153,-0.19,54.52,46.8
"2024-09-20 03:00:00",5435,12.64,502,0,-0.1,-2.47,-2.04,-0.133,-0.11,-0.15,-0.193,55.64,47.66
"2024-09-20 03:30:00",5436,12.63,502,0,-0.101,-2.47,-2.09,-0.133,-0.112,-0.149,-0.193,57.43,46.4
"2024-09-20 04:00:00",5437,12.63,502,0,-0.102,-2.47,-2.14,-0.133,-0.115,-0.149,-0.195,55.76,46.7
"2024-09-20 04:30:00",5438,12.63,502,0,-0.101,-2.47,-2.09,-0.133,-0.112,-0.15,-0.193,55.35,45.46
"2024-09-20 05:00:00",5439,12.62,502,0,-0.103,-2.52,-2.16,-0.136,-0.116,-0.149,-0.196,55.93,46.71
"2024-09-20 05:30:00",5440,12.62,502,0,-0.103,-2.54,-2.09,-0.137,-0.113,-0.15,-0.196,55.56,47.01
"2024-09-20 06:00:00",5441,12.62,502,0,-0.102,-2.47,-2.16,-0.133,-0.116,-0.15,-0.196,55.63,46.4
"2024-09-20 06:30:00",5442,12.61,502,0,-0.102,-2.47,-2.14,-0.133,-0.115,-0.149,-0.196,56.27,46.9
"2024-09-20 07:00:00",5443,12.61,502,0,-0.104,-2.52,-2.21,-0.135,-0.119,-0.152,-0.199,56.43,47.47
"2024-09-20 07:30:00",5444,12.61,502,0,-0.105,-2.52,-2.26,-0.135,-0.122,-0.151,-0.198,57.16,46.29
"2024-09-20 08:00:00",5445,12.6,502,0,-0.102,-2.51,-2.12,-0.134,-0.114,-0.151,-0.195,57.21,47.31
"2024-09-20 08:30:00",5446,12.61,502,0,-0.076,-1.94,-1.46,-0.105,-0.079,-0.123,-0.166,57.38,48.73
"2024-09-20 09:00:00",5447,12.6,502,0,0.037,0.37,1.47,0.019,0.078,-0.008,-0.042,59.39,48.51
"2024-09-20 09:30:00",5448,12.6,502,0,0.25,4.73,6.93,0.251,0.369,0.194,0.164,59.75,52.03
"2024-09-20 10:00:00",5449,12.6,502,0,0.438,8.63,11.73,0.458,0.623,0.378,0.359,59.13,51.57
"2024-09-20 10:30:00",5450,12.6,502,0,0.576,11.33,15.45,0.602,0.821,0.515,0.503,56.97,49.98
"2024-09-20 11:00:00",5451,12.61,502,0,0.699,13.8,18.68,0.733,0.993,0.632,0.625,55.16,48.17
"2024-09-20 11:30:00",5452,12.61,502,0,0.765,15.1,20.46,0.802,1.087,0.7,0.697,53.19,47.44
"2024-09-20 12:00:00",5453,12.61,502,0,0.786,15.63,20.88,0.83,1.109,0.722,0.713,53.07,46.34
"2024-09-20 12:30:00",5454,12.61,502,0,0.813,15.95,21.9,0.847,1.163,0.754,0.757,51.78,45.47
"2024-09-20 13:00:00",5455,12.61,502,0,0.832,16.36,22.35,0.869,1.187,0.769,0.768,52.18,45.45
"2024-09-20 13:30:00",5456,12.62,502,0,0.868,16.9,23.53,0.898,1.25,0.8,0.813,50.18,44.86
"2024-09-20 14:00:00",5457,12.61,502,0,0.85,16.45,23.18,0.873,1.231,0.781,0.803,50.97,44.66
"2024-09-20 14:30:00",5458,12.62,502,0,0.852,16.63,23.04,0.883,1.224,0.786,0.792,50.44,44.81
"2024-09-20 15:00:00",5459,12.62,502,0,0.853,16.63,23.06,0.883,1.225,0.791,0.811,50.62,44.47
"2024-09-20 15:30:00",5460,12.61,502,0,0.85,16.71,22.81,0.888,1.211,0.779,0.779,50.72,45.92
"2024-09-20 16:00:00",5461,12.61,502,0,0.732,14.53,19.46,0.772,1.034,0.664,0.65,52.56,47.5
"2024-09-20 16:30:00",5462,12.61,502,0,0.702,13.78,18.86,0.732,1.002,0.621,0.609,53.92,48.44
"2024-09-20 17:00:00",5463,12.61,502,0,0.623,12.35,16.56,0.656,0.88,0.552,0.534,55.29,48.31
"2024-09-20 17:30:00",5464,12.6,502,0,0.514,10.16,13.71,0.54,0.728,0.438,0.416,56.21,50.88
"2024-09-20 18:00:00",5465,12.6,502,0,0.355,6.83,9.73,0.363,0.517,0.287,0.256,57.47,51.57
"2024-09-20 18:30:00",5466,12.59,502,0,0.205,3.75,5.87,0.199,0.312,0.145,0.115,57.26,49.86
"2024-09-20 19:00:00",5467,12.59,502,0,0.096,1.45,3.15,0.077,0.168,0.038,0.008,57.44,49.05
"2024-09-20 19:30:00",5468,12.58,502,0,0.018,-0.19,1.22,-0.011,0.064,-0.041,-0.067,56.35,48.79
"2024-09-20 20:00:00",5469,12.58,502,0,-0.026,-1.11,0.07,-0.06,0.003,-0.085,-0.111,55.52,46.72
"2024-09-20 20:30:00",5470,12.57,502,0,-0.049,-1.59,-0.52,-0.086,-0.029,-0.109,-0.136,56.92,47.7
"2024-09-20 21:00:00",5471,12.57,502,0,-0.068,-2.02,-0.96,-0.109,-0.052,-0.129,-0.151,56.57,47.61
"2024-09-20 21:30:00",5472,12.56,502,0,-0.079,-2.19,-1.32,-0.118,-0.072,-0.135,-0.163,56.66,46.21
"2024-09-20 22:00:00",5473,12.56,502,0,-0.082,-2.29,-1.32,-0.123,-0.072,-0.14,-0.163,56.33,47.11
"2024-09-20 22:30:00",5474,12.55,502,0,-0.085,-2.29,-1.51,-0.123,-0.081,-0.137,-0.169,55.89,46.68
"2024-09-20 23:00:00",5475,12.55,502,0,-0.089,-2.36,-1.62,-0.126,-0.088,-0.143,-0.175,55.53,46.73
"2024-09-20 23:30:00",5476,12.55,502,0,-0.091,-2.34,-1.76,-0.126,-0.094,-0.146,-0.181,55.71,45.66
"2024-09-21 00:00:00",5477,12.55,502,0,-0.098,-2.51,-1.87,-0.135,-0.101,-0.151,-0.184,55.32,46.51
"2024-09-21 00:30:00",5478,12.54,502,0,-0.097,-2.47,-1.87,-0.132,-0.101,-0.149,-0.187,55.01,47.45
"2024-09-21 01:00:00",5479,12.54,502,0,-0.098,-2.44,-1.99,-0.131,-0.107,-0.145,-0.19,55.58,46.35
"2024-09-21 01:30:00",5480,12.54,502,0,-0.099,-2.46,-1.99,-0.132,-0.107,-0.149,-0.193,55.71,46.75
"2024-09-21 02:00:00",5481,12.53,502,0,-0.098,-2.44,-1.99,-0.131,-0.107,-0.151,-0.19,57.12,46.92
"2024-09-21 02:30:00",5482,12.53,502,0,-0.097,-2.44,-1.92,-0.131,-0.104,-0.148,-0.187,56.2,47.13
"2024-09-21 03:00:00",5483,12.53,502,0,-0.097,-2.44,-1.92,-0.131,-0.104,-0.145,-0.189,55.6,46.64
"2024-09-21 03:30:00",5484,12.53,502,0,-0.096,-2.39,-1.94,-0.129,-0.104,-0.146,-0.19,56.79,45.92
"2024-09-21 04:00:00",5485,12.52,502,0,-0.096,-2.39,-1.94,-0.129,-0.104,-0.148,-0.19,56.03,46.82
"2024-09-21 04:30:00",5486,12.52,502,0,-0.095,-2.36,-1.94,-0.127,-0.104,-0.143,-0.19,55.61,46.24
"2024-09-21 05:00:00",5487,12.52,502,0,-0.095,-2.41,-1.87,-0.129,-0.101,-0.143,-0.187,56.67,46.78
"2024-09-21 05:30:00",5488,12.52,502,0,-0.095,-2.31,-1.99,-0.124,-0.107,-0.143,-0.19,57.27,47.22
"2024-09-21 06:00:00",5489,12.51,502,0,-0.094,-2.31,-1.94,-0.124,-0.105,-0.141,-0.188,55.77,46.71
"2024-09-21 06:30:00",5490,12.51,502,0,-0.098,-2.36,-2.07,-0.127,-0.111,-0.146,-0.193,55.54,46.89
"2024-09-21 07:00:00",5491,12.51,502,0,-0.097,-2.34,-2.06,-0.126,-0.111,-0.146,-0.193,55.71,47.16
"2024-09-21 07:30:00",5492,12.51,502,0,-0.089,-2.17,-1.87,-0.116,-0.101,-0.137,-0.184,55.67,47.02
"2024-09-21 08:00:00",5493,12.5,502,0,-0.063,-1.62,-1.19,-0.088,-0.065,-0.109,-0.155,58.02,47.56
"2024-09-21 08:30:00",5494,12.5,502,0,0.012,-0.07,0.73,-0.006,0.039,-0.038,-0.083,59.11,49.07
"2024-09-21 09:00:00",5495,12.5,502,0,0.127,2.25,3.73,0.12,0.198,0.075,0.034,58.8,51.39
"2024-09-21 09:30:00",5496,12.5,502,0,0.269,5.15,7.38,0.274,0.392,0.216,0.181,59.6,50.8
"2024-09-21 10:00:00",5497,12.5,502,0,0.452,8.85,12.18,0.47,0.647,0.398,0.373,60.33,52.52
"2024-09-21 10:30:00",5498,12.5,502,0,0.626,12.38,16.68,0.657,0.886,0.567,0.549,56.69,49.55
"2024-09-21 11:00:00",5499,12.5,502,0,0.682,13.71,17.9,0.728,0.95,0.615,0.576,55.95,48.65
"2024-09-21 11:30:00",5500,12.5,502,0,0.748,14.8,19.98,0.786,1.062,0.684,0.667,53.65,47.18
"2024-09-21 12:00:00",5501,12.5,502,0,0.797,15.68,21.4,0.833,1.137,0.728,0.724,52.19,46.71
"2024-09-21 12:30:00",5502,12.5,502,0,0.794,15.96,20.85,0.848,1.107,0.738,0.711,51.66,47.01
"2024-09-21 13:00:00",5503,12.5,502,0,0.833,16.3,22.46,0.866,1.193,0.77,0.771,51.55,45.65
"2024-09-21 13:30:00",5504,12.5,502,0,0.853,16.48,23.26,0.875,1.236,0.781,0.804,50.52,45.04
"2024-09-21 14:00:00",5505,12.51,502,0,0.857,16.78,23.09,0.891,1.227,0.79,0.796,50.4,44.92
"2024-09-21 14:30:00",5506,12.5,502,0,0.864,17.06,23.11,0.907,1.227,0.793,0.787,50.09,45.02
"2024-09-21 15:00:00",5507,12.5,502,0,0.834,16.35,22.45,0.868,1.192,0.774,0.781,50.3,44.97
"2024-09-21 15:30:00",5508,12.5,502,0,0.82,15.98,22.21,0.849,1.18,0.745,0.744,51.6,46.12
"2024-09-21 16:00:00",5509,12.5,502,0,0.799,15.63,21.53,0.83,1.143,0.725,0.724,52.01,46.11
"2024-09-21 16:30:00",5510,12.5,502,0,0.763,14.93,20.56,0.793,1.092,0.682,0.676,52.68,46.11
"2024-09-21 17:00:00",5511,12.49,502,0,0.661,13.05,17.65,0.693,0.937,0.588,0.572,54.36,47.89
"2024-09-21 17:30:00",5512,12.49,502,0,0.483,9.61,12.83,0.511,0.681,0.414,0.377,57.02,50.55
"2024-09-21 18:00:00",5513,12.49,502,0,0.271,5.12,7.55,0.272,0.401,0.206,0.175,57.44,50.97
"2024-09-21 18:30:00",5514,12.48,502,0,0.12,1.92,3.83,0.102,0.204,0.058,0.031,57.76,50.05
"2024-09-21 19:00:00",5515,12.48,502,0,0.037,0.22,1.68,0.012,0.089,-0.022,-0.049,57.61,47.82
"2024-09-21 19:30:00",5516,12.47,502,0,-0.007,-0.74,0.57,-0.041,0.03,-0.069,-0.095,55.86,48.15
"2024-09-21 20:00:00",5517,12.47,502,0,-0.036,-1.34,-0.16,-0.073,-0.01,-0.095,-0.121,55.76,48.2
"2024-09-21 20:30:00",5518,12.46,502,0,-0.053,-1.67,-0.59,-0.09,-0.033,-0.109,-0.134,55.85,47.62
"2024-09-21 21:00:00",5519,12.46,502,0,-0.067,-1.96,-0.97,-0.105,-0.053,-0.123,-0.151,55.7,47.88
"2024-09-21 21:30:00",5520,12.45,502,0,-0.077,-2.16,-1.22,-0.116,-0.066,-0.134,-0.16,56.57,46.94
"2024-09-21 22:00:00",5521,12.45,502,0,-0.079,-2.22,-1.27,-0.119,-0.069,-0.137,-0.163,54.63,46.66
"2024-09-21 22:30:00",5522,12.45,502,0,-0.083,-2.22,-1.47,-0.12,-0.08,-0.137,-0.173,55.44,46.64
"2024-09-21 23:00:00",5523,12.44,502,0,-0.087,-2.39,-1.47,-0.128,-0.079,-0.143,-0.172,55.76,46.38
"2024-09-21 23:30:00",5524,12.44,502,0,-0.088,-2.27,-1.66,-0.122,-0.09,-0.139,-0.175,55.24,45.76
"2024-09-22 00:00:00",5525,12.44,502,0,-0.088,-2.22,-1.72,-0.119,-0.093,-0.137,-0.178,55.86,47.06
"2024-09-22 00:30:00",5526,12.43,502,0,-0.089,-2.27,-1.72,-0.122,-0.093,-0.137,-0.178,55.95,47.97
"2024-09-22 01:00:00",5527,12.43,502,0,-0.087,-2.22,-1.66,-0.119,-0.089,-0.139,-0.175,56.49,46.85
"2024-09-22 01:30:00",5528,12.43,502,0,-0.087,-2.21,-1.71,-0.119,-0.092,-0.139,-0.178,56.82,47.35
"2024-09-22 02:00:00",5529,12.42,502,0,-0.088,-2.26,-1.71,-0.122,-0.092,-0.139,-0.181,56.04,46.67
"2024-09-22 02:30:00",5530,12.42,502,0,-0.084,-2.16,-1.59,-0.116,-0.086,-0.134,-0.172,57.21,47.73
"2024-09-22 03:00:00",5531,12.42,502,0,-0.082,-2.11,-1.59,-0.113,-0.086,-0.131,-0.173,55.36,47.23
"2024-09-22 03:30:00",5532,12.42,502,0,-0.082,-2.06,-1.66,-0.11,-0.089,-0.128,-0.172,56.07,47.27
"2024-09-22 04:00:00",5533,12.42,502,0,-0.077,-1.99,-1.46,-0.107,-0.079,-0.125,-0.169,56.38,46.75
"2024-09-22 04:30:00",5534,12.41,502,0,-0.076,-1.89,-1.52,-0.102,-0.083,-0.123,-0.169,56.74,47.26
"2024-09-22 05:00:00",5535,12.41,502,0,-0.076,-1.96,-1.47,-0.105,-0.079,-0.126,-0.169,56.9,46.59
"2024-09-22 05:30:00",5536,12.41,502,0,-0.082,-2.02,-1.67,-0.109,-0.09,-0.13,-0.18,54.87,47.05
"2024-09-22 06:00:00",5537,12.41,502,0,-0.089,-2.21,-1.81,-0.118,-0.097,-0.138,-0.186,55.74,45.69
"2024-09-22 06:30:00",5538,12.4,502,0,-0.091,-2.21,-1.92,-0.119,-0.104,-0.139,-0.186,55.35,46.54
"2024-09-22 07:00:00",5539,12.4,502,0,-0.096,-2.27,-2.11,-0.122,-0.113,-0.14,-0.194,56.27,46.23
"2024-09-22 07:30:00",5540,12.39,502,0,-0.1,-2.39,-2.16,-0.128,-0.116,-0.146,-0.197,55.85,46.63
"2024-09-22 08:00:00",5541,12.39,502,0,-0.106,-2.51,-2.29,-0.135,-0.123,-0.152,-0.203,55.69,45.91
"2024-09-22 08:30:00",5542,12.39,502,0,-0.105,-2.44,-2.34,-0.131,-0.126,-0.148,-0.203,57.32,47.43
"2024-09-22 09:00:00",5543,12.39,502,0,-0.08,-1.92,-1.71,-0.103,-0.092,-0.122,-0.178,56.9,48.25
"2024-09-22 09:30:00",5544,12.38,502,0,-0.065,-1.66,-1.27,-0.089,-0.069,-0.111,-0.16,57.45,47.14
"2024-09-22 10:00:00",5545,12.38,502,0,0.02,0.05,0.98,0.003,0.052,-0.028,-0.07,58.68,49.04
"2024-09-22 10:30:00",5546,12.38,502,0,0.202,3.83,5.58,0.203,0.296,0.148,0.113,59.33,52.03
"2024-09-22 11:00:00",5547,12.38,502,0,0.413,8.11,11.06,0.431,0.588,0.359,0.326,61.09,51.61
"2024-09-22 11:30:00",5548,12.38,502,0,0.519,10.45,13.6,0.555,0.722,0.458,0.423,57.53,51.21
"2024-09-22 12:00:00",5549,12.38,502,0,0.651,12.81,17.46,0.681,0.927,0.591,0.572,56.64,48.92
"2024-09-22 12:30:00",5550,12.38,502,0,0.67,13.53,17.53,0.718,0.931,0.607,0.569,55.66,48.66
"2024-09-22 13:00:00",5551,12.38,502,0,0.746,14.7,19.98,0.781,1.061,0.678,0.669,53.92,47.76
"2024-09-22 13:30:00",5552,12.38,502,0,0.774,15.36,20.6,0.816,1.094,0.708,0.701,52.11,46.88
"2024-09-22 14:00:00",5553,12.38,502,0,0.783,15.45,20.93,0.82,1.111,0.714,0.706,52.89,46.99
"2024-09-22 14:30:00",5554,12.38,502,0,0.764,15.31,20.13,0.813,1.069,0.689,0.663,53.1,47.61
"2024-09-22 15:00:00",5555,12.38,502,0,0.801,15.91,21.3,0.845,1.131,0.737,0.719,52.55,45.98
"2024-09-22 15:30:00",5556,12.38,502,0,0.798,15.76,21.33,0.837,1.133,0.731,0.721,52.19,46.71
"2024-09-22 16:00:00",5557,12.38,502,0,0.769,15.25,20.48,0.81,1.088,0.701,0.684,53.38,46.66
"2024-09-22 16:30:00",5558,12.38,502,0,0.721,14.36,19.1,0.763,1.014,0.647,0.623,54.74,47.85
"2024-09-22 17:00:00",5559,12.38,502,0,0.654,13.01,17.36,0.691,0.922,0.587,0.561,55.81,49.5
"2024-09-22 17:30:00",5560,12.37,502,0,0.576,11.61,15.1,0.617,0.802,0.502,0.472,56.39,49.66
"2024-09-22 18:00:00",5561,12.37,502,0,0.42,8.35,11.16,0.444,0.593,0.354,0.314,56.79,50.47
"2024-09-22 18:30:00",5562,12.36,502,0,0.225,4.25,6.28,0.226,0.334,0.166,0.127,57.79,50.64
"2024-09-22 19:00:00",5563,12.36,502,0,0.09,1.4,2.93,0.075,0.156,0.037,-0.003,57.69,48.62
"2024-09-22 19:30:00",5564,12.35,502,0,0.011,-0.26,0.95,-0.015,0.051,-0.046,-0.083,56.48,47.68
"2024-09-22 20:00:00",5565,12.35,502,0,-0.031,-1.11,-0.17,-0.06,-0.01,-0.086,-0.122,56.66,47.7
"2024-09-22 20:30:00",5566,12.34,502,0,-0.054,-1.61,-0.74,-0.087,-0.041,-0.108,-0.143,55.47,47.33
"2024-09-22 21:00:00",5567,12.34,502,0,-0.069,-1.94,-1.12,-0.104,-0.061,-0.123,-0.161,55.49,47.51
"2024-09-22 21:30:00",5568,12.34,502,0,-0.075,-2.04,-1.31,-0.109,-0.071,-0.13,-0.163,56.9,47
"2024-09-22 22:00:00",5569,12.33,502,0,-0.084,-2.21,-1.56,-0.118,-0.084,-0.136,-0.175,55.51,47.79
"2024-09-22 22:30:00",5570,12.33,502,0,-0.083,-2.17,-1.56,-0.117,-0.084,-0.135,-0.175,56.27,47.21
"2024-09-22 23:00:00",5571,12.33,502,0,-0.084,-2.26,-1.49,-0.121,-0.081,-0.139,-0.172,55.36,46.14
"2024-09-22 23:30:00",5572,12.32,502,0,-0.085,-2.22,-1.57,-0.119,-0.085,-0.137,-0.173,56.78,47.14
"2024-09-23 00:00:00",5573,12.32,502,0,-0.091,-2.32,-1.76,-0.124,-0.094,-0.139,-0.179,55.52,46.45
"2024-09-23 00:30:00",5574,12.32,502,0,-0.091,-2.32,-1.76,-0.125,-0.095,-0.14,-0.182,56.72,46.52
"2024-09-23 01:00:00",5575,12.31,502,0,-0.091,-2.26,-1.87,-0.121,-0.101,-0.139,-0.184,55.55,47
"2024-09-23 01:30:00",5576,12.31,502,0,-0.091,-2.26,-1.87,-0.121,-0.101,-0.139,-0.184,56.71,46.82
"2024-09-23 02:00:00",5577,12.3,502,0,-0.089,-2.24,-1.74,-0.121,-0.094,-0.138,-0.181,57,47.2
"2024-09-23 02:30:00",5578,12.3,502,0,-0.089,-2.26,-1.74,-0.121,-0.094,-0.136,-0.181,56.22,46.73
"2024-09-23 03:00:00",5579,12.3,502,0,-0.087,-2.21,-1.69,-0.118,-0.091,-0.136,-0.179,56.72,46.67
"2024-09-23 03:30:00",5580,12.3,502,0,-0.085,-2.14,-1.69,-0.115,-0.091,-0.134,-0.179,56.45,46.4
"2024-09-23 04:00:00",5581,12.3,502,0,-0.078,-1.97,-1.56,-0.107,-0.084,-0.125,-0.173,55.95,47.39
"2024-09-23 04:30:00",5582,12.29,502,0,-0.076,-1.92,-1.49,-0.104,-0.081,-0.123,-0.173,56.55,46.91
"2024-09-23 05:00:00",5583,12.29,502,0,-0.077,-1.94,-1.51,-0.104,-0.081,-0.123,-0.173,56.25,47.03
"2024-09-23 05:30:00",5584,12.29,502,0,-0.075,-1.87,-1.51,-0.101,-0.081,-0.123,-0.17,57.26,46.64
"2024-09-23 06:00:00",5585,12.28,502,0,-0.071,-1.76,-1.44,-0.095,-0.078,-0.117,-0.17,57.66,46.93
"2024-09-23 06:30:00",5586,12.28,502,0,-0.077,-1.84,-1.64,-0.099,-0.089,-0.121,-0.177,54.55,47.14
"2024-09-23 07:00:00",5587,12.28,502,0,-0.078,-1.89,-1.64,-0.102,-0.088,-0.123,-0.177,55.92,47.68
"2024-09-23 07:30:00",5588,12.28,502,0,-0.058,-1.47,-1.12,-0.08,-0.061,-0.102,-0.155,58.15,47.42
"2024-09-23 08:00:00",5589,12.27,502,0,-0.006,-0.47,0.25,-0.026,0.013,-0.054,-0.101,57.82,48.33
"2024-09-23 08:30:00",5590,12.27,502,0,0.085,1.47,2.57,0.078,0.136,0.042,-0.009,58.83,50.01
"2024-09-23 09:00:00",5591,12.27,502,0,0.216,4.15,5.95,0.221,0.316,0.165,0.123,60.57,51.08
"2024-09-23 09:30:00",5592,12.27,502,0,0.344,6.75,9.23,0.359,0.49,0.29,0.253,59.73,52.42
"2024-09-23 10:00:00",5593,12.27,502,0,0.407,8.06,10.81,0.428,0.574,0.355,0.321,58.82,52.09
"2024-09-23 10:30:00",5594,12.27,502,0,0.352,7.07,9.25,0.375,0.491,0.302,0.255,59.2,51.48
"2024-09-23 11:00:00",5595,12.27,502,0,0.383,7.52,10.28,0.4,0.546,0.331,0.293,59.9,51.1
"2024-09-23 11:30:00",5596,12.27,502,0,0.461,9.21,12.15,0.49,0.645,0.404,0.364,59.03,51.88
"2024-09-23 12:00:00",5597,12.27,502,0,0.515,10.2,13.73,0.542,0.73,0.452,0.426,57.55,51.39
"2024-09-23 12:30:00",5598,12.27,502,0,0.507,10.13,13.41,0.538,0.713,0.45,0.407,57.65,51.75
"2024-09-23 13:00:00",5599,12.26,502,0,0.616,12.26,16.31,0.651,0.866,0.555,0.528,56.67,49.27
"2024-09-23 13:30:00",5600,12.26,502,0,0.564,11.3,14.86,0.6,0.79,0.504,0.466,57.89,49.91
"2024-09-23 14:00:00",5601,12.26,502,0,0.53,10.63,13.93,0.565,0.74,0.467,0.431,57.55,50.82
"2024-09-23 14:30:00",5602,12.26,502,0,0.431,8.7,11.26,0.462,0.599,0.376,0.326,57.91,51.59
"2024-09-23 15:00:00",5603,12.26,502,0,0.32,6.33,8.53,0.336,0.453,0.264,0.217,58.46,51.06
"2024-09-23 15:30:00",5604,12.25,502,0,0.288,5.62,7.78,0.299,0.414,0.234,0.189,60.13,51.17
"2024-09-23 16:00:00",5605,12.25,502,0,0.277,5.4,7.5,0.287,0.398,0.221,0.179,58.58,50.87
"2024-09-23 16:30:00",5606,12.25,502,0,0.215,4.12,5.9,0.219,0.313,0.163,0.119,58.14,51.15
"2024-09-23 17:00:00",5607,12.25,502,0,0.171,3.18,4.83,0.169,0.256,0.116,0.073,58.46,50.33
"2024-09-23 17:30:00",5608,12.24,502,0,0.103,1.8,3.07,0.095,0.163,0.054,0.006,58.97,50.17
"2024-09-23 18:00:00",5609,12.24,502,0,0.05,0.68,1.72,0.036,0.091,-0.003,-0.044,57.78,49.81
"2024-09-23 18:30:00",5610,12.24,502,0,0.018,0,0.97,0,0.051,-0.032,-0.075,58.8,47.51
"2024-09-23 19:00:00",5611,12.23,502,0,0,-0.37,0.45,-0.021,0.024,-0.052,-0.096,57.53,48.31
"2024-09-23 19:30:00",5612,12.23,502,0,-0.02,-0.76,-0.11,-0.042,-0.007,-0.072,-0.12,57.39,48.42
"2024-09-23 20:00:00",5613,12.23,502,0,-0.04,-1.21,-0.56,-0.066,-0.031,-0.089,-0.132,57.06,47.69
"2024-09-23 20:30:00",5614,12.22,502,0,-0.047,-1.32,-0.74,-0.072,-0.041,-0.094,-0.144,56.35,48.21
"2024-09-23 21:00:00",5615,12.22,502,0,-0.05,-1.37,-0.87,-0.075,-0.048,-0.101,-0.147,57.14,48.08
"2024-09-23 21:30:00",5616,12.22,502,0,-0.056,-1.49,-1.01,-0.081,-0.054,-0.101,-0.15,56.89,48.08
"2024-09-23 22:00:00",5617,12.22,502,0,-0.057,-1.49,-1.06,-0.081,-0.058,-0.104,-0.153,57.14,47.5
"2024-09-23 22:30:00",5618,12.21,502,0,-0.057,-1.49,-1.06,-0.081,-0.058,-0.104,-0.153,57.12,47.89
"2024-09-23 23:00:00",5619,12.21,502,0,-0.057,-1.49,-1.06,-0.081,-0.058,-0.101,-0.154,55.48,47.5
"2024-09-23 23:30:00",5620,12.21,502,0,-0.061,-1.64,-1.07,-0.088,-0.058,-0.108,-0.154,55.79,46.41
"2024-09-24 00:00:00",5621,12.2,502,0,-0.076,-1.82,-1.61,-0.099,-0.087,-0.121,-0.18,56.37,46.31
"2024-09-24 00:30:00",5622,12.2,502,0,-0.089,-2.16,-1.86,-0.116,-0.1,-0.134,-0.186,56.42,47.19
"2024-09-24 01:00:00",5623,12.2,502,0,-0.09,-2.12,-1.97,-0.114,-0.106,-0.135,-0.191,56.54,46.49
"2024-09-24 01:30:00",5624,12.19,502,0,-0.094,-2.24,-2.04,-0.121,-0.11,-0.139,-0.195,56.31,46.81
"2024-09-24 02:00:00",5625,12.19,502,0,-0.1,-2.31,-2.24,-0.123,-0.12,-0.139,-0.201,56.18,46.7
"2024-09-24 02:30:00",5626,12.19,502,0,-0.098,-2.36,-2.11,-0.127,-0.114,-0.142,-0.198,56.61,46.96
"2024-09-24 03:00:00",5627,12.18,502,0,-0.097,-2.24,-2.17,-0.121,-0.117,-0.136,-0.198,56.4,47.43
"2024-09-24 03:30:00",5628,12.18,502,0,-0.103,-2.37,-2.31,-0.127,-0.124,-0.143,-0.201,56.17,47.35
"2024-09-24 04:00:00",5629,12.18,502,0,-0.093,-2.19,-2.04,-0.118,-0.11,-0.136,-0.195,55.71,47.56
"2024-09-24 04:30:00",5630,12.18,502,0,-0.09,-2.14,-1.97,-0.115,-0.106,-0.133,-0.192,55.81,47.25
"2024-09-24 05:00:00",5631,12.17,502,0,-0.09,-2.07,-2.04,-0.111,-0.11,-0.13,-0.192,55.64,47.09
"2024-09-24 05:30:00",5632,12.17,502,0,-0.087,-2.09,-1.86,-0.112,-0.1,-0.131,-0.186,57.36,48.13
"2024-09-24 06:00:00",5633,12.17,502,0,-0.087,-2.01,-1.97,-0.108,-0.106,-0.13,-0.186,56.89,46.83
"2024-09-24 06:30:00",5634,12.17,502,0,-0.086,-2.01,-1.91,-0.108,-0.103,-0.127,-0.186,56.66,45.92
"2024-09-24 07:00:00",5635,12.17,502,0,-0.082,-1.96,-1.77,-0.105,-0.096,-0.122,-0.18,56.81,47.17
"2024-09-24 07:30:00",5636,12.16,502,0,-0.057,-1.44,-1.14,-0.078,-0.062,-0.098,-0.158,56.51,48.11
"2024-09-24 08:00:00",5637,12.16,502,0,0.007,-0.09,0.52,-0.006,0.027,-0.034,-0.09,57.91,49.09
"2024-09-24 08:30:00",5638,12.16,502,0,0.057,0.95,1.78,0.05,0.095,0.014,-0.039,59.08,50.01
"2024-09-24 09:00:00",5639,12.16,502,0,0.154,2.95,4.25,0.157,0.225,0.108,0.059,59.77,51.79
"2024-09-24 09:30:00",5640,12.16,502,0,0.25,4.92,6.7,0.261,0.356,0.204,0.157,60.7,50.91
"2024-09-24 10:00:00",5641,12.16,502,0,0.338,6.68,9,0.355,0.478,0.286,0.247,58.38,51.49
"2024-09-24 10:30:00",5642,12.16,502,0,0.474,9.48,12.5,0.503,0.664,0.422,0.384,59.14,52
"2024-09-24 11:00:00",5643,12.16,502,0,0.58,11.8,15.06,0.627,0.8,0.524,0.483,57.5,50.62
"2024-09-24 11:30:00",5644,12.16,502,0,0.625,12.56,16.4,0.668,0.871,0.566,0.531,56.56,50.25
"2024-09-24 12:00:00",5645,12.16,502,0,0.626,12.61,16.4,0.67,0.871,0.562,0.53,57.62,50.21
"2024-09-24 12:30:00",5646,12.16,502,0,0.65,13.1,17,0.695,0.903,0.587,0.554,56.1,50.2
"2024-09-24 13:00:00",5647,12.16,502,0,0.661,13.25,17.4,0.704,0.924,0.599,0.572,56.51,49.36
"2024-09-24 13:30:00",5648,12.16,502,0,0.659,13.3,17.23,0.706,0.915,0.595,0.56,55.67,48.37
"2024-09-24 14:00:00",5649,12.16,502,0,0.573,11.5,15.08,0.611,0.801,0.515,0.473,57.35,51.03
"2024-09-24 14:30:00",5650,12.15,502,0,0.534,10.76,14,0.572,0.743,0.476,0.432,58.14,50.84
"2024-09-24 15:00:00",5651,12.15,502,0,0.505,10.11,13.33,0.537,0.708,0.446,0.41,57.97,50.41
"2024-09-24 15:30:00",5652,12.15,502,0,0.532,10.68,14,0.567,0.743,0.47,0.426,57.75,51.17
"2024-09-24 16:00:00",5653,12.15,502,0,0.511,10.21,13.51,0.543,0.718,0.449,0.408,57.47,50.75
"2024-09-24 16:30:00",5654,12.14,502,0,0.414,8.21,11,0.436,0.584,0.353,0.316,57.49,51.44
"2024-09-24 17:00:00",5655,12.14,502,0,0.329,6.47,8.81,0.344,0.468,0.27,0.23,58.9,51.5
"2024-09-24 17:30:00",5656,12.14,502,0,0.228,4.37,6.28,0.232,0.334,0.172,0.13,59.34,51.78
"2024-09-24 18:00:00",5657,12.13,502,0,0.169,3.13,4.8,0.166,0.255,0.115,0.075,58.19,51.05
"2024-09-24 18:30:00",5658,12.13,502,0,0.094,1.55,2.92,0.082,0.155,0.044,0,57.56,49.74
"2024-09-24 19:00:00",5659,12.13,502,0,0.025,0.12,1.17,0.006,0.062,-0.026,-0.067,57.49,48.84
"2024-09-24 19:30:00",5660,12.12,502,0,-0.016,-0.72,0.07,-0.04,0.003,-0.067,-0.11,57.74,48.1
"2024-09-24 20:00:00",5661,12.12,502,0,-0.04,-1.29,-0.42,-0.07,-0.024,-0.093,-0.131,56.79,47.4
"2024-09-24 20:30:00",5662,12.12,502,0,-0.055,-1.59,-0.82,-0.086,-0.045,-0.109,-0.147,56.48,47.67
"2024-09-24 21:00:00",5663,12.11,502,0,-0.072,-1.89,-1.36,-0.102,-0.074,-0.121,-0.169,56.26,47.45
"2024-09-24 21:30:00",5664,12.11,502,0,-0.081,-2.02,-1.61,-0.109,-0.087,-0.131,-0.175,57.26,47.87
"2024-09-24 22:00:00",5665,12.11,502,0,-0.083,-2.14,-1.61,-0.115,-0.086,-0.131,-0.174,56.23,46.6
"2024-09-24 22:30:00",5666,12.1,502,0,-0.083,-2.07,-1.66,-0.112,-0.09,-0.131,-0.174,57.18,46.3
"2024-09-24 23:00:00",5667,12.1,502,0,-0.082,-2.07,-1.59,-0.112,-0.086,-0.131,-0.177,56.17,49.44
"2024-09-24 23:30:00",5668,12.1,502,0,-0.081,-2.02,-1.61,-0.109,-0.086,-0.128,-0.174,56.88,46.42
"2024-09-25 00:00:00",5669,12.1,502,0,-0.083,-2.14,-1.59,-0.115,-0.086,-0.131,-0.174,56.95,47.89
"2024-09-25 00:30:00",5670,12.1,502,0,-0.08,-1.97,-1.66,-0.106,-0.09,-0.125,-0.174,56.62,48.89
"2024-09-25 01:00:00",5671,12.09,502,0,-0.079,-1.96,-1.59,-0.106,-0.086,-0.125,-0.174,56.35,47.54
"2024-09-25 01:30:00",5672,12.09,502,0,-0.077,-1.91,-1.59,-0.103,-0.086,-0.122,-0.168,57.93,48.29
"2024-09-25 02:00:00",5673,12.09,502,0,-0.071,-1.81,-1.41,-0.097,-0.076,-0.119,-0.168,56.7,47.48
"2024-09-25 02:30:00",5674,12.09,502,0,-0.077,-1.92,-1.54,-0.103,-0.083,-0.123,-0.174,56.5,48.11
"2024-09-25 03:00:00",5675,12.08,502,0,-0.074,-1.81,-1.54,-0.097,-0.083,-0.117,-0.172,57.02,46.98
"2024-09-25 03:30:00",5676,12.08,502,0,-0.076,-1.89,-1.54,-0.101,-0.083,-0.121,-0.176,57.08,47.44
"2024-09-25 04:00:00",5677,12.08,502,0,-0.074,-1.81,-1.54,-0.097,-0.083,-0.123,-0.169,55.3,48.31
"2024-09-25 04:30:00",5678,12.08,502,0,-0.081,-1.92,-1.74,-0.104,-0.094,-0.123,-0.178,57.06,47.02
"2024-09-25 05:00:00",5679,12.08,502,0,-0.082,-1.99,-1.74,-0.107,-0.094,-0.13,-0.185,57.2,47.31
"2024-09-25 05:30:00",5680,12.07,502,0,-0.09,-2.16,-1.94,-0.116,-0.104,-0.135,-0.185,55.81,46.74
"2024-09-25 06:00:00",5681,12.07,502,0,-0.088,-2.09,-1.92,-0.112,-0.104,-0.132,-0.191,57.41,46.79
"2024-09-25 06:30:00",5682,12.07,502,0,-0.086,-2.04,-1.87,-0.11,-0.101,-0.132,-0.182,55.63,46.42
"2024-09-25 07:00:00",5683,12.07,502,0,-0.093,-2.16,-2.07,-0.116,-0.111,-0.135,-0.195,55.92,46.54
"2024-09-25 07:30:00",5684,12.06,502,0,-0.097,-2.27,-2.12,-0.122,-0.115,-0.138,-0.198,56.35,47.96
"2024-09-25 08:00:00",5685,12.06,502,0,-0.087,-2.09,-1.87,-0.113,-0.101,-0.129,-0.182,57.06,47.84
"2024-09-25 08:30:00",5686,12.06,502,0,-0.067,-1.64,-1.41,-0.088,-0.076,-0.111,-0.166,57.13,47.23
"2024-09-25 09:00:00",5687,12.06,502,0,-0.074,-1.76,-1.61,-0.094,-0.087,-0.114,-0.179,57.28,47.23
"2024-09-25 09:30:00",5688,12.06,502,0,-0.058,-1.44,-1.21,-0.078,-0.065,-0.101,-0.162,57.42,48.62
"2024-09-25 10:00:00",5689,12.06,502,0,0.011,-0.02,0.65,-0.003,0.034,-0.032,-0.079,58.97,48.66
"2024-09-25 10:30:00",5690,12.06,502,0,0.076,1.3,2.32,0.069,0.123,0.032,-0.015,59.46,49.82
"2024-09-25 11:00:00",5691,12.05,502,0,0.122,2.22,3.5,0.118,0.185,0.075,0.033,59.4,51.01
"2024-09-25 11:30:00",5692,12.05,502,0,0.116,2.15,3.3,0.115,0.175,0.069,0.021,58.56,50.17
"2024-09-25 12:00:00",5693,12.05,502,0,0.206,4.02,5.58,0.213,0.297,0.161,0.113,58.63,51.49
"2024-09-25 12:30:00",5694,12.05,502,0,0.219,4.25,5.93,0.226,0.315,0.169,0.117,58.59,52.01
"2024-09-25 13:00:00",5695,12.05,502,0,0.119,2.25,3.33,0.12,0.177,0.073,0.018,58.49,50.11
"2024-09-25 13:30:00",5696,12.05,502,0,0.09,1.6,2.62,0.085,0.139,0.044,-0.009,58.57,49.09
"2024-09-25 14:00:00",5697,12.04,502,0,0.115,2.15,3.23,0.114,0.172,0.072,0.021,60.1,50.88
"2024-09-25 14:30:00",5698,12.04,502,0,0.187,3.57,5.17,0.189,0.275,0.141,0.105,58.72,50.08
"2024-09-25 15:00:00",5699,12.04,502,0,0.211,4.1,5.73,0.218,0.305,0.16,0.111,59.33,53.01
"2024-09-25 15:30:00",5700,12.04,502,0,0.199,3.87,5.4,0.206,0.287,0.153,0.102,59.61,51.07
"2024-09-25 16:00:00",5701,12.04,502,0,0.219,4.23,5.98,0.225,0.318,0.171,0.129,58.07,51.91
"2024-09-25 16:30:00",5702,12.03,502,0,0.191,3.75,5.15,0.199,0.274,0.143,0.093,59.82,50.86
"2024-09-25 17:00:00",5703,12.03,502,0,0.116,2.15,3.28,0.114,0.174,0.071,0.021,58.02,50.87
"2024-09-25 17:30:00",5704,12.03,502,0,0.066,1.1,2.03,0.058,0.108,0.021,-0.031,59.04,49.25
"2024-09-25 18:00:00",5705,12.03,502,0,0.043,0.63,1.45,0.034,0.077,-0.003,-0.055,57.67,49.43
"2024-09-25 18:30:00",5706,12.02,502,0,0.002,-0.21,0.4,-0.012,0.021,-0.041,-0.093,57.66,47.36
"2024-09-25 19:00:00",5707,12.02,502,0,-0.025,-0.79,-0.31,-0.043,-0.018,-0.068,-0.121,57.78,47.99
"2024-09-25 19:30:00",5708,12.02,502,0,-0.042,-1.14,-0.76,-0.062,-0.042,-0.089,-0.139,56.62,48.23
"2024-09-25 20:00:00",5709,12.02,502,0,-0.053,-1.42,-0.96,-0.077,-0.053,-0.101,-0.149,56.97,46.93
"2024-09-25 20:30:00",5710,12.01,502,0,-0.064,-1.61,-1.29,-0.086,-0.07,-0.107,-0.162,57.46,47.16
"2024-09-25 21:00:00",5711,12.01,502,0,-0.07,-1.72,-1.42,-0.093,-0.077,-0.113,-0.171,56.39,47.84
"2024-09-25 21:30:00",5712,12.01,502,0,-0.072,-1.77,-1.49,-0.096,-0.081,-0.116,-0.171,56.86,47.07
"2024-09-25 22:00:00",5713,12.01,502,0,-0.074,-1.77,-1.57,-0.096,-0.085,-0.119,-0.178,56.76,47.53
"2024-09-25 22:30:00",5714,12.01,502,0,-0.077,-1.84,-1.64,-0.099,-0.088,-0.12,-0.172,56.08,47.53
"2024-09-25 23:00:00",5715,12,502,0,-0.077,-1.84,-1.64,-0.099,-0.088,-0.122,-0.178,56.47,48.08
"2024-09-25 23:30:00",5716,12,502,0,-0.077,-1.84,-1.64,-0.099,-0.088,-0.122,-0.178,56.01,47.62
"2024-09-26 00:00:00",5717,12,502,0,-0.079,-1.89,-1.71,-0.102,-0.092,-0.122,-0.178,57.2,47.99
"2024-09-26 00:30:00",5718,12,502,0,-0.078,-1.84,-1.71,-0.099,-0.092,-0.119,-0.178,56.73,47.36
"2024-09-26 01:00:00",5719,11.99,502,0,-0.08,-1.91,-1.71,-0.102,-0.092,-0.122,-0.175,56.74,46.69
"2024-09-26 01:30:00",5720,11.99,502,0,-0.075,-1.79,-1.64,-0.096,-0.088,-0.12,-0.178,57.42,47.53
"2024-09-26 02:00:00",5721,11.99,502,0,-0.075,-1.79,-1.64,-0.096,-0.088,-0.117,-0.175,56.69,46.91
"2024-09-26 02:30:00",5722,11.99,502,0,-0.078,-1.86,-1.71,-0.1,-0.092,-0.12,-0.179,56.25,47.45
"2024-09-26 03:00:00",5723,11.98,502,0,-0.078,-1.86,-1.71,-0.1,-0.092,-0.123,-0.179,56.88,47.82
"2024-09-26 03:30:00",5724,11.98,502,0,-0.082,-1.91,-1.84,-0.103,-0.099,-0.126,-0.182,55.94,47.3
"2024-09-26 04:00:00",5725,11.98,502,0,-0.088,-2.04,-1.97,-0.11,-0.107,-0.126,-0.192,57.08,47.03
"2024-09-26 04:30:00",5726,11.98,502,0,-0.091,-2.11,-2.06,-0.113,-0.11,-0.129,-0.192,56.61,47.66
"2024-09-26 05:00:00",5727,11.97,502,0,-0.095,-2.16,-2.19,-0.116,-0.117,-0.135,-0.198,55.92,47.38
"2024-09-26 05:30:00",5728,11.97,502,0,-0.097,-2.21,-2.24,-0.119,-0.121,-0.138,-0.198,56.17,47.37
"2024-09-26 06:00:00",5729,11.97,502,0,-0.095,-2.21,-2.11,-0.118,-0.114,-0.141,-0.196,55.9,47.66
"2024-09-26 06:30:00",5730,11.97,502,0,-0.095,-2.21,-2.11,-0.119,-0.114,-0.138,-0.196,56.42,46.79
"2024-09-26 07:00:00",5731,11.97,502,0,-0.095,-2.19,-2.17,-0.118,-0.117,-0.14,-0.198,56.13,47.49
"2024-09-26 07:30:00",5732,11.96,502,0,-0.09,-2.07,-2.04,-0.111,-0.11,-0.128,-0.189,57.1,46.9
"2024-09-26 08:00:00",5733,11.96,502,0,-0.071,-1.66,-1.57,-0.09,-0.085,-0.11,-0.17,57.55,46.68
"2024-09-26 08:30:00",5734,11.96,502,0,-0.037,-1.02,-0.64,-0.056,-0.035,-0.08,-0.131,58.76,47.33
"2024-09-26 09:00:00",5735,11.96,502,0,0.033,0.47,1.12,0.024,0.059,-0.009,-0.065,59.18,50.54
"2024-09-26 09:30:00",5736,11.96,502,0,0.151,2.8,4.28,0.149,0.227,0.105,0.058,60.53,50.65
"2024-09-26 10:00:00",5737,11.96,502,0,0.393,7.73,10.56,0.41,0.561,0.341,0.312,59.28,51.72
"2024-09-26 10:30:00",5738,11.96,502,0,0.525,10.56,13.76,0.561,0.731,0.473,0.436,58.58,50.36
"2024-09-26 11:00:00",5739,11.96,502,0,0.513,10.38,13.38,0.551,0.711,0.458,0.413,58.18,51.45
"2024-09-26 11:30:00",5740,11.96,502,0,0.559,11.25,14.65,0.598,0.778,0.504,0.463,57.97,50.83
"2024-09-26 12:00:00",5741,11.96,502,0,0.734,14.51,19.56,0.771,1.039,0.671,0.657,54.29,47.57
"2024-09-26 12:30:00",5742,11.96,502,0,0.707,14.01,18.81,0.744,0.999,0.639,0.616,54.11,48.63
"2024-09-26 13:00:00",5743,11.96,502,0,0.714,14.28,18.81,0.759,0.999,0.649,0.623,54.47,48.58
"2024-09-26 13:30:00",5744,11.95,502,0,0.673,13.48,17.71,0.716,0.94,0.603,0.571,56.05,49.33
"2024-09-26 14:00:00",5745,11.95,502,0,0.594,11.91,15.63,0.633,0.83,0.531,0.492,56.39,49.25
"2024-09-26 14:30:00",5746,11.95,502,0,0.571,11.41,15.06,0.607,0.8,0.509,0.476,57.03,50.72
"2024-09-26 15:00:00",5747,11.95,502,0,0.52,10.36,13.78,0.551,0.732,0.457,0.428,57.49,49.68
"2024-09-26 15:30:00",5748,11.95,502,0,0.44,8.75,11.7,0.465,0.621,0.379,0.34,58.06,51.08
"2024-09-26 16:00:00",5749,11.94,502,0,0.358,7.02,9.61,0.372,0.511,0.299,0.263,58.7,51.56
"2024-09-26 16:30:00",5750,11.94,502,0,0.316,6.12,8.6,0.324,0.456,0.258,0.223,58.93,51.95
"2024-09-26 17:00:00",5751,11.94,502,0,0.305,5.88,8.31,0.313,0.442,0.249,0.216,59.63,51.67
"2024-09-26 17:30:00",5752,11.93,502,0,0.244,4.67,6.75,0.248,0.359,0.185,0.147,59,52.28
"2024-09-26 18:00:00",5753,11.93,502,0,0.135,2.37,4.02,0.126,0.214,0.078,0.046,57.87,49.65
"2024-09-26 18:30:00",5754,11.93,502,0,0.055,0.72,1.95,0.038,0.103,0,-0.038,56.89,49.18
"2024-09-26 19:00:00",5755,11.92,502,0,0,-0.46,0.6,-0.025,0.032,-0.055,-0.091,57.68,48.31
"2024-09-26 19:30:00",5756,11.92,502,0,-0.033,-1.11,-0.31,-0.06,-0.018,-0.085,-0.123,56.84,47.89
"2024-09-26 20:00:00",5757,11.92,502,0,-0.057,-1.64,-0.86,-0.089,-0.047,-0.107,-0.146,56.76,46.57
"2024-09-26 20:30:00",5758,11.92,502,0,-0.069,-1.87,-1.19,-0.101,-0.065,-0.121,-0.159,56.69,48.31
"2024-09-26 21:00:00",5759,11.91,502,0,-0.077,-2.01,-1.46,-0.108,-0.079,-0.128,-0.168,56.23,46.04
"2024-09-26 21:30:00",5760,11.91,502,0,-0.084,-2.17,-1.59,-0.117,-0.086,-0.13,-0.175,55.81,47.27
"2024-09-26 22:00:00",5761,11.9,502,0,-0.086,-2.17,-1.67,-0.117,-0.09,-0.136,-0.178,56.63,47.83
"2024-09-26 22:30:00",5762,11.9,502,0,-0.09,-2.24,-1.81,-0.12,-0.097,-0.134,-0.178,54.45,46.23
"2024-09-26 23:00:00",5763,11.9,502,0,-0.092,-2.24,-1.94,-0.12,-0.104,-0.137,-0.185,55.85,46.23
"2024-09-26 23:30:00",5764,11.9,502,0,-0.093,-2.31,-1.87,-0.124,-0.101,-0.14,-0.185,55.64,46.84
"2024-09-27 00:00:00",5765,11.89,502,0,-0.095,-2.29,-2.01,-0.123,-0.108,-0.14,-0.188,57.27,47.64
"2024-09-27 00:30:00",5766,11.89,502,0,-0.095,-2.31,-2.01,-0.124,-0.108,-0.14,-0.189,56.15,46.78
"2024-09-27 01:00:00",5767,11.88,502,0,-0.095,-2.31,-2.01,-0.124,-0.108,-0.14,-0.189,56.8,46.35
"2024-09-27 01:30:00",5768,11.88,502,0,-0.095,-2.24,-2.07,-0.121,-0.112,-0.14,-0.192,56.03,47.23
"2024-09-27 02:00:00",5769,11.88,502,0,-0.096,-2.31,-2.07,-0.124,-0.112,-0.14,-0.192,55.34,46.39
"2024-09-27 02:30:00",5770,11.88,502,0,-0.096,-2.24,-2.16,-0.121,-0.116,-0.14,-0.195,54.77,45.56
"2024-09-27 03:00:00",5771,11.87,502,0,-0.098,-2.37,-2.09,-0.128,-0.112,-0.144,-0.192,55.42,46.88
"2024-09-27 03:30:00",5772,11.87,502,0,-0.094,-2.26,-2.02,-0.121,-0.109,-0.138,-0.189,56.15,46.26
"2024-09-27 04:00:00",5773,11.87,502,0,-0.097,-2.32,-2.09,-0.125,-0.113,-0.141,-0.193,55.06,47.09
"2024-09-27 04:30:00",5774,11.87,502,0,-0.096,-2.26,-2.11,-0.122,-0.113,-0.141,-0.19,56.98,47.35
"2024-09-27 05:00:00",5775,11.86,502,0,-0.099,-2.32,-2.17,-0.125,-0.117,-0.144,-0.196,55.98,46.36
"2024-09-27 05:30:00",5776,11.86,502,0,-0.099,-2.32,-2.17,-0.125,-0.117,-0.141,-0.196,56.39,47.59
"2024-09-27 06:00:00",5777,11.86,502,0,-0.1,-2.32,-2.24,-0.125,-0.12,-0.144,-0.2,55.98,45.79
"2024-09-27 06:30:00",5778,11.85,502,0,-0.1,-2.32,-2.24,-0.125,-0.12,-0.141,-0.2,55.84,45.8
"2024-09-27 07:00:00",5779,11.85,502,0,-0.103,-2.37,-2.31,-0.128,-0.124,-0.147,-0.203,56.34,47.13
"2024-09-27 07:30:00",5780,11.85,502,0,-0.103,-2.32,-2.37,-0.125,-0.127,-0.144,-0.203,55.7,46.48
"2024-09-27 08:00:00",5781,11.85,502,0,-0.105,-2.37,-2.44,-0.127,-0.131,-0.144,-0.207,56.15,47.61
"2024-09-27 08:30:00",5782,11.84,502,0,-0.094,-2.24,-2.01,-0.121,-0.108,-0.138,-0.189,57.34,47.3
"2024-09-27 09:00:00",5783,11.84,502,0,-0.08,-1.94,-1.67,-0.105,-0.09,-0.122,-0.176,57.05,47.17
"2024-09-27 09:30:00",5784,11.84,502,0,-0.088,-2.09,-1.89,-0.112,-0.102,-0.132,-0.184,55.82,46.35
"2024-09-27 10:00:00",5785,11.84,502,0,-0.096,-2.29,-2.09,-0.123,-0.112,-0.143,-0.193,55.55,45.93
"2024-09-27 10:30:00",5786,11.84,502,0,-0.087,-2.14,-1.81,-0.115,-0.098,-0.135,-0.18,57.54,48.07
"2024-09-27 11:00:00",5787,11.83,502,0,-0.105,-2.44,-2.37,-0.131,-0.128,-0.148,-0.204,55.98,46.77
"2024-09-27 11:30:00",5788,11.83,502,0,-0.096,-2.29,-2.07,-0.123,-0.112,-0.137,-0.193,56.37,46.49
"2024-09-27 12:00:00",5789,11.83,502,0,-0.024,-0.79,-0.24,-0.043,-0.014,-0.069,-0.118,58.89,48.6
"2024-09-27 12:30:00",5790,11.83,502,0,0.015,0,0.82,0,0.043,-0.028,-0.07,58.14,48.67
"2024-09-27 13:00:00",5791,11.83,502,0,0.005,-0.16,0.48,-0.01,0.025,-0.043,-0.093,57.23,48.02
"2024-09-27 13:30:00",5792,11.82,502,0,-0.065,-1.66,-1.29,-0.089,-0.07,-0.11,-0.163,56.12,47.17
"2024-09-27 14:00:00",5793,11.82,502,0,-0.082,-1.94,-1.79,-0.105,-0.096,-0.125,-0.179,55.84,47.04
